{"type":"FeatureCollection","features":[{"type":"Feature","properties":{"iso_a2":"id","iso_a3":"IDN","admin":"Indonesia","name":"Indonesia"},"geometry":{"type":"MultiPolygon","coordinates":[[[[124.45053,-9.18019],[125.13942,-9.02477],[124.97071,-9.66237],[124.41847,-10.16383],[123.47202,-10.36492],[123.68881,-9.61142],[124.45053,-9.18019]]],[[[117.56715,4.15965],[117.82618,3.7036],[117.03053,3.59439],[117.44654,3.43476],[117.27003,3.23432],[118.0822,2.33747],[117.75001,2.03144],[119.01173,0.97626],[118.38396,0.80492],[117.89389,1.11347],[118.03297,0.80024],[117.46998,0.10879],[117.62713,-0.77093],[116.95769,-1.23992],[116.74318,-1.02483],[116.22242,-1.78965],[116.60328,-2.22422],[115.96795,-3.60882],[114.66432,-4.18418],[114.36476,-3.21152],[113.6325,-3.4568],[113.03517,-2.92295],[112.63803,-3.41676],[111.90528,-3.57203],[111.75408,-2.73854],[111.56984,-3.01572],[110.26319,-3.00286],[110.06137,-1.34637],[109.76352,-0.87086],[109.2732,-0.85361],[109.50652,-0.7164],[109.04624,-0.24586],[109.30047,0.01048],[108.92091,0.34028],[109.34099,1.93553],[109.64527,2.08324],[109.65804,1.59719],[110.5539,0.85137],[111.82308,1.00847],[112.47048,1.56766],[113.62483,1.22757],[114.5456,1.43495],[115.84412,4.38922],[117.56715,4.15965]]],[[[140.97446,-2.60052],[140.97698,-9.10613],[139.98813,-8.19248],[140.1517,-7.8847],[139.39519,-8.20094],[139.21713,-7.95135],[138.9144,-8.29209],[139.09303,-7.55999],[138.66749,-7.19785],[139.24,-7.15106],[138.56153,-6.91863],[139.19223,-6.97291],[138.68344,-6.71453],[138.06137,-5.40374],[135.18556,-4.44891],[134.6482,-4.11875],[134.96778,-3.93678],[133.97104,-3.85027],[133.64145,-3.48366],[133.86052,-2.92295],[133.45338,-3.86541],[132.90773,-4.08815],[132.8117,-3.28167],[131.95802,-2.78818],[132.72828,-2.81317],[133.23959,-2.41676],[133.68238,-2.71746],[133.94044,-2.1076],[132.30568,-2.26556],[131.98219,-1.53875],[130.94825,-1.4122],[131.24301,-0.81943],[132.39666,-0.35345],[133.97722,-0.72324],[134.28199,-1.35019],[134.19337,-2.37908],[135.34083,-3.38974],[136.38087,-2.23406],[137.17848,-2.10613],[137.12355,-1.79746],[137.83912,-1.47112],[140.97446,-2.60052]]],[[[109.90602,-7.83766],[107.86453,-7.74513],[106.39776,-7.37847],[106.5108,-6.9638],[105.21681,-6.77207],[105.78223,-6.51211],[106.05275,-5.88104],[108.36027,-6.2464],[108.94484,-6.84938],[110.38103,-6.97568],[111.01075,-6.42099],[111.14438,-6.69183],[112.58277,-6.87054],[113.13266,-7.7278],[114.38893,-7.75807],[114.62477,-8.74066],[109.90602,-7.83766]]],[[[119.84653,-0.87461],[119.63445,0.01048],[120.83351,1.32567],[123.92921,0.83153],[125.1753,1.67817],[124.32179,0.39887],[120.5027,0.52888],[120.13331,0.19123],[120.07309,-0.61395],[120.67595,-1.39471],[121.10548,-1.40586],[121.62013,-0.80039],[123.45436,-0.75823],[123.31121,-1.05145],[122.83871,-0.89918],[121.69215,-1.90814],[121.29607,-1.81666],[122.47291,-3.15114],[122.19793,-3.57171],[122.87281,-4.09319],[122.84205,-4.43808],[121.70436,-4.83522],[121.6277,-4.08709],[120.87452,-3.49896],[121.04819,-2.69899],[120.20346,-2.9577],[120.45834,-5.62607],[119.43328,-5.58782],[119.64698,-3.97796],[119.49399,-3.48838],[118.93881,-3.57399],[118.76417,-3.09092],[119.34702,-1.9594],[119.32838,-1.21445],[119.72462,-0.63925],[119.84653,-0.87461]]],[[[100.94728,1.82538],[100.79998,2.20893],[101.0503,2.29149],[102.42506,0.80427],[102.95379,0.67585],[103.07472,0.44233],[102.54575,0.16914],[103.36215,0.53628],[103.74342,0.27733],[103.80177,-0.00726],[103.27052,-0.25758],[103.5984,-0.43678],[103.34555,-0.6959],[104.37721,-1.03167],[104.49708,-1.93597],[104.88282,-2.12567],[104.5311,-2.77264],[104.88331,-2.28493],[105.62379,-2.40179],[106.02849,-2.98284],[105.72975,-5.89666],[105.27963,-5.44427],[105.16326,-5.78607],[104.55144,-5.50848],[104.56129,-5.92832],[102.31251,-3.99147],[100.92311,-2.33343],[99.74724,-0.02984],[99.13795,0.26309],[98.77394,1.7486],[97.74439,2.28107],[96.88356,3.68244],[95.42628,4.82734],[95.19728,5.54637],[95.43189,5.65469],[96.36215,5.22549],[97.52621,5.24226],[98.27556,4.42536],[98.17897,4.10822],[99.75074,3.18049],[100.94728,1.82538]]],[[[120.79249,-9.96087],[120.44996,-10.31032],[118.93539,-9.5534],[119.95875,-9.29046],[120.79249,-9.96087]]],[[[119.20362,-8.61094],[116.72845,-8.9631],[117.19508,-8.3576],[118.28175,-8.64153],[117.71225,-8.2409],[117.91782,-8.08587],[119.20362,-8.61094]]],[[[123.02638,-8.28875],[121.78045,-8.88795],[119.80568,-8.74066],[120.42205,-8.22731],[122.28842,-8.63388],[122.86256,-8.06976],[123.02638,-8.28875]]],[[[138.93898,-7.54209],[138.90414,-8.07586],[137.63819,-8.42588],[138.08863,-7.55983],[138.93898,-7.54209]]],[[[127.2409,-3.47096],[126.69657,-3.86379],[125.99174,-3.24819],[126.84002,-3.07366],[127.2409,-3.47096]]],[[[130.87322,-3.57399],[130.81788,-3.86883],[129.89047,-3.3331],[128.87745,-3.20257],[128.48414,-3.4625],[128.16578,-3.06699],[127.92604,-3.55348],[127.8423,-3.17327],[128.17547,-2.85703],[129.54103,-2.78004],[130.38933,-2.99383],[130.87322,-3.57399]]],[[[106.76905,-2.56032],[106.53224,-3.10564],[105.9865,-2.82122],[105.78045,-2.15081],[105.13592,-1.96551],[105.91375,-1.49424],[106.31886,-2.43133],[106.76905,-2.56032]]],[[[127.66603,-0.20924],[127.39861,1.20905],[128.04737,2.20384],[128.0149,1.30524],[127.62761,0.9374],[127.85174,0.81175],[128.71949,1.57062],[128.70118,1.07087],[128.21355,0.77391],[128.89959,0.20779],[127.91049,0.43769],[128.44068,-0.90879],[127.66603,-0.20924]]]]}},{"type":"Feature","properties":{"iso_a2":"my","iso_a3":"MYS","admin":"Malaysia","name":"Malaysia"},"geometry":{"type":"MultiPolygon","coordinates":[[[[102.07309,6.25751],[103.44801,4.80655],[103.44117,2.92211],[104.27735,1.36734],[103.96599,1.64785],[103.51637,1.27045],[101.86525,2.39452],[100.70948,3.88304],[100.16684,6.69512],[101.08166,6.24647],[101.12218,5.62989],[101.80048,5.73991],[102.07309,6.25751]]],[[[115.14617,4.90852],[115.55698,5.06721],[115.39259,5.41327],[115.84864,5.56],[116.77735,7.02676],[116.78395,6.59162],[117.15024,7.00312],[117.72706,6.45116],[117.46876,5.86856],[118.01686,6.06098],[117.9603,5.68716],[118.36525,5.81379],[119.2671,5.20108],[118.21697,4.96581],[118.64576,4.43675],[118.00457,4.23163],[115.84412,4.38922],[114.5456,1.43495],[113.62483,1.22757],[112.47048,1.56766],[111.82308,1.00847],[110.5539,0.85137],[109.65804,1.59719],[109.64527,2.08324],[109.92775,1.69229],[111.38356,1.35366],[111.00563,1.58446],[111.26743,1.62735],[111.45786,2.70563],[113.00782,3.16169],[113.97584,4.59471],[114.62776,4.01668],[115.0158,4.91641],[115.34627,4.31377],[115.14617,4.90852]]]]}},{"type":"Feature","properties":{"iso_a2":"cl","iso_a3":"CHL","admin":"Chile","name":"Chile"},"geometry":{"type":"MultiPolygon","coordinates":[[[[-69.51009,-17.50659],[-69.08172,-18.03998],[-68.98961,-18.94649],[-68.44763,-19.43463],[-68.76541,-20.42123],[-68.20754,-21.28433],[-67.88709,-22.81871],[-67.01397,-23.00071],[-67.36237,-24.03037],[-68.57237,-24.76986],[-68.33048,-27.04496],[-68.81432,-27.12031],[-69.65303,-28.39785],[-70.04065,-29.29754],[-69.83576,-30.16188],[-70.56897,-31.30424],[-70.10946,-33.1696],[-69.78767,-33.37941],[-69.82889,-34.23331],[-70.57889,-35.25971],[-70.38694,-36.05873],[-71.19516,-36.83915],[-70.8343,-38.56442],[-71.3999,-38.91054],[-71.71435,-39.60135],[-71.95558,-40.72036],[-71.73626,-42.08389],[-72.03991,-42.14466],[-72.14843,-42.59264],[-72.12931,-43.04223],[-71.74298,-43.19013],[-71.8606,-44.37714],[-71.1224,-44.54942],[-71.29784,-44.79561],[-72.08875,-44.7828],[-71.31717,-45.26721],[-71.7651,-45.57241],[-71.68717,-46.69007],[-71.8807,-47.22192],[-72.36119,-47.45095],[-72.54391,-47.9148],[-72.29509,-48.33328],[-72.59233,-48.79113],[-73.58804,-49.54054],[-73.17772,-50.74946],[-72.30284,-50.6489],[-72.45007,-51.55267],[-71.96524,-51.97062],[-69.95275,-52.00742],[-68.44861,-52.34662],[-69.23471,-52.20314],[-69.67235,-52.53086],[-70.86376,-52.72137],[-70.97362,-53.75604],[-71.28502,-53.886],[-72.45328,-53.40732],[-71.85562,-53.22536],[-71.8142,-53.52068],[-71.16929,-52.81281],[-71.39879,-52.7282],[-72.02196,-53.12542],[-72.56314,-53.07887],[-72.1914,-53.1806],[-72.64513,-53.3178],[-72.36457,-53.53688],[-73.30305,-53.15342],[-72.71955,-53.29258],[-72.96036,-52.82496],[-71.57161,-52.56128],[-72.85802,-52.50221],[-72.97956,-53.05478],[-73.45287,-52.99668],[-73.20474,-52.8969],[-73.56371,-52.79705],[-72.88736,-52.51531],[-73.19498,-52.42986],[-73.26891,-52.6736],[-73.39362,-52.54412],[-73.69953,-52.71453],[-73.49486,-52.47552],[-73.73502,-52.02996],[-73.30305,-52.22177],[-72.99779,-52.06487],[-72.86644,-52.25677],[-72.80281,-51.93743],[-72.53588,-52.22177],[-72.93053,-52.44817],[-72.52221,-52.44834],[-72.46695,-51.78973],[-73.09097,-51.42083],[-72.56241,-51.77825],[-73.28002,-51.60621],[-72.99454,-51.78973],[-73.20743,-51.87908],[-72.91942,-51.85858],[-73.2237,-52.09148],[-73.38622,-51.65252],[-73.29284,-52.1657],[-73.56355,-52.03997],[-73.46068,-51.6867],[-73.7189,-51.77581],[-73.93432,-51.40602],[-73.61189,-51.62542],[-73.69408,-51.13925],[-74.12951,-51.18768],[-74.25642,-50.93939],[-73.80333,-50.96054],[-73.56371,-50.40496],[-74.04271,-50.82203],[-74.29735,-50.48065],[-73.87971,-50.54274],[-74.01623,-50.36395],[-74.69465,-50.18304],[-73.8579,-50.28948],[-74.36486,-49.99033],[-73.88589,-50.07659],[-74.32225,-49.6325],[-73.68786,-49.72031],[-74.12353,-49.42262],[-73.83288,-49.03216],[-74.21492,-49.52313],[-74.42276,-49.3847],[-74.44791,-48.80779],[-74.0572,-48.74033],[-74.39977,-48.61053],[-73.89269,-48.41131],[-74.62541,-48.00423],[-74.20564,-48.23105],[-74.30997,-47.99041],[-73.76985,-48.02777],[-73.55626,-48.24684],[-73.28181,-48.07928],[-73.65315,-47.89804],[-73.23534,-47.98675],[-73.72142,-47.52744],[-73.9237,-47.84271],[-74.73559,-47.71868],[-74.04353,-47.60947],[-74.52855,-47.43174],[-73.9735,-47.25498],[-74.12609,-46.82855],[-75.0065,-46.75351],[-74.93419,-46.4376],[-75.66104,-46.76718],[-75.42248,-46.71396],[-75.41055,-46.93157],[-75.70832,-46.65472],[-74.35961,-45.7903],[-73.97057,-46.08416],[-74.4899,-46.18939],[-73.84488,-46.34197],[-73.88183,-46.14178],[-73.98917,-46.55975],[-73.74185,-46.53379],[-73.34459,-46.02654],[-73.68786,-46.32203],[-73.66055,-45.97568],[-73.18578,-45.66253],[-73.59166,-45.78021],[-73.51085,-45.45175],[-72.83064,-45.41806],[-73.44807,-45.27947],[-73.39778,-44.98821],[-72.59797,-44.5053],[-73.29003,-44.15244],[-72.82461,-43.80787],[-73.08458,-43.31634],[-72.73449,-43.07968],[-72.84032,-42.52483],[-72.53942,-42.55828],[-72.84374,-42.27825],[-72.59455,-42.18206],[-72.41979,-42.43963],[-72.46434,-41.97617],[-72.88858,-41.91082],[-72.30309,-41.64821],[-72.30309,-41.38079],[-72.42618,-41.66399],[-72.95727,-41.48358],[-73.51505,-41.80364],[-73.94058,-41.04996],[-73.71117,-39.96868],[-73.37877,-39.90049],[-73.22448,-39.41725],[-73.68041,-37.34783],[-73.20906,-37.16025],[-71.62466,-33.54144],[-71.76187,-33.10198],[-71.40795,-32.38633],[-71.71345,-30.61492],[-71.28258,-29.88014],[-71.52196,-28.94012],[-70.62995,-26.34098],[-70.60012,-23.24422],[-70.0587,-21.43338],[-70.3947,-18.33775],[-69.97035,-18.25062],[-69.51009,-17.50659]]],[[[-68.642,-54.79917],[-69.06701,-54.94883],[-69.96955,-54.67685],[-69.99328,-54.83506],[-70.30944,-54.83856],[-70.24454,-54.68906],[-70.75878,-54.84059],[-70.49104,-54.61386],[-71.02758,-54.77703],[-71.23363,-54.53135],[-71.48786,-54.68743],[-72.00145,-54.57171],[-70.80065,-54.31585],[-70.76439,-54.59954],[-70.58519,-54.39056],[-70.13073,-54.54502],[-70.93269,-54.11354],[-70.13687,-54.42767],[-70.0345,-54.25693],[-69.77538,-54.55486],[-69.85912,-54.28037],[-69.50048,-54.34222],[-69.22785,-54.4638],[-69.37719,-54.68157],[-68.99494,-54.46844],[-70.01403,-54.11354],[-70.17821,-53.83343],[-69.35265,-53.35573],[-70.20271,-53.46868],[-70.47354,-53.30926],[-70.08918,-52.91106],[-70.41613,-52.75807],[-69.9114,-52.8479],[-69.41756,-52.45147],[-69.14025,-52.68377],[-68.62762,-52.63957],[-68.642,-54.79917]]],[[[-67.99926,-55.62754],[-68.61681,-55.40781],[-68.86535,-55.5053],[-68.80114,-55.18865],[-69.43863,-55.16188],[-69.16161,-55.51434],[-69.78808,-55.30592],[-69.50007,-55.17498],[-70.03108,-55.14764],[-68.44115,-54.93971],[-68.61608,-55.15228],[-69.057,-55.0608],[-68.20922,-55.26287],[-68.74596,-55.27117],[-67.99926,-55.62754]]],[[[-67.88317,-55.24383],[-68.34529,-54.92107],[-67.06188,-55.07203],[-67.27062,-55.3069],[-67.88317,-55.24383]]],[[[-72.52965,-54.07537],[-73.00886,-54.09246],[-72.80167,-53.81748],[-73.09826,-54.03786],[-73.33776,-53.95525],[-73.24535,-53.71575],[-73.59166,-53.75604],[-73.58471,-53.58278],[-72.94738,-53.64674],[-73.42101,-53.46689],[-73.07714,-53.53069],[-73.03771,-53.38551],[-72.88415,-53.68133],[-72.85847,-53.45273],[-72.23424,-53.72877],[-72.52965,-54.07537]]],[[[-75.19831,-49.77117],[-75.46198,-49.30657],[-75.16698,-49.50115],[-75.30606,-49.25457],[-74.89322,-49.36403],[-75.05797,-48.81666],[-74.54381,-48.70615],[-74.47423,-49.94451],[-74.91369,-49.92588],[-74.64623,-49.34979],[-74.9877,-49.47926],[-75.00992,-49.89853],[-75.19831,-49.77117]]],[[[-74.33463,-43.28167],[-74.06404,-41.80592],[-73.57799,-41.79852],[-73.37877,-42.27825],[-73.82445,-42.51442],[-73.50231,-43.12803],[-73.77575,-43.1181],[-73.84749,-43.42348],[-74.33463,-43.28167]]]]}},{"type":"Feature","properties":{"iso_a2":"bo","iso_a3":"BOL","admin":"Bolivia","name":"Bolivia"},"geometry":{"type":"Polygon","coordinates":[[[-69.51009,-17.50659],[-69.6228,-17.18557],[-68.83349,-16.32898],[-69.43002,-15.62628],[-68.68425,-12.50249],[-69.57764,-10.9523],[-68.61573,-11.1125],[-66.64262,-9.90792],[-65.41624,-9.68013],[-65.38727,-11.27755],[-65.00944,-11.98428],[-64.28754,-12.49712],[-63.07503,-12.65266],[-61.83635,-13.54062],[-61.04722,-13.46455],[-60.47263,-13.79787],[-60.2698,-15.08337],[-60.58224,-15.09887],[-60.16069,-16.26479],[-58.34974,-16.2804],[-58.39914,-17.23745],[-57.80073,-17.53345],[-57.4668,-18.23956],[-58.12464,-19.72991],[-57.85975,-19.98012],[-58.1588,-20.16512],[-58.17528,-19.82137],[-59.08954,-19.28673],[-61.7532,-19.64588],[-62.65036,-22.23446],[-63.93317,-22.00181],[-64.32529,-22.87194],[-64.59621,-22.20655],[-66.22246,-21.78694],[-67.1939,-22.82222],[-67.77144,-22.88868],[-68.76541,-20.42123],[-68.44763,-19.43463],[-68.98961,-18.94649],[-69.08172,-18.03998],[-69.51009,-17.50659]]]}},{"type":"Feature","properties":{"iso_a2":"pe","iso_a3":"PER","admin":"Peru","name":"Peru"},"geometry":{"type":"MultiPolygon","coordinates":[[[[-69.51009,-17.50659],[-69.97035,-18.25062],[-70.3947,-18.33775],[-71.38443,-17.69785],[-71.51452,-17.2846],[-75.04869,-15.46071],[-75.91588,-14.66383],[-76.39396,-13.90802],[-76.2211,-13.35756],[-77.64726,-11.29232],[-78.98574,-8.21742],[-80.00455,-6.7409],[-81.15142,-5.97587],[-80.85621,-5.65046],[-81.32893,-4.47666],[-80.80761,-3.73944],[-80.27975,-3.41555],[-80.48353,-4.43399],[-79.65798,-4.43875],[-79.06393,-5.01137],[-78.35079,-3.38961],[-76.62527,-2.53767],[-75.57303,-1.53732],[-75.2275,-0.96309],[-75.6376,-0.11147],[-74.82465,-0.17048],[-72.93541,-2.42533],[-70.99272,-2.19744],[-70.05045,-2.7143],[-70.73413,-3.78204],[-69.98939,-4.31462],[-70.64677,-4.11566],[-72.91795,-5.13209],[-73.1478,-6.47619],[-74.01847,-7.54352],[-72.97608,-8.98539],[-73.21498,-9.40904],[-72.31266,-9.53254],[-72.19567,-10.00559],[-71.2997,-9.99339],[-70.52499,-9.43095],[-70.64134,-11.0108],[-69.57764,-10.9523],[-68.68425,-12.50249],[-69.43002,-15.62628],[-68.83349,-16.32898],[-69.6228,-17.18557],[-69.51009,-17.50659]]]]}},{"type":"Feature","properties":{"iso_a2":"ar","iso_a3":"ARG","admin":"Argentina","name":"Argentina"},"geometry":{"type":"MultiPolygon","coordinates":[[[[-67.1939,-22.82222],[-66.22246,-21.78694],[-64.59621,-22.20655],[-64.32529,-22.87194],[-63.94759,-22.0076],[-62.80435,-22.00408],[-61.00635,-23.80547],[-57.75407,-25.18089],[-57.57532,-25.56443],[-58.6042,-27.31626],[-55.75473,-27.4437],[-54.79306,-26.64499],[-54.6002,-25.57495],[-53.90996,-25.62924],[-53.66155,-26.25979],[-53.83002,-27.15679],[-55.77253,-28.23197],[-57.88977,-30.5508],[-58.57042,-34.28818],[-57.24877,-35.24879],[-57.36644,-35.98789],[-56.67227,-36.60052],[-57.55842,-38.12086],[-59.79686,-38.83847],[-61.51806,-39.01149],[-62.35847,-38.78729],[-62.0231,-39.37705],[-62.28393,-39.31072],[-62.05061,-39.4747],[-62.49006,-40.30788],[-62.18155,-40.62664],[-62.3378,-40.87274],[-63.62182,-41.1609],[-64.79621,-40.72332],[-65.1317,-40.84238],[-65.00499,-42.09319],[-64.44506,-42.44671],[-63.76865,-42.07772],[-63.62027,-42.75124],[-64.1079,-42.88372],[-64.43773,-42.50693],[-64.94603,-42.65423],[-64.30211,-42.98089],[-65.3308,-43.66334],[-65.21689,-44.36641],[-65.7271,-44.8096],[-65.5214,-44.9319],[-66.92927,-45.25653],[-67.57848,-45.99285],[-67.42322,-46.56742],[-66.78645,-47.00661],[-65.7449,-47.20416],[-65.84563,-47.74221],[-66.38915,-47.86386],[-65.90182,-47.76995],[-65.76195,-47.94855],[-67.55655,-49.01582],[-67.89493,-49.99687],[-68.34187,-50.11761],[-68.73973,-49.72772],[-68.57727,-49.92762],[-69.0135,-50.00775],[-68.34987,-50.14881],[-68.87643,-50.33057],[-69.41071,-51.08392],[-69.16778,-50.97822],[-68.96255,-51.56015],[-69.61681,-51.62518],[-68.97351,-51.61995],[-68.43475,-52.39075],[-69.95275,-52.00742],[-71.96524,-51.97062],[-72.45007,-51.55267],[-72.30284,-50.6489],[-73.17772,-50.74946],[-73.57274,-49.93235],[-72.30233,-48.34754],[-72.54391,-47.9148],[-71.68717,-46.69007],[-71.7651,-45.57241],[-71.31717,-45.26721],[-72.08875,-44.7828],[-71.29784,-44.79561],[-71.1224,-44.54942],[-71.8606,-44.37714],[-71.74298,-43.19013],[-72.12931,-43.04223],[-72.14843,-42.59264],[-72.03991,-42.14466],[-71.73626,-42.08389],[-71.95558,-40.72036],[-71.71435,-39.60135],[-71.3999,-38.91054],[-70.8343,-38.56442],[-71.19516,-36.83915],[-70.38694,-36.05873],[-70.57889,-35.25971],[-69.82889,-34.23331],[-69.78767,-33.37941],[-70.10946,-33.1696],[-70.56897,-31.30424],[-69.83576,-30.16188],[-70.04065,-29.29754],[-69.65303,-28.39785],[-68.81432,-27.12031],[-68.33048,-27.04496],[-68.57237,-24.76986],[-67.33979,-24.0006],[-67.1939,-22.82222]]],[[[-68.64188,-54.78297],[-68.62762,-52.63957],[-68.22582,-53.10247],[-68.55075,-53.23854],[-68.1114,-53.3438],[-67.57152,-53.90797],[-66.48221,-54.4658],[-65.14192,-54.6469],[-65.35896,-54.92669],[-66.45067,-55.05202],[-68.64188,-54.78297]]]]}},{"type":"Feature","properties":{"iso_a2":"cy","iso_a3":"CYP","admin":"Cyprus","name":"Cyprus"},"geometry":{"type":"MultiPolygon","coordinates":[[[[33.70293,34.98794],[32.96251,34.62502],[32.459,34.72187],[32.27174,35.07282],[33.70293,34.98794]]]]}},{"type":"Feature","properties":{"iso_a2":"in","iso_a3":"IND","admin":"India","name":"India"},"geometry":{"type":"MultiPolygon","coordinates":[[[[77.80035,35.49541],[78.04426,35.49163],[78.29603,34.62466],[78.95118,34.34917],[78.80091,33.49424],[79.4561,33.2504],[79.61391,32.76503],[78.94343,32.34637],[78.73683,32.62984],[78.38481,32.54755],[78.74509,31.30812],[79.1314,31.43843],[79.40159,31.02364],[80.97602,30.25521],[80.36897,29.75793],[80.03639,28.83703],[81.85565,27.85094],[83.28244,27.33094],[84.11717,27.51328],[85.19493,26.75889],[87.31403,26.34377],[88.04432,26.40568],[88.09992,27.92832],[88.594,28.10661],[88.85507,27.85918],[88.73007,27.15095],[89.0965,26.82141],[92.03586,26.85485],[92.0236,27.44678],[91.65738,27.47915],[91.56435,27.85137],[92.57498,27.84781],[94.59994,29.31663],[95.36741,29.0365],[95.79594,29.35289],[96.34991,29.27424],[96.19532,28.94111],[96.59801,28.70991],[96.30185,28.42071],[97.11555,28.36656],[97.36225,27.99488],[96.86213,27.5993],[97.11917,27.08729],[96.70524,27.36076],[96.14259,27.25751],[95.1228,26.61161],[95.15123,26.04994],[94.608,25.39463],[94.13186,23.85697],[93.30968,24.06398],[93.3749,23.12973],[92.87746,21.95701],[92.57588,21.97757],[92.25931,23.70649],[91.92269,23.72297],[91.58607,22.94447],[91.13628,23.62951],[92.48379,24.92822],[89.81904,25.28497],[89.65301,26.22269],[89.3353,25.99857],[88.37252,26.61161],[88.08757,25.83098],[88.98494,25.28497],[88.4413,25.18973],[88.02179,24.6456],[88.73751,24.2871],[88.54155,23.63876],[88.95997,23.20269],[89.08269,21.61734],[88.70753,21.57832],[88.66017,22.20502],[88.57228,21.55793],[88.49562,21.95181],[88.25441,21.55467],[87.90659,22.42475],[88.16432,22.08979],[86.91765,21.32738],[87.04322,20.69798],[86.42628,19.99917],[85.26808,19.78001],[85.12403,19.47834],[85.57651,19.69062],[84.11313,18.29829],[82.3117,17.04662],[82.30738,16.57978],[81.25961,16.33271],[81.01254,15.77782],[80.8965,16.03107],[80.80714,15.71638],[80.27963,15.70067],[80.04664,14.20661],[80.31373,13.4409],[80.05299,13.61909],[80.33277,13.19815],[79.67628,11.29645],[79.8567,10.29328],[79.28614,10.25283],[78.91326,9.47427],[79.45362,9.159],[78.41212,9.09984],[78.05592,8.36371],[77.51092,8.076],[76.54396,8.9125],[76.24025,10.23896],[74.82765,12.82465],[74.42775,14.47626],[73.44703,16.06891],[72.85532,18.68114],[73.05681,19.01533],[72.77036,18.94819],[72.78541,19.31391],[73.04965,19.21772],[72.64918,19.852],[72.94679,20.75947],[72.56463,21.38581],[73.13201,21.7578],[72.5503,21.66669],[72.73455,21.99404],[72.50172,21.97602],[72.91749,22.27143],[72.14877,22.2779],[72.10475,21.20506],[70.74025,20.71849],[68.94459,22.29507],[70.17848,22.56196],[70.50294,23.1044],[69.5857,22.76118],[68.42368,23.44579],[68.82162,23.8784],[68.1434,23.6127],[68.26393,23.93593],[68.72447,23.96518],[68.74731,24.33118],[69.97204,24.16522],[71.08277,24.41151],[70.65386,25.67445],[70.11498,25.88173],[70.15807,26.53011],[69.50416,26.73516],[69.53444,27.12558],[70.34194,28.01147],[70.83157,27.70146],[71.8744,27.95969],[74.65883,31.08379],[74.55041,31.827],[75.34861,32.24201],[74.00234,33.17769],[73.96616,33.73453],[74.27229,33.96214],[73.89371,34.05431],[73.91934,34.64254],[75.79582,34.50792],[77.80035,35.49541]]]]}},{"type":"Feature","properties":{"iso_a2":"cn","iso_a3":"CHN","admin":"China","name":"China"},"geometry":{"type":"MultiPolygon","coordinates":[[[[78.91769,33.38626],[78.72112,33.99439],[78.97619,34.30917],[78.29603,34.62466],[78.04426,35.49163],[76.16603,35.80624],[75.84977,36.64474],[74.38257,37.12657],[75.16413,37.40064],[74.83577,38.45517],[73.8164,38.58659],[73.63264,39.44834],[73.9767,40.0436],[74.83536,40.51164],[75.55986,40.63287],[75.68182,40.2917],[76.33015,40.34808],[76.86097,41.01321],[78.07495,41.03951],[78.65828,41.53245],[80.23121,42.03369],[80.14377,42.64476],[80.79345,43.14946],[80.3389,44.12149],[80.49228,44.72797],[79.8582,44.90372],[81.66523,45.34798],[82.53975,45.12366],[82.63199,45.41583],[82.29149,45.53319],[83.02148,47.2059],[84.73961,46.81477],[85.49864,47.05183],[85.71867,48.35883],[86.56508,48.52732],[86.85948,49.10532],[87.81632,49.16584],[87.98303,48.55233],[90.3448,47.65864],[91.0475,46.56641],[90.65114,45.49314],[90.87324,45.18618],[93.52528,44.95126],[94.69823,44.3435],[95.39772,44.2805],[95.31897,44.01711],[96.35777,42.7245],[101.52495,42.53746],[102.03416,42.18461],[103.69143,41.75923],[104.50078,41.8706],[104.50492,41.65655],[104.97383,41.58614],[106.76783,42.28662],[109.48513,42.4493],[110.40673,42.76861],[111.93335,43.69664],[111.39706,44.38737],[111.95826,45.08454],[113.60478,44.7397],[114.53371,45.3855],[115.66739,45.45428],[116.56832,46.29087],[117.33747,46.35728],[117.3938,46.57137],[119.87266,46.67322],[119.69996,47.15953],[118.4728,47.98945],[117.7669,47.99314],[117.36083,47.65087],[116.82205,47.8763],[115.91451,47.68391],[115.51422,48.13164],[116.68428,49.82326],[117.83687,49.50902],[119.31621,50.09265],[119.13756,50.39253],[120.77917,52.1176],[120.72398,52.54217],[120.07937,52.58997],[120.03296,52.76066],[120.87426,53.28016],[123.61429,53.56335],[124.87014,53.108],[125.62135,53.06214],[126.55597,52.13064],[127.59064,50.20872],[127.53865,49.78993],[129.4806,49.42127],[130.2018,48.8826],[130.67433,48.87082],[130.96568,47.70394],[132.52465,47.70753],[133.09196,48.10678],[134.38635,48.38134],[134.71873,48.26341],[134.77258,47.71073],[134.18357,47.3275],[133.90245,46.25899],[133.11542,45.12303],[131.85307,45.3376],[130.93343,44.84171],[131.28091,43.38022],[131.10304,42.91043],[130.40716,42.73538],[130.53077,42.53048],[129.87975,42.99603],[129.70333,42.44237],[128.94007,42.03537],[128.03459,41.99374],[128.14611,41.37634],[126.67948,41.73598],[126.00784,40.89931],[124.89551,40.48363],[124.11818,39.83316],[123.65675,39.9195],[122.64845,39.53242],[121.6963,38.86294],[121.17953,38.72093],[121.08619,38.90571],[121.94296,39.39936],[121.2234,39.52863],[122.30185,40.50235],[121.86793,40.99579],[120.98194,40.82681],[120.47202,40.2143],[119.53559,39.89083],[118.92604,39.1306],[117.71542,39.1114],[117.71608,38.37851],[118.95004,38.09726],[119.2596,37.71585],[118.96998,37.59345],[119.14552,37.17886],[119.7706,37.15184],[120.73805,37.83397],[121.57032,37.42866],[122.68824,37.40982],[122.50742,36.89802],[121.92628,36.9936],[120.75058,36.61685],[120.96363,36.54792],[120.69679,36.14399],[120.09718,36.22639],[120.29884,35.97313],[119.19288,35.00043],[119.19223,34.71821],[120.25709,34.31183],[120.83033,32.69766],[121.92206,31.75438],[120.63438,32.07701],[120.13136,31.94318],[119.61289,32.35456],[120.0064,31.95031],[120.75035,31.97834],[121.95082,30.98208],[120.14709,30.19889],[120.62161,30.37256],[120.79225,30.06607],[121.2541,30.34839],[122.12914,29.90378],[121.44337,29.52424],[121.9712,29.59333],[121.94296,29.19587],[121.40854,29.16112],[121.62143,28.73591],[121.14234,28.84585],[121.65634,28.3393],[121.3458,28.14517],[121.16896,28.38483],[120.96523,27.98714],[120.55958,28.11278],[120.86836,27.88256],[120.51783,27.20161],[120.19581,27.2978],[120.42172,27.14696],[120.03199,26.89989],[120.13437,26.64606],[119.55209,26.74909],[119.68189,26.31712],[119.94996,26.36494],[119.45851,25.98249],[119.09352,26.14582],[119.6954,26.00263],[119.44907,25.68716],[119.65455,25.35814],[119.30519,25.60456],[119.10255,25.42031],[119.34425,25.24238],[118.87558,25.24384],[119.01767,24.96027],[118.57203,24.8852],[118.62045,24.54548],[117.79127,24.46748],[118.12648,24.26203],[117.59167,23.73706],[117.4166,23.94685],[117.25709,23.61562],[116.5232,23.41852],[116.80482,23.23612],[116.49469,22.93935],[113.89035,22.45271],[113.52882,23.01081],[113.83009,23.1175],[113.41749,23.09699],[113.21298,22.90453],[113.59917,22.57518],[113.48374,22.15514],[113.16529,22.57559],[113.40197,22.17957],[112.91159,21.85629],[112.55087,21.77285],[112.39747,22.06851],[112.28623,21.70881],[111.89039,21.92512],[111.63046,21.52985],[110.43116,21.19147],[110.35849,21.43574],[110.15675,20.84886],[110.53419,20.47826],[110.28028,20.253],[109.91725,20.23933],[109.66123,20.92756],[109.94443,21.49311],[109.59449,21.74641],[109.13868,21.4016],[108.57333,21.95181],[108.47096,21.562],[107.34816,21.59935],[106.65311,21.96889],[106.78984,22.79719],[105.85388,22.90465],[105.31216,23.36581],[103.95952,22.5071],[103.64693,22.79905],[103.02904,22.43016],[102.46778,22.76859],[102.21803,22.41068],[101.68912,22.47889],[101.75599,21.14326],[101.24434,21.19287],[101.0828,21.76673],[100.1625,21.43637],[99.94241,22.04553],[99.14447,22.15353],[99.53804,22.92643],[98.85901,23.17939],[98.86573,24.14569],[97.51646,23.94283],[97.80099,25.23763],[98.69023,25.86555],[98.67928,27.57734],[98.2947,27.53662],[97.67045,28.51128],[97.3235,28.21748],[96.30185,28.42071],[96.59801,28.70991],[96.19532,28.94111],[96.34991,29.27424],[95.79594,29.35289],[95.36741,29.0365],[94.59994,29.31663],[92.68367,27.91045],[91.95225,27.72482],[89.91613,28.3156],[88.97193,27.31239],[88.61049,28.10583],[87.36912,27.80394],[86.15596,28.15653],[85.98026,27.88517],[85.69294,28.33522],[85.0874,28.30411],[85.16098,28.595],[84.45085,28.73388],[84.08973,29.25661],[83.52372,29.18359],[82.08877,30.33009],[81.38752,30.37391],[81.09777,30.01693],[79.1314,31.43843],[78.74509,31.30812],[78.38481,32.54755],[78.73683,32.62984],[78.94343,32.34637],[79.62067,32.72873],[79.4561,33.2504],[78.91769,33.38626]]],[[[111.01051,19.68378],[110.47918,19.16926],[110.53443,18.78563],[109.70875,18.20722],[108.68491,18.5152],[108.62696,19.27497],[109.25514,19.89834],[110.60581,19.92316],[110.67791,20.16356],[111.01051,19.68378]]]]}},{"type":"Feature","properties":{"iso_a2":"il","iso_a3":"ISR","admin":"Israel","name":"Israel"},"geometry":{"type":"Polygon","coordinates":[[[34.24835,31.21145],[35.09962,33.08759],[35.8211,33.40672],[35.56096,32.38472],[35.19075,32.54171],[34.96141,32.20158],[35.26281,31.74862],[34.87883,31.36284],[35.45854,31.49162],[34.95135,29.54564],[34.24835,31.21145]]]}},{"type":"Feature","properties":{"iso_a2":"ps","iso_a3":"PSX","admin":"Palestine","name":"Palestine"},"geometry":{"type":"MultiPolygon","coordinates":[[[[34.9867,31.96723],[35.06435,32.46314],[35.56096,32.38472],[35.45875,31.49157],[34.87883,31.36284],[35.26281,31.74862],[34.9867,31.96723]]]]}},{"type":"Feature","properties":{"iso_a2":"lb","iso_a3":"LBN","admin":"Lebanon","name":"Lebanon"},"geometry":{"type":"Polygon","coordinates":[[[35.10523,33.08902],[35.66521,34.31135],[35.9699,34.64985],[36.44018,34.62936],[36.36959,33.83701],[35.48014,33.08739],[35.10523,33.08902]]]}},{"type":"Feature","properties":{"iso_a2":"et","iso_a3":"ETH","admin":"Ethiopia","name":"Ethiopia"},"geometry":{"type":"Polygon","coordinates":[[[34.0707,9.45459],[34.27949,10.56551],[34.57477,10.88414],[34.83852,10.72914],[35.07272,11.81887],[35.68767,12.65923],[36.11504,12.70181],[36.52638,14.26352],[37.29377,14.45744],[37.55371,14.1055],[37.89146,14.87953],[38.42683,14.41718],[39.00974,14.65123],[40.8332,14.10596],[42.37946,12.46591],[41.79242,11.70445],[41.76131,10.9962],[42.92372,10.99879],[42.64725,10.63222],[42.83628,10.20809],[43.98479,9.00831],[46.97923,7.99657],[47.97917,7.99657],[44.94153,4.91148],[43.52848,4.84157],[41.83593,3.94945],[40.76374,4.28493],[39.50439,3.40333],[35.94047,4.50805],[35.80415,5.31802],[35.28749,5.37409],[34.70354,6.68492],[33.71606,7.65716],[33.01502,7.85063],[33.23516,8.45563],[34.09025,8.55651],[34.0707,9.45459]]]}},{"type":"Feature","properties":{"iso_a2":"ss","iso_a3":"SDS","admin":"South Sudan","name":"S. Sudan"},"geometry":{"type":"Polygon","coordinates":[[[35.92084,4.61933],[35.24573,4.98172],[33.49065,3.74975],[32.99724,3.88553],[32.16799,3.51224],[31.77788,3.81643],[30.55346,3.60451],[29.53502,4.6607],[28.35742,4.28287],[27.77244,4.59582],[27.1238,5.76874],[26.42483,6.07245],[26.37801,6.65329],[25.19043,7.5012],[25.21689,7.86407],[24.15287,8.31789],[24.17695,8.70986],[24.55838,8.88675],[25.07695,10.28687],[25.82848,10.41955],[26.62574,9.48066],[28.84384,9.32455],[30.01298,10.27049],[31.16438,9.764],[32.43071,11.08219],[32.08221,11.99981],[33.20922,12.21037],[33.14002,10.73904],[33.91698,10.17452],[34.11185,8.62655],[33.23516,8.45563],[32.9898,7.91724],[34.70354,6.68492],[35.28749,5.37409],[35.80415,5.31802],[35.92084,4.61933]]]}},{"type":"Feature","properties":{"iso_a2":"so","iso_a3":"SOM","admin":"Somalia","name":"Somalia"},"geometry":{"type":"Polygon","coordinates":[[[46.46696,6.53829],[48.93911,9.45123],[48.93911,11.24913],[50.64112,11.95441],[51.2927,11.83311],[51.0101,10.43403],[51.39751,10.39579],[50.92739,10.32784],[50.83033,9.41962],[48.64674,5.48005],[46.83424,3.23249],[43.78191,0.92162],[41.53509,-1.6963],[40.97975,-0.8708],[40.97975,2.8419],[42.06837,4.17455],[43.93228,4.9452],[44.94153,4.91148],[46.46696,6.53829]]]}},{"type":"Feature","properties":{"iso_a2":"ke","iso_a3":"KEN","admin":"Kenya","name":"Kenya"},"geometry":{"type":"MultiPolygon","coordinates":[[[[35.70585,4.61945],[37.01565,4.37059],[38.10189,3.61265],[39.50439,3.40333],[40.76374,4.28493],[41.163,3.94268],[41.88502,3.97723],[40.96538,2.81414],[40.97975,-0.8708],[41.53509,-1.6963],[40.23211,-2.66904],[39.39617,-4.629],[37.59908,-3.51343],[37.64487,-3.04596],[33.90421,-1.00257],[33.89357,0.10981],[35.00647,1.91686],[33.97708,4.21969],[35.4116,5.03038],[35.70585,4.61945]]]]}},{"type":"Feature","properties":{"iso_a2":"mw","iso_a3":"MWI","admin":"Malawi","name":"Malawi"},"geometry":{"type":"MultiPolygon","coordinates":[[[[34.96462,-11.57356],[34.61673,-11.57831],[34.35876,-12.1544],[34.54531,-13.32575],[35.9043,-14.88689],[35.78513,-16.04228],[35.13194,-16.53765],[35.23478,-17.13534],[34.23319,-15.88983],[34.5018,-14.5757],[33.64485,-14.60174],[32.66331,-13.59633],[33.02484,-12.61267],[33.52713,-12.35563],[33.25273,-12.13952],[33.23258,-10.88326],[33.6742,-10.57703],[32.93626,-9.39167],[34.31794,-9.7192],[34.96462,-11.57356]]]]}},{"type":"Feature","properties":{"iso_a2":"tz","iso_a3":"TZA","admin":"United Republic of Tanzania","name":"Tanzania"},"geometry":{"type":"MultiPolygon","coordinates":[[[[32.92086,-9.4079],[30.95954,-8.55048],[29.52551,-6.2731],[29.40418,-4.44981],[30.00301,-4.27193],[30.83221,-3.17278],[30.4158,-2.85166],[30.88781,-2.08251],[30.48101,-1.05911],[34.00002,-1.00257],[37.64487,-3.04596],[37.59908,-3.51343],[39.2151,-4.68865],[38.77906,-6.05486],[39.55372,-7.00075],[39.25261,-7.82334],[39.69077,-10.04339],[40.42701,-10.30006],[40.38919,-10.53527],[38.49226,-11.41346],[37.93808,-11.28396],[37.46968,-11.71949],[34.96462,-11.57356],[34.31794,-9.7192],[32.92086,-9.4079]]]]}},{"type":"Feature","properties":{"iso_a2":"sy","iso_a3":"SYR","admin":"Syria","name":"Syria"},"geometry":{"type":"Polygon","coordinates":[[[35.75759,32.74435],[35.94843,33.70921],[36.6041,34.1991],[36.44018,34.62936],[35.9699,34.64985],[35.7234,35.5821],[36.66425,36.229],[36.63986,36.82809],[37.44612,36.6342],[38.22426,36.90839],[39.2396,36.66128],[42.3467,37.23977],[41.27699,36.35479],[40.96528,34.40185],[36.81939,32.31679],[35.75759,32.74435]]]}},{"type":"Feature","properties":{"iso_a2":"fr","iso_a3":"FRA","admin":"France","name":"France"},"geometry":{"type":"MultiPolygon","coordinates":[[[[-54.11153,2.11427],[-54.61529,2.32627],[-54.00303,3.4554],[-54.48672,4.90296],[-53.93402,5.74477],[-52.89652,5.40567],[-52.02453,4.69355],[-52.0463,4.33356],[-51.8015,4.6127],[-51.64904,4.15233],[-52.6906,2.37298],[-54.11153,2.11427]]],[[[2.5218,51.08754],[2.78673,50.72337],[3.12924,50.77907],[3.69686,50.29822],[4.1976,50.25848],[4.13166,49.97499],[4.81555,50.16133],[4.84904,49.79417],[5.45613,49.49894],[6.40274,49.46546],[6.71378,49.15886],[8.20031,48.95856],[7.58567,48.12973],[7.58603,47.58462],[6.9733,47.48909],[5.95481,46.19992],[6.78706,46.41417],[7.02208,45.92526],[6.79595,45.71814],[7.15965,45.39847],[6.60273,45.10345],[7.00493,44.82796],[6.9734,44.24944],[7.65564,44.17606],[7.50229,43.79222],[6.15446,43.03375],[5.03402,43.33548],[5.02915,43.55858],[4.85578,43.34178],[4.69459,43.57909],[4.82028,43.34636],[3.95297,43.53994],[3.11402,43.10631],[3.18097,42.43148],[2.51481,42.32566],[0.72433,42.84529],[-0.56903,42.77264],[-1.74736,43.291],[-1.04475,44.66942],[-1.26037,44.62743],[-1.0996,45.55353],[-0.49376,44.99799],[-1.2473,45.70991],[-0.98717,45.71735],[-1.11075,46.30268],[-2.11876,46.81997],[-2.16055,47.27119],[-1.72704,47.21076],[-2.54198,47.30012],[-2.36392,47.50617],[-2.83019,47.50361],[-2.70653,47.64273],[-3.1317,47.47822],[-3.28262,47.78734],[-4.37182,47.8072],[-4.72814,48.0406],[-4.28539,48.11538],[-4.5467,48.34683],[-4.18749,48.30752],[-4.7849,48.43618],[-3.22973,48.87226],[-2.68236,48.50902],[-2.31607,48.69855],[-1.9803,48.51358],[-1.94563,48.69855],[-1.35656,48.64326],[-1.93521,49.72411],[-1.26305,49.6955],[-1.12287,49.34545],[0.41131,49.45205],[0.07862,49.51553],[0.18588,49.70319],[1.67254,50.19253],[1.58058,50.8688],[2.5218,51.08754]]],[[[8.56577,42.20856],[9.42237,43.0174],[9.55958,42.14655],[9.22315,41.3725],[8.79176,41.56123],[8.56577,42.20856]]]]}},{"type":"Feature","properties":{"iso_a2":"sr","iso_a3":"SUR","admin":"Suriname","name":"Suriname"},"geometry":{"type":"Polygon","coordinates":[[[-54.0808,3.30931],[-54.53158,2.34017],[-55.97102,2.53034],[-55.95382,1.85327],[-56.6778,2.01841],[-57.30841,3.39491],[-57.64994,3.38594],[-58.03214,3.98772],[-57.9185,4.82976],[-57.28045,5.0261],[-56.95654,6.01157],[-55.89769,5.6767],[-55.84438,5.97596],[-54.03673,5.84235],[-54.48672,4.90296],[-54.0808,3.30931]]]}},{"type":"Feature","properties":{"iso_a2":"gy","iso_a3":"GUY","admin":"Guyana","name":"Guyana"},"geometry":{"type":"MultiPolygon","coordinates":[[[[-56.48182,1.94161],[-57.31942,1.97714],[-58.834,1.18582],[-59.75875,1.86214],[-60.00008,2.69405],[-59.52765,3.93953],[-59.68674,4.38118],[-60.15999,4.52779],[-60.13173,5.2434],[-60.73985,5.20214],[-61.39671,5.94558],[-61.12983,6.71584],[-60.30357,7.05414],[-60.73058,7.52543],[-59.82929,8.2451],[-60.02098,8.55801],[-58.48973,7.37612],[-58.6796,6.37621],[-58.31216,6.89216],[-57.16731,6.08511],[-57.18981,5.16922],[-57.85034,4.9228],[-58.06769,4.15114],[-56.48182,1.94161]]]]}},{"type":"Feature","properties":{"iso_a2":"kr","iso_a3":"KOR","admin":"South Korea","name":"South Korea"},"geometry":{"type":"MultiPolygon","coordinates":[[[[128.36492,38.62434],[129.43019,37.07307],[129.4546,35.51325],[129.0004,35.04595],[128.60206,35.21394],[128.43531,34.84317],[127.71925,34.99006],[127.3436,34.44501],[127.24806,34.76655],[126.52125,34.29418],[126.29029,34.75023],[126.46461,34.58466],[126.66529,34.80809],[126.25424,35.12344],[126.83749,35.8933],[126.52142,35.97052],[126.8707,36.06196],[126.49342,36.13081],[126.47958,36.74714],[126.12818,36.7613],[126.50074,37.055],[126.85084,36.75397],[127.042,36.9936],[126.68564,37.13011],[126.53492,37.76821],[126.75522,37.63789],[126.66579,37.93763],[127.09046,38.28585],[128.03986,38.30428],[128.36492,38.62434]]]]}},{"type":"Feature","properties":{"iso_a2":"kp","iso_a3":"PRK","admin":"North Korea","name":"North Korea"},"geometry":{"type":"MultiPolygon","coordinates":[[[[128.36492,38.62434],[128.03986,38.30428],[127.09046,38.28585],[126.59327,37.7744],[125.59693,38.03221],[125.3475,37.6756],[125.5101,37.89427],[124.9795,37.92524],[125.2649,38.07795],[124.66725,38.12572],[125.12338,38.66633],[125.65781,38.63101],[125.13722,38.80353],[125.45175,39.57127],[124.7461,39.78294],[124.63745,39.59048],[124.36996,40.09829],[126.00784,40.89931],[126.67948,41.73598],[128.14611,41.37634],[128.03459,41.99374],[128.94007,42.03537],[130.12149,42.98185],[130.69996,42.29511],[130.40745,42.32458],[129.69082,41.64972],[129.71656,40.83459],[127.50375,39.71552],[127.3934,39.20173],[128.36492,38.62434]]]]}},{"type":"Feature","properties":{"iso_a2":"ma","iso_a3":"MAR","admin":"Morocco","name":"Morocco"},"geometry":{"type":"Polygon","coordinates":[[[-8.81704,27.66146],[-8.7939,27.12018],[-11.39157,26.88291],[-12.43014,24.83017],[-13.89013,23.69049],[-14.74997,21.50008],[-17.01374,21.41997],[-15.93961,23.77481],[-14.89562,24.70572],[-14.41015,26.26008],[-13.56111,26.74909],[-12.95238,27.92862],[-11.48559,28.32563],[-9.82022,29.83893],[-9.60733,30.37763],[-9.84752,31.40241],[-9.25992,32.57689],[-8.52916,33.2687],[-6.82209,34.03962],[-5.90803,35.79735],[-5.39886,35.9245],[-5.06627,35.41747],[-4.37605,35.15184],[-2.96858,35.44644],[-2.85607,35.13129],[-2.22256,35.0893],[-1.76953,34.74134],[-1.67423,33.23797],[-1.032,32.4944],[-1.21033,32.08967],[-2.88119,32.07629],[-2.82784,31.79459],[-3.65951,31.64782],[-3.64553,30.71132],[-4.37237,30.50864],[-5.5395,29.52322],[-7.65361,29.37619],[-8.66761,28.71168],[-8.81704,27.66146]]]}},{"type":"Feature","properties":{"iso_a2":"eh","iso_a3":"SAH","admin":"Western Sahara","name":"W. Sahara"},"geometry":{"type":"Polygon","coordinates":[[[-8.81704,27.66146],[-8.68766,26.00002],[-12.01531,25.9949],[-12.01934,23.461],[-13.15229,22.82],[-13.01525,21.33343],[-16.95883,21.33286],[-17.05687,20.76691],[-17.01374,21.41997],[-14.74997,21.50008],[-13.89013,23.69049],[-12.43014,24.83017],[-11.39157,26.88291],[-8.7939,27.12018],[-8.81704,27.66146]]]}},{"type":"Feature","properties":{"iso_a2":"cr","iso_a3":"CRI","admin":"Costa Rica","name":"Costa Rica"},"geometry":{"type":"MultiPolygon","coordinates":[[[[-83.6965,10.93659],[-82.56284,9.53869],[-82.9417,9.45635],[-82.89763,8.03475],[-83.17138,8.63748],[-83.48172,8.71259],[-83.28738,8.37674],[-83.73681,8.59272],[-83.63475,9.04409],[-84.61657,9.57807],[-84.73363,9.96695],[-85.28917,10.28225],[-84.86461,9.82917],[-85.11783,9.55545],[-85.84402,10.23102],[-85.63174,10.62116],[-85.94644,10.89859],[-85.59779,11.20994],[-83.91728,10.71348],[-83.6965,10.93659]]]]}},{"type":"Feature","properties":{"iso_a2":"ni","iso_a3":"NIC","admin":"Nicaragua","name":"Nicaragua"},"geometry":{"type":"MultiPolygon","coordinates":[[[[-85.70174,11.08088],[-87.66702,12.98225],[-87.03505,12.97978],[-86.7662,13.74526],[-86.09673,14.04408],[-85.74246,13.8237],[-84.90422,14.81698],[-84.48269,14.61947],[-83.13044,14.99701],[-83.42463,14.80394],[-83.18659,14.34764],[-83.55915,13.41584],[-83.4818,12.41665],[-83.56404,12.81269],[-83.77465,12.53352],[-83.66303,10.80702],[-85.70174,11.08088]]]]}},{"type":"Feature","properties":{"iso_a2":"cg","iso_a3":"COG","admin":"Republic of the Congo","name":"Congo"},"geometry":{"type":"Polygon","coordinates":[[[18.62639,3.47687],[18.07242,2.16002],[17.74954,-0.52343],[16.1946,-2.18204],[15.91213,-3.91743],[14.67273,-4.89991],[14.4007,-4.88626],[14.38706,-4.2771],[13.39265,-4.88533],[12.76168,-4.3912],[12.00961,-5.01963],[11.11402,-3.93686],[11.48259,-3.50929],[11.90551,-3.64355],[11.5662,-2.32973],[12.45927,-2.32993],[12.63239,-1.82516],[12.96901,-2.37241],[13.4589,-2.44104],[13.74317,-2.09708],[14.09002,-2.49861],[14.44876,-1.68625],[14.49,-0.60094],[13.83123,-0.20541],[14.46809,0.91323],[14.14449,1.39162],[13.15018,1.25662],[13.29457,2.16106],[14.56214,2.20881],[16.06985,1.65455],[16.5985,3.50167],[17.45891,3.70828],[18.62639,3.47687]]]}},{"type":"Feature","properties":{"iso_a2":"cd","iso_a3":"COD","admin":"Democratic Republic of the Congo","name":"Dem. Rep. Congo"},"geometry":{"type":"MultiPolygon","coordinates":[[[[18.62639,3.47687],[18.54195,4.32785],[19.40897,5.13039],[20.58027,4.415],[22.30327,4.12872],[22.89837,4.82358],[23.41452,4.59083],[24.39637,5.1223],[25.30763,5.03228],[25.54374,5.37528],[27.30188,5.13199],[28.3815,4.2753],[29.61853,4.64158],[30.89639,3.51997],[30.71056,2.44512],[31.27145,2.103],[29.9473,0.8246],[29.57792,-1.38839],[28.85724,-2.51835],[29.23463,-3.04658],[29.53771,-6.31238],[30.75211,-8.19412],[28.88917,-8.4831],[28.35246,-9.27199],[28.69849,-9.79196],[28.36032,-11.53356],[29.03511,-12.37888],[29.7993,-12.15409],[29.78224,-13.45566],[29.5744,-13.22539],[28.99397,-13.39592],[27.18013,-11.56963],[26.71742,-12.01301],[25.98113,-11.90305],[25.34494,-11.64218],[25.31032,-11.19477],[24.29395,-11.3992],[24.00146,-10.87344],[22.23764,-11.24954],[22.3134,-10.36857],[21.79198,-9.40614],[21.78495,-7.28338],[20.52053,-7.28638],[20.61149,-6.91596],[19.52184,-7.00195],[19.35554,-8.00199],[17.6002,-8.09852],[16.55292,-5.90238],[12.89617,-5.81455],[12.4495,-6.05193],[12.24928,-5.82879],[12.50898,-5.72626],[12.44439,-5.05509],[13.08797,-4.57951],[13.39265,-4.88533],[14.38706,-4.2771],[14.4007,-4.88626],[14.67273,-4.89991],[15.91213,-3.91743],[16.1946,-2.18204],[17.74954,-0.52343],[18.07242,2.16002],[18.62639,3.47687]]]]}},{"type":"Feature","properties":{"iso_a2":"bt","iso_a3":"BTN","admin":"Bhutan","name":"Bhutan"},"geometry":{"type":"Polygon","coordinates":[[[90.47523,28.07234],[91.63795,27.93974],[92.07276,26.88777],[89.81367,26.69615],[88.85171,26.94544],[88.75436,27.2126],[89.56149,28.13464],[90.22559,28.3584],[90.47523,28.07234]]]}},{"type":"Feature","properties":{"iso_a2":"ua","iso_a3":"UKR","admin":"Ukraine","name":"Ukraine"},"geometry":{"type":"MultiPolygon","coordinates":[[[[31.76434,52.10057],[32.23331,52.08085],[32.39428,52.32681],[33.80407,52.35461],[34.41271,51.77769],[34.08911,51.66662],[34.18595,51.24891],[35.07872,51.20762],[35.6114,50.35171],[36.10584,50.42111],[36.59439,50.20443],[37.41521,50.43186],[38.0004,49.8998],[38.29991,50.06051],[40.13071,49.57982],[40.14166,49.24578],[39.68112,49.02032],[40.05381,48.86922],[39.63172,48.58691],[39.99325,48.27323],[39.75905,47.83295],[38.83094,47.84824],[38.2934,47.56278],[38.14226,47.03767],[37.5464,47.08161],[36.7693,46.6374],[35.90162,46.65274],[35.00001,46.07364],[35.34213,46.33576],[35.18832,46.51244],[34.81227,46.17666],[34.97567,45.71732],[33.84622,46.19571],[32.50343,46.07612],[31.80112,46.28506],[32.05356,46.40599],[31.50831,46.58759],[32.31756,46.46434],[32.64552,46.6496],[32.0228,46.62914],[31.74171,47.2591],[31.89943,46.6496],[31.44068,46.80048],[30.7907,46.55292],[30.20493,45.85586],[29.73373,45.61432],[29.63819,45.82632],[29.70875,45.22333],[29.32212,45.44384],[28.57705,45.24809],[28.20157,45.46885],[28.95687,46.00138],[28.94581,46.45479],[30.13158,46.42283],[29.55869,46.94574],[29.55657,47.32404],[29.15562,47.45],[29.12399,47.97599],[27.583,48.48603],[24.8966,47.71006],[24.5421,47.94382],[23.13908,48.09812],[22.8776,47.94674],[22.13284,48.4048],[22.53964,49.0722],[22.86695,49.00998],[22.66583,49.56736],[24.10771,50.54084],[23.61668,51.62478],[23.98131,51.586],[24.39079,51.88001],[25.76791,51.92851],[27.15109,51.75676],[27.71426,51.46371],[28.21004,51.65197],[28.72877,51.40126],[29.06322,51.6306],[29.31995,51.36557],[30.14863,51.48443],[30.53961,51.23517],[30.91881,52.05917],[31.76434,52.10057]]]]}},{"type":"Feature","properties":{"iso_a2":"by","iso_a3":"BLR","admin":"Belarus","name":"Belarus"},"geometry":{"type":"Polygon","coordinates":[[[23.60624,51.5174],[23.63745,52.08447],[23.16565,52.28939],[23.9225,52.7426],[23.48562,53.93929],[24.37787,53.88684],[25.45935,54.29891],[25.76306,54.15644],[25.52865,54.32098],[25.78269,54.86967],[26.80072,55.27332],[26.45004,55.32706],[26.61561,55.68797],[27.59271,55.79424],[28.11098,56.15681],[29.3956,55.94772],[29.48087,55.6811],[30.20025,55.85799],[30.88616,55.60048],[30.77061,54.78601],[31.82264,54.05345],[31.74466,53.79486],[32.46156,53.7068],[32.71747,53.33494],[32.1173,53.0811],[31.37853,53.18203],[31.76434,52.10057],[30.91881,52.05917],[30.55067,51.2368],[30.14863,51.48443],[29.31995,51.36557],[29.06322,51.6306],[28.72877,51.40126],[28.21004,51.65197],[27.71426,51.46371],[27.15109,51.75676],[25.76791,51.92851],[24.39079,51.88001],[23.60624,51.5174]]]}},{"type":"Feature","properties":{"iso_a2":"na","iso_a3":"NAM","admin":"Namibia","name":"Namibia"},"geometry":{"type":"Polygon","coordinates":[[[16.48707,-28.57293],[15.29526,-27.32244],[14.45924,-24.09832],[14.50856,-22.54803],[12.03189,-18.50535],[11.75514,-17.2667],[13.16631,-16.95106],[13.98057,-17.42359],[18.45358,-17.38989],[18.89004,-17.79927],[20.8062,-18.03141],[25.03695,-17.5812],[25.25978,-17.79411],[23.60986,-18.47768],[23.29277,-17.99895],[20.97508,-18.31935],[20.9848,-21.96398],[19.97835,-22.00067],[19.98165,-28.42235],[19.12021,-28.95751],[18.16647,-28.9019],[17.40362,-28.70429],[17.0764,-28.02682],[16.48707,-28.57293]]]}},{"type":"Feature","properties":{"iso_a2":"za","iso_a3":"ZAF","admin":"South Africa","name":"South Africa"},"geometry":{"type":"MultiPolygon","coordinates":[[[[19.98145,-24.75249],[20.65655,-25.4678],[20.69076,-26.89179],[21.66455,-26.86306],[22.54511,-26.20739],[23.03067,-25.29944],[24.66499,-25.82333],[25.45842,-25.71119],[25.86837,-24.74815],[26.40436,-24.63281],[27.12742,-23.52502],[29.03872,-22.22391],[31.1526,-22.31641],[31.98655,-24.42311],[31.99575,-25.63688],[31.89188,-25.98384],[31.40147,-25.736],[31.11984,-25.91004],[30.79567,-26.78555],[31.52653,-27.31089],[31.96826,-27.31626],[31.99007,-26.80828],[32.89308,-26.84612],[32.55055,-28.17156],[30.00994,-31.29225],[27.10092,-33.52532],[24.83416,-34.20566],[22.58367,-33.99407],[19.64243,-34.77207],[19.1399,-34.29437],[18.81764,-34.37689],[18.80006,-34.08953],[18.47006,-34.34743],[18.31625,-34.15748],[18.48439,-33.84393],[17.84303,-32.82334],[18.2964,-32.60857],[18.27687,-31.89267],[16.46998,-28.62005],[17.0764,-28.02682],[17.40362,-28.70429],[18.16647,-28.9019],[19.12021,-28.95751],[19.98165,-28.42235],[19.98145,-24.75249]],[[28.98085,-28.90903],[28.6343,-28.57076],[28.15495,-28.70233],[27.01487,-29.62558],[27.71353,-30.58376],[28.07878,-30.6588],[28.38388,-30.1442],[29.14425,-29.91972],[29.43591,-29.34239],[28.98085,-28.90903]]]]}},{"type":"Feature","properties":{"iso_a2":"mf","iso_a3":"MAF","admin":"Saint Martin","name":"St-Martin"},"geometry":{"type":"Polygon","coordinates":[[[-63.01757,18.03339],[-63.08589,18.05851],[-63.107,18.06212],[-63.107,18.06696],[-63.11531,18.06538],[-63.13052,18.06025],[-63.13435,18.05947],[-63.14387,18.06468],[-63.14684,18.0703],[-63.14363,18.07416],[-63.11376,18.07465],[-63.0961,18.0788],[-63.08381,18.08796],[-63.07909,18.10419],[-63.07087,18.11001],[-63.05211,18.11685],[-63.0314,18.12189],[-63.01765,18.12214],[-63.01793,18.10053],[-63.0111,18.07075],[-63.01073,18.04084],[-63.01757,18.03339]]]}},{"type":"Feature","properties":{"iso_a2":"sx","iso_a3":"SXM","admin":"Sint Maarten","name":"Sint Maarten"},"geometry":{"type":"Polygon","coordinates":[[[-63.107,18.06212],[-63.08589,18.05851],[-63.01757,18.03339],[-63.03063,18.01911],[-63.09765,18.03596],[-63.11217,18.04304],[-63.11889,18.0515],[-63.107,18.05947],[-63.107,18.06212]]]}},{"type":"Feature","properties":{"iso_a2":"om","iso_a3":"OMN","admin":"Oman","name":"Oman"},"geometry":{"type":"MultiPolygon","coordinates":[[[[56.38331,24.97822],[57.15154,23.95356],[58.76205,23.54206],[59.81178,22.23737],[58.51856,20.41681],[58.20574,20.61335],[57.85613,20.26065],[57.81568,18.99177],[56.80779,18.74559],[56.35629,17.94001],[55.44516,17.84101],[55.02687,17.01114],[53.09034,16.6424],[51.97861,18.99564],[54.97838,19.99542],[55.63756,21.97897],[55.18684,22.70358],[55.4568,23.96316],[55.99785,24.08127],[55.82939,24.92117],[56.09914,24.73051],[56.38331,24.97822]]]]}},{"type":"Feature","properties":{"iso_a2":"uz","iso_a3":"UZB","admin":"Uzbekistan","name":"Uzbekistan"},"geometry":{"type":"MultiPolygon","coordinates":[[[[70.95896,40.23837],[70.37139,40.36493],[70.76713,40.73762],[70.44571,41.02592],[69.69092,40.63003],[69.36928,40.7894],[69.28526,40.19496],[68.58112,40.16422],[68.98698,40.09171],[68.51745,39.54844],[67.42728,39.47661],[67.35008,39.21983],[68.10094,38.97928],[68.35622,38.2126],[67.78054,37.18887],[66.51959,37.36418],[66.62434,37.99383],[63.70927,39.19089],[62.45281,40.00924],[61.87791,41.12498],[60.09424,41.38952],[60.0282,42.19952],[58.58788,42.79119],[58.12134,42.62425],[58.49062,42.29757],[58.01602,42.49971],[57.85045,42.19143],[56.97836,41.89512],[57.02952,41.2626],[55.97842,41.32172],[55.97615,44.99508],[58.55491,45.55717],[61.0363,44.38282],[62.02612,43.48063],[64.92294,43.71912],[65.79524,42.8772],[66.10127,42.99032],[66.00866,42.00266],[66.50414,41.99348],[66.73296,41.15806],[67.93743,41.20038],[67.99092,40.8111],[68.46174,40.58466],[69.03618,41.37401],[71.0776,42.28117],[71.23821,42.16024],[70.16655,41.52021],[71.18013,41.10814],[71.67142,41.54739],[72.16513,40.99936],[73.14864,40.81369],[71.70718,40.14427],[70.95896,40.23837]]]]}},{"type":"Feature","properties":{"iso_a2":"kz","iso_a3":"KAZ","admin":"Kazakhstan","name":"Kazakhstan"},"geometry":{"type":"MultiPolygon","coordinates":[[[[87.3238,49.08527],[86.85948,49.10532],[86.56508,48.52732],[85.71867,48.35883],[85.49864,47.05183],[84.73961,46.81477],[83.02148,47.2059],[82.29149,45.53319],[82.63199,45.41583],[82.53975,45.12366],[81.66523,45.34798],[79.8582,44.90372],[80.49228,44.72797],[80.3389,44.12149],[80.79345,43.14946],[80.22749,42.79098],[80.24909,42.20489],[79.14827,42.79098],[76.95688,42.98851],[75.62043,42.8053],[74.17876,43.2617],[73.57094,43.03192],[73.50511,42.40294],[71.84774,42.83405],[71.24545,42.74713],[70.61024,42.02741],[69.03618,41.37401],[68.46174,40.58466],[67.99092,40.8111],[67.93743,41.20038],[66.73296,41.15806],[66.50414,41.99348],[66.00866,42.00266],[66.10127,42.99032],[65.79524,42.8772],[64.92294,43.71912],[62.02612,43.48063],[61.0363,44.38282],[58.55491,45.55717],[55.97615,44.99508],[55.97842,41.32172],[55.45029,41.27888],[54.12262,42.3376],[52.97871,42.12663],[52.43767,41.74888],[52.73634,42.70136],[51.27573,43.15449],[50.84718,44.18928],[50.22462,44.56769],[51.56031,44.51138],[50.96241,44.86367],[51.4157,45.38996],[53.26124,45.34284],[52.73194,45.55414],[53.11842,46.11432],[53.06039,46.89232],[52.4559,47.00117],[52.11256,46.81273],[51.21258,47.12092],[49.81739,46.54043],[49.30535,46.58759],[49.22713,46.32788],[48.45511,46.6608],[49.00629,46.76911],[48.17435,47.71285],[47.41217,47.83587],[47.35967,47.68334],[47.09891,48.26538],[46.47828,48.41056],[47.02088,49.09685],[46.77511,49.33254],[47.30567,50.29486],[47.5993,50.45268],[48.23931,49.86476],[48.7846,49.93339],[48.56828,50.63655],[50.32538,51.30346],[50.76701,51.7594],[51.37193,51.62959],[51.30424,51.47164],[52.30779,51.77454],[52.54582,51.45952],[53.40731,51.48417],[54.47857,50.85349],[54.49944,50.52327],[54.63825,51.02769],[55.65999,50.53004],[56.47834,51.07303],[57.15447,51.09996],[57.46763,50.8585],[57.7688,51.11967],[58.30841,51.15003],[59.52281,50.47465],[60.02128,50.85406],[60.71849,50.65267],[61.3721,50.78248],[61.4738,51.4258],[59.98572,51.95228],[61.03992,52.335],[60.67261,52.67216],[60.9746,52.97124],[62.09417,52.99248],[61.16271,53.29915],[61.55534,53.50573],[60.88024,53.6328],[61.19909,53.79713],[60.9961,53.94141],[62.41271,54.02663],[62.52526,53.87186],[62.62913,54.07117],[64.0045,54.31974],[65.18422,54.31043],[65.44978,54.62747],[68.16605,54.95613],[68.17711,55.17054],[68.9706,55.27864],[68.94316,55.43455],[70.21368,55.13198],[70.82036,55.29414],[71.26467,54.66173],[70.97084,54.30501],[71.16127,54.10197],[71.76247,54.24765],[72.15511,54.12838],[72.04318,54.37803],[72.48295,54.13561],[72.3922,53.90823],[72.70019,53.95764],[72.62423,54.13499],[73.36031,53.93841],[73.74065,54.05794],[73.22967,53.66241],[73.41095,53.43002],[73.90415,53.63916],[74.38836,53.46222],[74.772,53.83088],[76.8959,54.46386],[76.6646,54.13406],[76.37666,54.15427],[76.49521,53.99231],[77.8668,53.27233],[80.0213,50.76688],[80.68275,51.30201],[81.15203,51.18654],[81.05152,50.9557],[81.4008,50.95911],[81.46023,50.73034],[82.47582,50.71401],[83.43396,50.99265],[83.95056,50.78042],[84.24998,50.25993],[84.98673,50.06697],[85.22361,49.59573],[86.17725,49.46334],[86.74838,49.78296],[86.59934,49.57351],[87.3238,49.08527]],[[63.38391,45.56582],[63.96713,45.97833],[63.38391,46.39084],[62.80064,45.97833],[63.38391,45.56582]]]]}},{"type":"Feature","properties":{"iso_a2":"tj","iso_a3":"TJK","admin":"Tajikistan","name":"Tajikistan"},"geometry":{"type":"MultiPolygon","coordinates":[[[[70.95896,40.23837],[70.47723,39.90093],[70.00459,40.20876],[69.51801,40.1251],[69.30035,39.51563],[70.47723,39.6012],[70.77013,39.38209],[71.45955,39.6121],[72.2289,39.18924],[73.60432,39.45961],[73.8164,38.58659],[74.83288,38.46365],[75.06842,37.31214],[73.70923,37.21701],[73.75346,37.42839],[73.29633,37.46495],[71.65302,36.68701],[71.59773,37.89836],[71.25826,37.92647],[71.35816,38.25126],[70.95074,38.47305],[70.17213,37.94608],[70.15787,37.54143],[69.52866,37.58603],[69.32391,37.12099],[68.88787,37.33814],[68.01112,36.93087],[67.80122,37.46645],[68.35622,38.2126],[68.10094,38.97928],[67.35008,39.21983],[67.42728,39.47661],[68.51745,39.54844],[68.98698,40.09171],[68.58112,40.16422],[69.28526,40.19496],[69.35507,40.78035],[69.71769,40.63628],[70.36354,41.03243],[70.76713,40.73762],[70.37139,40.36493],[70.95896,40.23837]]]]}},{"type":"Feature","properties":{"iso_a2":"lt","iso_a3":"LTU","admin":"Lithuania","name":"Lithuania"},"geometry":{"type":"MultiPolygon","coordinates":[[[[26.59453,55.66699],[26.45004,55.32706],[26.80072,55.27332],[25.78269,54.86967],[25.52865,54.32098],[25.76306,54.15644],[25.45935,54.29891],[24.7887,53.96968],[23.62712,53.89821],[22.70696,54.41875],[22.84835,54.81381],[22.56547,55.0678],[21.26759,55.24868],[21.0534,56.07262],[22.09408,56.41741],[24.13892,56.25745],[24.87097,56.4426],[25.07313,56.19781],[25.66188,56.14081],[26.59453,55.66699]]]]}},{"type":"Feature","properties":{"iso_a2":"br","iso_a3":"BRA","admin":"Brazil","name":"Brazil"},"geometry":{"type":"MultiPolygon","coordinates":[[[[-57.60279,-30.19052],[-55.77253,-28.23197],[-53.83002,-27.15679],[-53.66155,-26.25979],[-53.90996,-25.62924],[-54.6002,-25.57495],[-54.24529,-24.05062],[-54.63922,-23.80444],[-55.42067,-23.95451],[-55.86103,-22.28954],[-57.98625,-22.07446],[-57.81758,-20.9536],[-58.1588,-20.16512],[-57.85975,-19.98012],[-58.12464,-19.72991],[-57.46566,-18.21775],[-57.80073,-17.53345],[-58.39914,-17.23745],[-58.33956,-16.28929],[-60.16069,-16.26479],[-60.58224,-15.09887],[-60.2698,-15.08337],[-60.47263,-13.79787],[-61.04722,-13.46455],[-61.83635,-13.54062],[-63.07503,-12.65266],[-64.28754,-12.49712],[-64.99745,-11.99627],[-65.38727,-11.27755],[-65.39799,-9.68675],[-66.64262,-9.90792],[-68.61573,-11.1125],[-70.64134,-11.0108],[-70.52499,-9.43095],[-71.2997,-9.99339],[-72.19567,-10.00559],[-72.31266,-9.53254],[-73.21498,-9.40904],[-72.97608,-8.98539],[-74.01847,-7.54352],[-73.1478,-6.47619],[-72.91795,-5.13209],[-70.64677,-4.11566],[-69.97182,-4.29095],[-69.39945,-1.18272],[-70.06804,-0.16014],[-70.05425,0.58813],[-69.13746,0.65014],[-69.28881,1.03844],[-69.85219,1.05942],[-69.85617,1.70768],[-68.1633,1.72129],[-68.19219,2.01489],[-67.92885,1.74129],[-67.42464,2.13811],[-67.08611,1.176],[-66.28507,0.74585],[-65.59604,0.98361],[-65.49783,0.65872],[-63.37264,2.26684],[-64.04797,2.47132],[-64.20298,3.59472],[-64.79162,4.28442],[-62.88941,3.56082],[-62.76622,4.02071],[-60.97728,4.53497],[-60.59193,4.94972],[-60.73985,5.20214],[-60.21343,5.26723],[-59.9831,5.08594],[-60.15999,4.52779],[-59.52765,3.93953],[-59.99372,2.85729],[-59.75875,1.86214],[-58.834,1.18582],[-57.31942,1.97714],[-55.95382,1.85327],[-55.97102,2.53034],[-52.95968,2.17522],[-51.58535,4.23382],[-51.43684,3.92951],[-51.5165,4.44112],[-51.17614,3.64834],[-51.0799,3.88227],[-50.77969,2.07095],[-49.9506,1.72133],[-50.14974,1.22121],[-49.88756,1.17487],[-51.32698,-0.07952],[-51.93456,-1.33953],[-52.70812,-1.60003],[-52.20397,-1.6902],[-50.83959,-0.91277],[-50.84421,-1.9553],[-49.97692,-1.8261],[-49.81249,-2.10801],[-49.42203,-1.77899],[-49.66369,-2.67767],[-48.96559,-1.59972],[-49.03327,-1.84657],[-48.65695,-1.38338],[-48.42833,-1.66229],[-48.03791,-0.66172],[-46.8192,-0.71168],[-46.74938,-1.01865],[-46.20031,-0.90765],[-46.26211,-1.1832],[-45.41568,-1.28769],[-45.4608,-1.54616],[-45.32616,-1.31292],[-45.32364,-1.74481],[-44.86803,-1.42132],[-44.59801,-1.74481],[-44.82405,-2.27923],[-44.3636,-2.33392],[-44.79601,-3.30023],[-44.29263,-2.48105],[-44.03441,-2.41522],[-44.20019,-2.86891],[-43.4263,-2.33785],[-41.24454,-3.01523],[-39.98571,-2.8484],[-37.18293,-4.9109],[-35.51057,-5.14373],[-34.79361,-7.1762],[-35.30508,-9.19305],[-37.27514,-11.02272],[-38.32042,-12.93523],[-38.69099,-12.57147],[-38.9237,-12.73659],[-39.13711,-17.67962],[-39.65941,-18.27361],[-39.7862,-19.60198],[-40.95181,-21.2381],[-40.97265,-21.98675],[-41.9663,-22.53541],[-42.01354,-22.9817],[-43.0314,-22.9743],[-43.07555,-22.6657],[-43.22012,-22.99529],[-44.6551,-23.04314],[-44.58381,-23.3532],[-45.42667,-23.83074],[-46.38541,-23.87347],[-48.05158,-25.0368],[-48.20906,-25.45761],[-48.32531,-25.22861],[-48.74303,-25.35215],[-48.3612,-25.57098],[-48.76944,-25.86736],[-48.59252,-26.18385],[-48.79646,-26.06845],[-48.47615,-27.15399],[-48.75609,-28.52842],[-49.81066,-29.44313],[-50.72143,-31.04453],[-52.06859,-32.16237],[-52.08727,-31.82781],[-51.24498,-31.46404],[-50.56501,-30.45013],[-50.61482,-30.18621],[-50.93639,-30.43157],[-51.28352,-30.00742],[-51.26968,-30.78183],[-52.21862,-31.74065],[-52.09118,-32.16611],[-52.81949,-33.32252],[-53.51154,-33.69029],[-53.51164,-33.09943],[-53.11084,-32.72239],[-53.75731,-32.05505],[-55.59187,-30.84835],[-56.01136,-31.08213],[-56.83128,-30.10204],[-57.60279,-30.19052]]],[[[-48.46251,-0.5761],[-49.22277,-1.62119],[-50.15502,-1.77899],[-50.25817,-1.48415],[-50.40518,-1.83099],[-50.80321,-1.43499],[-50.47663,-1.03916],[-50.79255,-1.01865],[-50.69636,-0.36004],[-50.36815,-0.10565],[-48.42723,-0.25994],[-48.46251,-0.5761]]]]}},{"type":"Feature","properties":{"iso_a2":"uy","iso_a3":"URY","admin":"Uruguay","name":"Uruguay"},"geometry":{"type":"Polygon","coordinates":[[[-57.60279,-30.19052],[-56.83128,-30.10204],[-56.01136,-31.08213],[-55.59187,-30.84835],[-53.11978,-32.70741],[-53.53686,-33.17084],[-53.52994,-34.04811],[-54.1459,-34.66758],[-54.95861,-34.9734],[-55.69345,-34.76474],[-56.15609,-34.94119],[-57.15196,-34.45093],[-57.85535,-34.47097],[-58.38882,-33.94207],[-58.36693,-33.15374],[-58.04849,-32.91172],[-58.20262,-31.89314],[-57.60279,-30.19052]]]}},{"type":"Feature","properties":{"iso_a2":"mn","iso_a3":"MNG","admin":"Mongolia","name":"Mongolia"},"geometry":{"type":"Polygon","coordinates":[[[116.68428,49.82326],[115.57572,47.90974],[115.91451,47.68391],[116.82205,47.8763],[117.36083,47.65087],[117.7669,47.99314],[118.4728,47.98945],[119.69996,47.15953],[119.85442,46.65966],[117.3938,46.57137],[117.33747,46.35728],[116.56832,46.29087],[115.66739,45.45428],[114.53371,45.3855],[113.60478,44.7397],[111.95826,45.08454],[111.39706,44.38737],[111.93335,43.69664],[110.40673,42.76861],[109.48513,42.4493],[106.76783,42.28662],[104.97383,41.58614],[104.50492,41.65655],[104.50078,41.8706],[103.69143,41.75923],[102.03416,42.18461],[101.52495,42.53746],[96.35777,42.7245],[95.31897,44.01711],[95.39772,44.2805],[94.69823,44.3435],[93.52528,44.95126],[90.87324,45.18618],[90.65114,45.49314],[91.0475,46.56641],[90.3448,47.65864],[88.63581,48.17585],[87.73571,48.88673],[88.17475,49.44386],[89.16074,49.50272],[89.70241,49.71996],[89.66768,49.92729],[92.36091,50.86837],[93.10494,50.59883],[94.25867,50.55754],[94.60345,50.01974],[97.34334,49.73417],[98.26246,50.2838],[97.80636,51.00113],[98.8864,52.12855],[102.07468,51.37482],[102.30293,50.56389],[103.27678,50.19756],[104.12169,50.14826],[105.32864,50.47646],[106.65652,50.32701],[107.1922,50.00604],[107.94652,49.93349],[107.92745,49.67004],[108.53806,49.32743],[110.73136,49.13767],[112.77713,49.50137],[114.28629,50.27688],[115.38782,49.89106],[116.21764,50.01385],[116.68428,49.82326]]]}},{"type":"Feature","properties":{"iso_a2":"ru","iso_a3":"RUS","admin":"Russia","name":"Russia"},"geometry":{"type":"MultiPolygon","coordinates":[[[[87.81632,49.16584],[87.02454,49.24893],[86.5918,49.58721],[86.74838,49.78296],[86.17725,49.46334],[85.22361,49.59573],[84.98673,50.06697],[84.24998,50.25993],[83.95056,50.78042],[83.43396,50.99265],[82.47582,50.71401],[81.46023,50.73034],[81.4008,50.95911],[81.05152,50.9557],[81.15203,51.18654],[80.68275,51.30201],[80.0213,50.76688],[77.8668,53.27233],[76.49521,53.99231],[76.37666,54.15427],[76.6646,54.13406],[76.8959,54.46386],[74.772,53.83088],[74.38836,53.46222],[73.90415,53.63916],[73.41095,53.43002],[73.22967,53.66241],[73.74065,54.05794],[73.36031,53.93841],[72.62423,54.13499],[72.70019,53.95764],[72.3922,53.90823],[72.48295,54.13561],[72.04318,54.37803],[72.15511,54.12838],[71.76247,54.24765],[71.16127,54.10197],[70.97084,54.30501],[71.26467,54.66173],[70.82036,55.29414],[70.21368,55.13198],[68.9273,55.43372],[68.9706,55.27864],[68.17711,55.17054],[68.16605,54.95613],[65.44978,54.62747],[65.18422,54.31043],[64.0045,54.31974],[62.62913,54.07117],[62.52526,53.87186],[62.41271,54.02663],[60.9961,53.94141],[61.19909,53.79713],[60.88024,53.6328],[61.55534,53.50573],[61.16271,53.29915],[62.09417,52.99248],[60.9746,52.97124],[60.67261,52.67216],[61.03992,52.335],[59.98572,51.95228],[61.4738,51.4258],[61.3721,50.78248],[60.71849,50.65267],[60.02128,50.85406],[59.52281,50.47465],[58.30841,51.15003],[57.7688,51.11967],[57.46763,50.8585],[57.15447,51.09996],[56.47834,51.07303],[55.65999,50.53004],[54.63825,51.02769],[54.49944,50.52327],[54.47857,50.85349],[53.40731,51.48417],[52.54582,51.45952],[52.30779,51.77454],[51.30424,51.47164],[51.37193,51.62959],[50.76701,51.7594],[50.32538,51.30346],[48.56828,50.63655],[48.7846,49.93339],[48.23931,49.86476],[47.4698,50.41176],[46.89991,49.82032],[46.77511,49.33254],[47.04,49.15033],[46.47828,48.41056],[47.09891,48.26538],[47.35967,47.68334],[47.41217,47.83587],[48.17435,47.71285],[49.00629,46.76911],[48.45511,46.6608],[49.306,46.26313],[48.62696,46.08731],[48.71632,45.81354],[48.55494,45.96747],[47.81821,45.6081],[47.56007,45.77155],[47.65366,45.55907],[47.38478,45.75019],[47.37013,45.18561],[46.68043,44.52847],[47.24594,44.21198],[47.40431,43.51138],[47.70151,43.8745],[47.46193,43.02082],[48.57895,41.84528],[47.87111,41.20818],[45.93413,42.0285],[45.69869,42.50759],[45.15536,42.69326],[43.93973,42.55221],[42.82977,43.16876],[40.23313,43.57576],[39.96258,43.39265],[38.75831,44.27363],[37.47828,44.67719],[36.57732,45.19416],[36.96168,45.28294],[36.66814,45.32636],[36.83326,45.44302],[37.07838,45.23896],[37.72926,45.30166],[37.59506,45.63532],[37.94011,46.02033],[38.03956,45.81607],[38.16749,46.12051],[38.55991,46.03266],[37.73072,46.67011],[38.57545,46.6538],[38.43531,46.84675],[39.38868,47.11518],[39.08814,47.28644],[38.51743,47.11904],[38.81039,47.28783],[38.21664,47.10326],[38.19057,47.31691],[38.83094,47.84824],[39.75905,47.83295],[39.99325,48.27323],[39.63172,48.58691],[40.05381,48.86922],[39.68112,49.02032],[40.14166,49.24578],[40.13071,49.57982],[38.29991,50.06051],[38.0004,49.8998],[37.41521,50.43186],[36.59439,50.20443],[36.10584,50.42111],[35.6114,50.35171],[35.07872,51.20762],[34.18595,51.24891],[34.08911,51.66662],[34.41271,51.77769],[33.80407,52.35461],[32.39428,52.32681],[32.23331,52.08085],[31.76434,52.10057],[31.24706,53.01439],[31.41636,53.19998],[32.20111,53.09756],[32.71953,53.43948],[32.44213,53.71393],[31.74466,53.79486],[31.82264,54.05345],[30.77061,54.78601],[30.88616,55.60048],[30.20025,55.85799],[29.48087,55.6811],[29.37741,55.95403],[28.16911,56.12526],[28.12612,56.54776],[27.62837,56.84415],[27.84029,57.29064],[27.32854,57.57057],[27.79932,57.86107],[27.41061,58.75486],[28.18183,59.35607],[28.00701,59.75825],[28.37525,59.66633],[29.16139,60.00263],[30.16196,59.86848],[30.2461,59.97492],[28.61695,60.38198],[28.69044,60.73847],[27.80787,60.55305],[30.92564,62.30212],[31.56953,62.90593],[29.98078,63.74154],[30.55848,64.2197],[30.03246,64.39695],[30.11886,64.76793],[29.63362,64.90715],[29.70287,65.62938],[30.11173,65.71201],[29.05154,66.9078],[30.00941,67.68584],[29.33085,68.07269],[28.69032,68.18318],[28.44744,68.51489],[28.80148,68.83549],[28.41023,68.89853],[29.12027,69.04685],[29.37679,69.30161],[29.96714,69.37349],[30.11907,69.63456],[30.85298,69.52744],[30.84095,69.80584],[31.39527,69.7237],[31.32569,69.61494],[31.81056,69.68773],[31.75367,69.85407],[32.09889,69.7919],[31.98455,69.97028],[33.12029,69.74421],[32.87176,69.58251],[32.16969,69.65485],[32.13014,69.75601],[31.96827,69.6542],[32.50196,69.51704],[32.23805,69.42231],[33.08497,69.47606],[32.81332,69.30146],[33.52369,69.42829],[33.23512,69.27001],[33.5442,69.20856],[33.02345,68.95474],[33.72397,69.33682],[35.87355,69.19489],[37.68051,68.71345],[38.38868,68.34317],[38.76539,68.29059],[38.63917,68.38495],[39.60841,68.06342],[39.85955,68.04662],[39.79322,68.16474],[40.46681,67.76118],[41.03989,67.6778],[41.39039,67.1249],[41.17807,66.80956],[40.08497,66.28876],[38.55437,66.055],[35.55779,66.38703],[34.80356,66.61351],[34.48015,66.53758],[34.14137,66.77383],[33.94728,66.68488],[33.1006,66.85814],[32.92994,67.1],[31.85092,67.15282],[33.3086,66.65518],[32.90138,66.57477],[33.53679,66.53588],[32.94093,66.52847],[33.62306,66.49116],[33.67457,66.35712],[33.3108,66.3168],[34.10279,66.24689],[34.85239,65.90034],[34.6819,65.45336],[34.29705,65.38508],[35.00903,64.74318],[34.74334,64.55585],[35.34875,64.29607],[35.8108,64.34203],[36.29217,64.00971],[37.53436,63.80086],[38.07374,64.0174],[38.02019,64.30854],[37.74903,64.44171],[37.1215,64.39474],[36.55976,64.71742],[36.43995,64.91706],[36.80744,64.95905],[36.82,65.14714],[38.38502,64.84463],[38.04811,64.64594],[38.44803,64.81788],[39.56652,64.54527],[39.85035,64.67597],[40.5171,64.54145],[39.74928,65.55207],[41.64356,66.17276],[42.15593,66.52635],[42.5486,66.38508],[43.30209,66.42601],[43.69264,66.23721],[43.35279,66.04149],[43.5149,65.97419],[43.41139,66.09764],[43.83644,66.18578],[44.1797,65.86432],[44.52166,66.91942],[43.7667,67.27769],[44.41179,68.06342],[44.18084,68.03608],[44.22755,68.29678],[43.31715,68.66661],[45.58214,68.5142],[46.53492,68.13255],[46.69825,67.81647],[45.35043,67.73041],[44.91212,67.37198],[46.02516,66.8334],[46.57846,66.87287],[46.40675,66.74616],[47.58139,66.86986],[47.84571,67.6009],[48.69996,67.71589],[49.1067,67.63947],[48.58595,67.93427],[49.13331,67.86262],[50.77882,68.3793],[52.17709,68.58242],[52.13559,68.3793],[52.40203,68.33771],[52.73129,68.47419],[52.63445,68.65851],[52.32846,68.63345],[54.10377,69.00068],[54.55689,68.99286],[53.5949,68.90693],[54.02622,68.84544],[53.72047,68.65693],[53.94435,68.40599],[53.3274,68.35139],[53.3274,68.24213],[54.18491,68.32054],[54.23976,68.21133],[54.50441,68.3122],[54.83188,68.17329],[55.39291,68.56428],[55.99708,68.66047],[57.32985,68.56476],[58.17115,68.88935],[58.42408,68.74274],[58.28199,68.90322],[58.87875,69.00312],[59.22389,68.9997],[58.89186,68.93423],[59.42302,68.75702],[59.05641,68.61953],[59.08709,68.4169],[59.67481,68.33617],[59.96388,68.46601],[59.81121,68.68793],[60.46664,68.72232],[60.96876,68.90693],[60.13885,69.57787],[60.92661,69.8675],[64.12762,69.55012],[65.00441,69.30415],[64.7859,69.14712],[65.06821,69.26805],[67.0901,68.85566],[68.13494,68.42341],[68.2881,68.1883],[69.21892,68.96214],[68.45802,68.98457],[68.02621,69.3194],[68.10662,69.54873],[67.01726,69.70307],[66.79575,69.58617],[66.88478,70.01288],[67.32765,70.10602],[67.09425,70.22089],[67.33448,70.7578],[67.13844,70.84178],[66.68873,70.76984],[66.8895,71.07868],[66.62045,71.05785],[66.91212,71.29475],[68.34881,71.6752],[69.35377,72.95258],[69.77394,72.97329],[69.58823,72.87848],[71.56324,72.91596],[72.83693,72.70991],[72.87428,72.28107],[72.34498,71.70816],[71.8034,71.48029],[72.63648,71.13166],[72.83693,70.85961],[72.77133,70.42524],[72.43556,70.28588],[72.57106,68.95116],[73.64625,68.45783],[73.09083,68.21426],[73.11427,67.69037],[72.58131,67.62018],[71.74757,66.91608],[71.30193,66.95356],[71.57691,66.65876],[70.68865,66.51537],[70.29518,66.63825],[70.7234,66.76179],[70.31568,66.67988],[69.8978,66.87165],[68.96502,66.80956],[69.20558,66.5694],[69.90284,66.41547],[72.07569,66.23583],[72.47381,66.61099],[73.86915,67.00141],[73.89959,67.29621],[74.73032,67.68627],[74.41342,68.61953],[75.19068,68.87482],[76.58237,68.97517],[76.66261,68.76264],[77.32569,68.52334],[77.07984,67.79035],[77.69304,67.54532],[79.0525,67.57054],[77.49415,67.75129],[77.53696,68.12861],[78.17262,68.27436],[77.64698,68.91112],[76.042,69.23908],[75.50856,69.26142],[74.7728,69.08124],[73.7588,69.16938],[73.89959,69.42084],[73.51596,69.7464],[74.31788,70.66779],[73.02247,71.42878],[73.52589,71.82221],[74.99488,72.13784],[74.77516,72.82852],[75.31886,72.81916],[75.70818,72.56586],[75.74244,72.26553],[75.25367,71.94221],[75.53289,71.5423],[75.26303,71.36555],[76.88893,71.19042],[76.91424,71.07246],[77.00514,71.18448],[77.55812,71.17365],[78.41139,70.89545],[79.11451,71.00422],[78.44239,70.91425],[78.27898,71.25894],[77.92848,71.25747],[77.98829,71.37474],[77.4922,71.30134],[76.27231,71.5729],[75.99684,71.9079],[76.87818,72.05003],[77.58465,71.83112],[78.10955,71.88044],[77.98561,72.10952],[77.37721,72.11017],[78.12452,72.38459],[79.39145,72.38556],[80.83465,72.08332],[80.64723,72.03413],[81.73666,71.6999],[83.25172,71.72565],[83.04786,71.41511],[82.27263,71.2788],[82.41725,70.77705],[82.08204,70.56538],[82.34889,70.2023],[82.15724,70.5716],[82.90162,71.00104],[83.13722,70.76398],[82.64381,70.18122],[83.14943,70.07648],[82.95167,70.32514],[83.53443,70.33198],[83.77467,70.47663],[83.11606,71.11347],[83.61891,71.63117],[83.36052,71.84064],[82.67807,71.87946],[82.18507,72.09349],[82.19809,72.28156],[81.20818,72.35493],[80.70411,72.54536],[80.8143,72.97427],[80.23113,73.17597],[80.56349,73.2215],[80.25489,73.32974],[80.67742,73.50495],[80.53582,73.58076],[84.79322,73.76472],[85.42701,73.7119],[85.60426,73.82193],[86.78321,73.90225],[87.02662,73.7836],[85.78452,73.45576],[86.78248,73.00088],[86.62273,73.16641],[85.89381,73.33967],[85.88234,73.49624],[87.16481,73.6114],[87.66407,73.89086],[87.2964,73.84138],[86.9402,74.03315],[87.36231,74.04776],[85.94874,74.29263],[85.9367,74.36811],[86.30502,74.31794],[86.06951,74.42353],[86.47527,74.4582],[87.02084,74.27302],[87.01596,74.36726],[87.26238,74.35468],[86.53549,74.51236],[86.78248,74.56074],[85.74041,74.63589],[86.09059,74.82079],[86.95753,74.60883],[86.76206,74.70409],[87.38575,74.94432],[87.17286,74.9853],[87.57407,74.92967],[87.78989,75.02627],[86.91944,75.07612],[87.02459,75.16421],[87.95265,75.10004],[89.24578,75.50674],[89.70362,75.44351],[89.95411,75.57762],[90.88673,75.67056],[91.58025,75.63776],[91.70021,75.7364],[94.05299,75.91543],[93.54607,75.95344],[93.41896,75.87287],[93.27735,75.98212],[92.88819,75.89647],[93.12094,76.09569],[93.43035,76.10688],[93.42701,76.01203],[93.99871,76.05415],[93.6858,76.13227],[94.3742,76.1208],[94.45948,76.0517],[94.57277,76.15998],[95.87289,76.13813],[96.19256,76.07978],[95.57521,75.88898],[96.51856,76.01577],[96.46144,75.87189],[97.25099,76.0434],[97.18531,75.93061],[97.8239,75.98811],[97.62582,76.08194],[98.16139,76.09081],[97.97145,76.14399],[98.81642,76.26704],[98.71274,76.20498],[99.23504,76.22358],[99.09018,76.16401],[99.57423,76.1551],[99.75489,76.04902],[99.57065,75.77973],[99.87778,76.09569],[98.84889,76.51728],[100.30445,76.46186],[100.85109,76.54011],[101.01564,76.45881],[102.24952,76.38312],[100.87827,76.555],[101.23463,76.76728],[100.86411,76.83804],[100.91928,76.9759],[103.19662,77.65892],[103.59254,77.63158],[104.29029,77.73753],[104.28891,77.67304],[104.75164,77.7062],[105.33424,77.541],[105.87371,77.56859],[106.292,77.37002],[105.75815,77.36945],[105.45582,77.24047],[104.14194,77.08885],[105.92848,77.14411],[105.45053,76.98359],[106.82984,77.05467],[107.49977,76.92451],[106.72413,76.7189],[106.61231,76.55964],[106.39666,76.60432],[106.417,76.50922],[107.84547,76.53482],[107.94606,76.73729],[109.3978,76.76],[110.06137,76.6916],[111.09034,76.76227],[112.19907,76.47187],[111.82911,76.3415],[112.25685,76.45441],[112.74781,76.33527],[112.50074,76.23908],[112.85768,76.1435],[112.56967,76.04731],[112.96217,76.06509],[113.05934,76.16376],[113.30275,76.11563],[112.93214,76.25959],[113.25929,76.26642],[113.48081,75.85554],[113.78093,75.93928],[113.89015,75.85399],[113.55592,75.54023],[113.61744,75.65624],[112.33693,75.84809],[112.87062,75.71149],[112.81365,75.55732],[113.26743,75.65111],[113.70338,75.47134],[112.87965,74.99291],[112.14682,74.87836],[111.77231,74.66852],[111.40284,74.69111],[110.33155,74.49616],[110.21209,74.37238],[109.56121,74.31371],[109.96827,74.30484],[109.79689,74.16169],[108.9961,74.01557],[108.06658,73.63532],[107.14682,73.61766],[106.78541,73.34052],[106.06275,73.27302],[105.83383,73.00226],[105.07301,72.76508],[105.4826,72.76813],[106.03637,72.95252],[107.10326,72.85641],[106.22381,72.97736],[106.33302,73.18964],[108.31666,73.22158],[108.24122,73.30073],[109.2212,73.38711],[109.20924,73.46882],[109.41725,73.41559],[109.19361,73.55166],[109.71388,73.45258],[110.89861,73.68586],[110.66375,73.78726],[109.67368,73.67817],[109.53566,73.82123],[110.0215,74.01447],[110.959,73.90864],[111.12623,74.03046],[111.53647,74.05117],[111.1985,73.97793],[111.29518,73.86913],[112.37184,73.70531],[112.94532,73.79047],[112.84693,73.99453],[113.42791,73.63398],[113.13136,73.44969],[113.4983,73.33588],[113.48707,72.96369],[113.17726,72.73298],[114.09034,72.60065],[113.39096,72.68061],[113.15821,72.8227],[113.54225,72.97736],[113.56235,73.2534],[114.03582,73.34732],[113.46656,73.50495],[114.10914,73.59955],[115.4131,73.7104],[118.45021,73.58877],[118.99757,73.49136],[118.46713,73.47809],[118.39422,73.23802],[119.7225,72.95893],[120.5337,72.87421],[119.78338,73.01801],[121.79135,72.97687],[122.73219,72.82657],[122.3213,72.9501],[122.95338,72.89155],[122.46469,73.01899],[123.19093,72.92211],[123.40089,73.1743],[123.66383,73.16983],[123.21811,73.40876],[123.36964,73.66267],[123.59132,73.71699],[123.64552,73.60297],[123.97381,73.62702],[123.87672,73.77253],[124.05958,73.6848],[124.38307,73.80638],[124.98658,73.62787],[125.13746,73.70417],[125.19752,73.55093],[125.65187,73.52546],[125.56251,73.40876],[126.2881,73.55728],[126.15846,73.3815],[126.41969,73.40949],[126.5652,73.23347],[127.05047,73.54902],[127.98756,73.47085],[127.96022,73.34732],[128.36492,73.35415],[128.23463,73.26537],[128.96078,73.18964],[128.77735,73.07079],[129.06617,73.12767],[129.44351,73.02894],[129.35962,72.94001],[128.29078,72.90864],[128.12924,72.78608],[129.30787,72.71747],[129.19842,72.65518],[127.90545,72.66714],[128.61134,72.48273],[129.25831,72.46394],[129.56414,72.23066],[129.24195,72.13447],[129.48902,72.12763],[128.93409,72.07298],[127.66578,72.43008],[128.92661,71.73876],[129.18393,71.80927],[129.04119,72.01879],[129.54371,71.72297],[128.82049,71.65811],[129.24871,71.54987],[129.62623,71.08613],[130.08041,71.08344],[130.61988,70.8664],[130.76889,70.97752],[131.042,70.73876],[131.54615,70.88711],[131.85092,71.2082],[132.18832,71.21589],[131.94191,71.2674],[132.09164,71.49811],[132.71778,71.94623],[133.34136,71.88626],[133.03134,71.9551],[132.7151,71.8107],[133.15162,71.57917],[133.9087,71.3994],[134.60939,71.40306],[134.66863,71.26431],[134.81023,71.48184],[135.62159,71.62311],[136.77459,71.52342],[137.70493,71.28473],[137.52613,71.22028],[137.813,71.11961],[138.06471,71.15046],[137.73927,71.22948],[138.36297,71.31892],[137.82862,71.38715],[138.09864,71.58145],[138.50026,71.6131],[138.43816,71.53864],[138.75603,71.64301],[139.19223,71.41511],[140.03321,71.47211],[139.80926,71.86079],[139.33619,71.94953],[140.19711,72.21381],[139.56072,72.232],[139.34986,72.13447],[139.09401,72.24824],[139.54176,72.49763],[141.11085,72.58698],[140.72584,72.89863],[142.2317,72.70157],[145.40952,72.55589],[146.85402,72.35419],[145.35288,72.34675],[144.94321,72.43818],[144.52076,72.225],[144.10548,72.2779],[144.47755,72.17036],[146.92921,72.31265],[145.9725,71.85627],[146.34693,72.12763],[146.07895,72.1704],[145.96803,72.0705],[145.61329,72.24433],[145.80568,71.92902],[145.32936,71.871],[144.97096,71.98029],[145.21599,71.84333],[144.89324,71.6752],[146.15651,71.82071],[147.19557,72.3299],[148.40203,72.31094],[149.61134,72.14838],[150.04331,71.94139],[149.70948,71.7729],[149.36899,71.9038],[149.14869,71.77139],[148.83399,71.81232],[148.82716,71.6752],[149.9533,71.66987],[149.86801,71.46223],[150.63502,71.51496],[150.04672,71.20966],[150.65699,71.39029],[150.5949,71.2779],[151.03305,71.39399],[151.49244,71.33316],[152.13673,71.01728],[151.68149,70.9759],[152.54078,70.79133],[155.47983,71.06159],[155.5298,70.97622],[155.93637,71.09935],[157.98911,71.04751],[159.2378,70.82929],[160.09425,70.30988],[159.68865,70.13398],[159.91456,70.09858],[159.76905,69.76203],[160.92555,69.64208],[160.9629,69.10554],[161.41538,68.982],[160.82106,68.52741],[161.57407,68.92113],[161.41538,69.33145],[161.70265,69.49592],[162.32716,69.70197],[164.02703,69.77383],[164.83426,69.5674],[166.89381,69.49592],[167.80201,69.77521],[168.25408,69.54434],[168.28826,69.24266],[169.37127,69.07657],[169.6255,68.77725],[170.62517,68.7486],[170.44923,68.86347],[170.72804,68.82197],[170.68043,68.94038],[171.15943,69.04409],[170.60613,69.58979],[170.16073,69.61337],[170.59178,69.76472],[170.48162,70.14204],[172.72535,69.98086],[173.19801,69.78343],[173.47926,69.83576],[173.27857,69.94184],[173.92848,69.8454],[175.71554,69.88145],[175.99718,69.76936],[176.14579,69.83955],[175.78157,69.88528],[176.12761,69.89378],[176.73455,69.67475],[178.77263,69.41523],[179.06772,69.32526],[178.66619,69.38329],[178.67351,69.2978],[179.26148,69.27216],[180.0,68.98105],[180.0,65.06619],[178.56153,64.59154],[178.7212,64.69684],[177.60174,64.7259],[176.93686,65.08283],[176.30633,65.05549],[176.95851,65.04658],[177.20379,64.79487],[176.04566,64.96279],[175.71461,64.79365],[174.44174,64.69245],[176.08237,64.91893],[176.42368,64.70962],[176.11427,64.54194],[177.49187,64.76752],[177.45362,64.42064],[178.18385,64.2058],[178.20004,64.44017],[178.58863,64.0351],[178.38258,63.97305],[178.64324,64.00096],[178.75929,63.62299],[178.26881,63.56542],[178.71127,63.57001],[178.69898,63.38569],[178.77703,63.59516],[178.80934,63.35049],[179.38648,63.1612],[179.563,62.62474],[179.07358,62.28718],[177.30681,62.5821],[177.45777,62.81485],[177.18898,62.70966],[176.9922,62.86945],[177.23927,62.56977],[175.25807,62.16877],[173.80494,61.64985],[173.54461,61.74909],[173.12843,61.39696],[172.71559,61.43073],[172.89454,61.2779],[172.33823,61.21101],[172.47609,61.05573],[172.00929,61.10114],[172.04713,60.86066],[170.51588,60.45063],[170.26515,59.92036],[169.21437,60.62873],[167.02491,60.42768],[166.24513,59.83063],[166.3733,60.49946],[164.99928,60.13532],[165.21209,59.99136],[164.83863,59.78742],[164.48854,60.11103],[164.19044,59.85419],[164.20484,59.9975],[163.62867,60.04658],[163.18019,59.55825],[163.26187,59.08083],[162.88266,59.1328],[163.06855,58.96805],[162.40529,58.65444],[161.99323,58.08739],[162.3545,57.68854],[162.68995,57.96971],[163.32951,57.70894],[162.8002,57.34643],[162.7835,56.76303],[163.23897,56.73302],[163.36607,56.18066],[163.05121,56.0054],[162.55681,56.2285],[163.02013,56.53764],[162.41404,56.38387],[162.59254,56.26849],[162.05675,56.06914],[161.76413,55.55485],[162.10932,54.74294],[161.72381,54.50943],[160.74122,54.53522],[160.05299,54.17573],[159.79103,53.5163],[160.0586,53.09736],[159.82504,53.28294],[158.70867,52.89179],[158.43784,53.02534],[158.64715,52.89936],[158.28688,51.96752],[156.66999,50.86392],[155.55118,55.2842],[155.94654,56.62189],[157.00129,57.42551],[156.74903,57.72956],[157.4699,57.80394],[157.63966,58.02497],[158.33823,57.95303],[160.49732,59.55248],[161.89721,60.20296],[161.93856,60.41679],[163.72817,60.86838],[163.4873,61.00166],[164.02882,61.34663],[163.75148,61.4433],[164.12719,62.26238],[164.53831,62.45111],[165.29689,62.32258],[165.12378,62.45061],[165.65089,62.45917],[164.44692,62.68942],[163.39893,62.5759],[162.97673,61.79957],[163.32655,61.65786],[163.01728,61.51658],[162.83882,61.70757],[162.77484,61.59388],[162.41725,61.67585],[160.79162,60.7177],[160.18593,60.57841],[160.44421,61.03622],[159.79754,60.9311],[159.77562,61.24221],[160.28514,61.55411],[160.34571,61.94473],[159.57721,61.65277],[159.1178,61.91666],[157.0276,61.65058],[155.91362,60.70358],[154.22077,59.86962],[154.13844,59.45698],[154.9629,59.49608],[155.1941,59.17577],[154.43802,59.21552],[154.04868,59.0528],[153.36915,59.24128],[152.89991,58.90363],[152.36329,59.05972],[151.35366,58.83256],[151.10206,59.11433],[152.31183,59.22665],[151.7343,59.30726],[151.39606,59.60416],[150.77991,59.43226],[150.50374,59.48867],[150.77435,59.56191],[149.37526,59.7722],[149.0407,59.64289],[149.21209,59.46914],[148.74343,59.47158],[148.93452,59.23327],[148.21944,59.40887],[147.546,59.23755],[146.50392,59.46312],[146.05029,59.13887],[145.95701,59.41672],[143.90391,59.42271],[142.05584,59.02171],[140.74,58.27131],[140.49573,57.84477],[138.62306,56.9593],[138.22348,56.42416],[135.18372,54.85916],[135.75017,54.57095],[136.8235,54.64753],[136.76433,53.77529],[137.18572,53.85106],[137.06137,54.1457],[137.73585,54.32099],[137.30787,54.11835],[137.8628,53.9676],[137.33513,53.52936],[138.15008,53.67276],[138.57862,53.99934],[138.43922,53.51366],[138.64356,54.29719],[139.79705,54.29743],[141.40748,53.30378],[141.18881,52.98749],[140.70672,53.11103],[141.26059,52.85224],[141.12818,52.42292],[141.55584,52.1623],[140.68629,51.31281],[140.44215,50.5301],[140.69093,50.08027],[140.17701,48.46182],[139.26173,47.78791],[137.67148,45.79462],[135.1399,43.50837],[133.92677,42.88272],[133.15773,42.68842],[132.31153,42.84544],[132.3458,43.29792],[131.92994,43.06957],[131.82667,43.33796],[131.21955,42.55471],[130.65667,42.66408],[130.7036,42.29524],[130.37967,42.69667],[131.10304,42.91043],[131.28091,43.38022],[130.93343,44.84171],[131.85307,45.3376],[133.11542,45.12303],[133.90245,46.25899],[134.18357,47.3275],[134.77258,47.71073],[134.71873,48.26341],[134.38635,48.38134],[133.09196,48.10678],[132.52465,47.70753],[130.96568,47.70394],[130.67433,48.87082],[130.2018,48.8826],[129.4806,49.42127],[127.53865,49.78993],[127.59064,50.20872],[126.08804,52.77541],[123.61429,53.56335],[120.87426,53.28016],[120.03296,52.76066],[120.07937,52.58997],[120.72398,52.54217],[120.70579,51.97996],[120.10045,51.65995],[119.13756,50.39253],[119.31621,50.09265],[117.87377,49.51321],[116.21764,50.01385],[115.38782,49.89106],[114.28629,50.27688],[112.77713,49.50137],[110.73136,49.13767],[108.53806,49.32743],[107.92745,49.67004],[107.94652,49.93349],[107.1922,50.00604],[106.65652,50.32701],[105.32864,50.47646],[104.12169,50.14826],[103.27678,50.19756],[102.30293,50.56389],[102.07468,51.37482],[99.91791,51.74948],[98.92764,52.12958],[97.80636,51.00113],[98.26246,50.2838],[97.34334,49.73417],[94.60345,50.01974],[94.25867,50.55754],[93.10494,50.59883],[92.36091,50.86837],[89.66768,49.92729],[89.37194,49.58168],[88.19997,49.45435],[87.81632,49.16584]]],[[[22.76722,54.35627],[19.60955,54.45673],[19.97674,54.96459],[20.48243,54.97553],[20.92457,55.28266],[20.53093,54.96467],[21.09067,54.90156],[21.37485,55.28996],[22.04995,55.03354],[22.56547,55.0678],[22.76722,54.35627]]],[[[33.62852,46.12494],[34.68864,45.97401],[35.48072,45.2978],[35.83326,45.47089],[36.63836,45.35126],[36.44011,45.06745],[35.5062,45.11351],[33.72096,44.39964],[33.37232,44.57648],[33.53745,45.11738],[32.48162,45.40888],[33.69166,45.86074],[33.62852,46.12494]]],[[[-180.0,65.06623],[-180.0,68.98237],[-178.84481,68.75236],[-178.48493,68.59154],[-178.72462,68.67569],[-178.69993,68.54319],[-178.02135,68.41596],[-178.07368,68.25926],[-177.7047,68.34455],[-178.37507,68.55744],[-177.49226,68.29173],[-177.63471,68.1953],[-177.33808,68.24457],[-176.53937,67.8951],[-176.2088,67.90177],[-176.53332,68.00296],[-175.92073,67.85102],[-176.20579,67.64515],[-175.72499,67.5696],[-176.01197,67.72735],[-175.82403,67.81296],[-175.26553,67.65856],[-175.36688,67.35779],[-175.02334,67.37418],[-175.07982,67.48115],[-174.75644,67.30324],[-174.68782,66.73242],[-174.97134,66.66541],[-174.43566,66.53154],[-174.4635,66.27975],[-174.01591,66.47217],[-173.99931,66.21925],[-173.69113,66.4391],[-174.26395,66.56588],[-173.93055,66.66763],[-174.02621,66.96111],[-174.612,67.06141],[-173.64647,67.11562],[-173.07126,67.04423],[-173.30254,66.8221],[-173.07396,66.99307],[-172.36249,66.93321],[-172.98634,67.03918],[-171.71852,66.95078],[-170.38519,66.31653],[-170.62568,66.23481],[-170.27426,66.2904],[-170.1062,66.19305],[-170.33837,66.18578],[-169.64138,66.06833],[-170.60631,65.86131],[-170.58817,65.60457],[-171.46327,65.83259],[-171.03865,65.46699],[-172.0342,65.47444],[-171.74362,65.49966],[-172.26008,65.54523],[-172.29048,65.66617],[-172.85961,65.69986],[-172.38861,65.43224],[-172.0934,65.48357],[-172.18854,65.24245],[-172.70198,65.24763],[-172.08009,65.07591],[-173.16412,64.7646],[-172.80573,64.80337],[-172.96719,64.56114],[-172.22024,64.40734],[-172.88335,64.49471],[-173.10627,64.24098],[-173.41454,64.61665],[-173.63543,64.33223],[-174.65229,64.72533],[-174.65322,64.8979],[-175.41145,64.77126],[-175.86473,64.99921],[-176.04406,65.45209],[-176.97655,65.60806],[-177.41592,65.44075],[-178.4611,65.47274],[-178.42424,65.71288],[-178.97838,66.04926],[-178.68426,66.01257],[-178.47712,66.38276],[-178.78513,66.16724],[-179.1643,66.41437],[-179.17146,66.28946],[-179.42402,66.34406],[-179.25196,66.14517],[-179.69298,66.1839],[-179.76667,65.81981],[-179.26051,65.53218],[-180.0,65.06623]]],[[[180.0,71.53642],[180.0,70.99242],[178.79331,70.805],[178.84897,71.20995],[180.0,71.53642]]],[[[-180.0,70.99201],[-180.0,71.53669],[-179.73595,71.58641],[-178.39485,71.54072],[-177.44343,71.23701],[-177.93049,71.04145],[-179.34211,70.90803],[-180.0,70.99201]]],[[[142.52906,54.29719],[142.72316,54.4256],[143.00392,54.13548],[142.85182,53.87197],[143.36052,52.8714],[143.22413,51.52216],[144.7566,48.64326],[144.05787,49.2534],[143.25864,49.39338],[143.66676,49.31489],[143.0088,49.12303],[142.54526,47.76667],[143.62574,46.3747],[143.43051,46.02521],[143.36866,46.55549],[142.61842,46.71857],[142.0853,45.90082],[141.81422,46.5384],[142.19109,47.96674],[141.85743,48.77424],[142.26922,51.11241],[141.68678,51.7473],[141.64186,52.31818],[141.76881,53.37165],[142.24106,53.52936],[142.45533,53.38028],[142.80445,53.70698],[142.28256,54.29719],[142.52906,54.29719]]],[[[51.40952,71.80614],[51.61004,72.0917],[51.86573,72.15868],[52.36842,72.07534],[52.41651,72.28929],[52.86818,72.34675],[52.68865,72.48945],[53.10206,72.60065],[52.72397,72.55903],[52.75489,72.63837],[53.21811,72.64842],[52.37526,72.73037],[52.61671,72.86323],[53.38201,72.88862],[53.14194,72.96247],[53.32252,73.22085],[54.93483,73.42536],[56.43523,73.23013],[56.58204,73.12958],[55.80836,73.06611],[56.37721,73.00666],[55.61647,72.96369],[56.2518,72.97236],[56.2199,72.82657],[55.48072,72.80581],[55.94606,72.66889],[55.61647,72.69684],[55.61818,72.54218],[55.2671,72.58698],[55.53614,72.47248],[55.11557,72.45038],[55.46567,72.43618],[55.57496,72.19965],[55.22543,71.92902],[55.50636,71.89802],[56.10572,71.25898],[57.63868,70.72989],[57.45248,70.60635],[56.77638,70.71064],[57.34327,70.5716],[56.65162,70.62983],[56.55209,70.75397],[56.2199,70.66779],[56.64479,70.57445],[55.80836,70.69514],[56.02052,70.5738],[55.4048,70.75039],[55.16261,70.55313],[54.51344,70.82543],[54.76743,70.64794],[53.53972,70.805],[53.30014,70.8664],[53.70476,70.84593],[53.50172,71.09443],[54.24399,71.12287],[54.06446,71.23701],[53.79591,71.15534],[53.45094,71.26431],[53.95118,71.46223],[53.41334,71.31175],[53.4441,71.54548],[52.88234,71.39399],[52.54721,71.63483],[52.41627,71.47655],[52.26881,71.58796],[52.27906,71.47655],[51.84034,71.45604],[51.40952,71.80614]]],[[[56.98699,74.6905],[55.83269,74.80003],[56.67848,74.94868],[56.35711,74.94086],[56.42058,75.03726],[55.86997,74.99702],[55.80836,75.15664],[56.35629,75.19074],[56.44581,75.06729],[57.04623,75.39814],[57.74106,75.32787],[57.50082,75.49921],[58.16472,75.57836],[57.9795,75.67194],[59.39869,75.93744],[60.32228,75.99824],[60.04273,76.05415],[60.26808,76.11009],[60.83839,76.12299],[60.46843,76.01313],[60.73471,76.00536],[61.14576,76.11612],[60.89975,76.15717],[61.07691,76.27997],[62.3825,76.27119],[62.50367,76.17768],[62.77947,76.2707],[62.9568,76.20694],[63.71925,76.34968],[64.09083,76.31281],[65.48487,76.5749],[65.99879,76.53335],[65.88893,76.73941],[67.58806,77.01337],[68.78272,76.87792],[68.93832,76.56806],[68.28793,76.28132],[63.76173,75.64159],[63.55201,75.71149],[63.30437,75.58861],[61.69418,75.37568],[61.4817,75.22346],[61.27662,75.32787],[60.72478,75.02765],[60.57106,75.11791],[60.41603,75.01093],[59.92726,75.0058],[60.68751,74.92381],[60.1941,74.85497],[60.27638,74.74966],[59.5088,74.79975],[59.75522,74.58747],[59.09051,74.73827],[59.14576,74.44404],[58.18678,74.58124],[58.72804,74.23859],[58.29225,74.22163],[58.52198,74.14924],[58.30795,74.08763],[58.16212,74.15038],[58.1233,73.98672],[57.41212,74.18403],[57.53565,74.09398],[57.26075,74.08031],[57.91188,73.91584],[57.74871,73.72602],[57.39536,73.84553],[56.55568,73.88858],[57.34986,73.82758],[57.61752,73.66885],[57.35011,73.55341],[56.73512,73.68024],[57.25392,73.45718],[56.90846,73.31468],[56.74928,73.36152],[56.72983,73.24453],[56.12086,73.29002],[55.91749,73.44839],[55.924,73.312],[54.90008,73.44839],[54.25001,73.32827],[54.20362,73.50495],[55.34962,73.71723],[54.53004,73.70417],[54.28077,73.60053],[53.63258,73.77009],[54.80152,73.97044],[54.58863,74.01887],[55.01889,74.173],[55.86443,74.10594],[55.07586,74.26594],[55.73504,74.28002],[55.26075,74.36074],[55.38836,74.44505],[56.28004,74.48477],[55.65691,74.51976],[55.52955,74.65485],[56.98699,74.6905]]],[[[164.7069,58.97683],[163.49002,58.4445],[163.7172,59.00627],[164.55812,59.23969],[164.7069,58.97683]]],[[[50.32301,69.15054],[49.24855,68.77997],[48.59205,68.73086],[48.21941,68.89566],[48.30421,69.2768],[48.90626,69.50796],[50.32301,69.15054]]],[[[169.44646,69.84911],[169.23471,69.59211],[168.87452,69.56786],[167.75375,69.83234],[168.26466,70.02411],[169.44646,69.84911]]],[[[60.53981,69.81867],[59.93409,69.66787],[59.43149,69.88947],[58.93971,69.94221],[59.01596,69.85969],[58.5197,70.3476],[59.02361,70.4798],[60.53981,69.81867]]],[[[53.23178,71.21589],[53.00978,70.96821],[52.21705,71.3332],[52.74106,71.40583],[53.23178,71.21589]]],[[[78.27906,72.55219],[77.77076,72.305],[76.86988,72.30744],[77.56813,72.62816],[78.27906,72.55219]]],[[[79.563,72.76826],[79.39527,72.70405],[78.59693,72.81598],[79.17311,73.10139],[79.563,72.76826]]],[[[71.66912,73.22748],[71.73024,73.03441],[71.3745,73.17893],[69.87485,73.03827],[69.95932,73.39883],[70.46957,73.49921],[71.22918,73.46475],[70.98032,73.26537],[71.43572,73.35297],[71.66912,73.22748]]],[[[143.47495,73.32062],[143.52629,73.20781],[143.17494,73.17658],[140.78862,73.41],[139.9651,73.32657],[139.76709,73.41835],[140.4933,73.48504],[141.12721,73.88166],[142.04518,73.91657],[143.40724,73.54279],[143.47495,73.32062]]],[[[141.09783,74.14924],[140.98797,73.98477],[140.43776,73.90843],[140.22189,74.22008],[140.89145,74.27652],[141.09783,74.14924]]],[[[113.40577,74.44404],[112.77491,74.08808],[111.45924,74.31371],[111.95135,74.37079],[112.11012,74.55121],[113.40577,74.44404]]],[[[150.82765,75.1634],[150.60922,74.8935],[149.20899,74.758],[148.17213,74.80353],[146.07179,75.2403],[146.43621,75.59675],[146.79672,75.36636],[148.40773,75.42109],[148.61036,75.21552],[150.12941,75.22553],[150.50026,75.09447],[150.82765,75.1634]]],[[[135.99138,75.52717],[135.98341,75.41718],[135.45004,75.37568],[135.69313,75.86933],[136.18434,75.61591],[135.99138,75.52717]]],[[[145.36622,75.54023],[144.72934,75.43159],[144.94109,75.27334],[143.99855,75.02497],[142.88445,75.1468],[142.49431,75.37568],[143.00115,75.70795],[142.3379,75.72565],[142.00831,75.62275],[142.43946,75.20311],[143.69581,74.93744],[142.51401,74.81737],[141.97413,74.93378],[142.36451,74.93065],[142.19874,75.00422],[141.84376,74.99897],[140.0687,74.82795],[139.65203,74.98078],[139.12721,74.65229],[137.89527,74.84618],[136.86215,75.36205],[137.42237,75.36982],[137.14332,75.41022],[137.06764,75.72578],[137.1985,75.78962],[137.74269,75.74909],[137.43295,75.95319],[138.37664,76.15717],[138.43214,76.06338],[138.53273,76.1861],[139.04884,76.23908],[138.99513,76.14452],[139.82545,75.97004],[139.81691,75.87783],[140.50953,75.79047],[140.47584,75.64033],[141.06227,75.65009],[141.00099,76.04743],[141.62468,76.01313],[141.31007,76.18448],[142.54689,75.86298],[143.94711,75.83478],[145.36622,75.54023]]],[[[96.64405,76.26704],[96.59555,76.15717],[96.44679,76.27163],[96.2461,76.20498],[96.34474,76.10505],[95.26612,76.21857],[95.34995,76.28876],[96.64405,76.26704]]],[[[96.52735,77.20551],[96.23504,76.99047],[95.25709,76.9916],[96.52735,77.20551]]],[[[105.41554,78.58344],[104.78736,78.33637],[103.01596,78.2565],[102.66033,78.1645],[102.60711,78.22553],[101.20981,78.19351],[100.03728,77.96161],[99.37135,77.95966],[100.38527,78.75161],[100.60157,78.79816],[101.16635,78.76097],[100.82374,78.80878],[100.90724,78.98509],[101.07008,79.03465],[101.62566,78.98688],[100.98813,79.06265],[101.04265,79.133],[101.64674,79.36424],[102.24627,79.24165],[102.30291,79.43281],[103.15317,79.30964],[102.37916,78.82245],[102.92115,79.05842],[103.62428,79.17121],[104.45533,78.96674],[104.57887,78.77521],[104.75904,78.85334],[105.17506,78.80927],[105.41554,78.58344]]],[[[77.61362,79.52192],[76.69606,79.47761],[76.05144,79.64851],[77.61362,79.52192]]],[[[93.62818,79.93342],[93.74684,79.85615],[93.05209,79.71528],[91.92189,79.67894],[92.32211,79.75682],[91.07252,79.85098],[91.29859,79.91913],[90.86655,80.06257],[91.78207,80.06379],[93.62818,79.93342]]],[[[51.34685,79.95332],[50.04526,79.97443],[50.5525,79.98802],[51.00099,80.10252],[51.34685,79.95332]]],[[[99.886,79.04149],[99.92555,78.94599],[99.45834,78.8288],[98.5796,78.78217],[97.44223,78.81721],[97.55787,78.85468],[96.36964,79.02167],[95.69728,78.99828],[95.52377,79.10908],[95.06658,79.03815],[94.82667,79.06664],[94.334,79.2486],[94.31227,79.47919],[93.98805,79.42715],[93.69695,79.45987],[93.99122,79.49404],[93.6902,79.54243],[93.88201,79.60383],[93.23585,79.43895],[93.27882,79.51976],[92.85418,79.5561],[93.28028,79.55248],[94.16944,79.77521],[94.69011,79.81611],[94.22462,79.89867],[94.952,80.10448],[95.24187,80.02155],[95.50213,80.11148],[96.17408,80.0915],[97.59213,80.17487],[98.08961,80.05634],[97.24684,79.69953],[97.92612,79.90217],[98.37721,79.87788],[98.51539,80.05231],[99.19898,80.04999],[100.077,79.78266],[99.81707,79.74165],[99.66668,79.31224],[99.46013,79.24755],[99.03492,79.29597],[99.886,79.04149]]],[[[55.79493,80.64228],[55.43165,80.71426],[55.7824,80.76113],[56.53045,80.78709],[56.94606,80.69379],[56.32911,80.6249],[55.79493,80.64228]]],[[[46.68727,80.52928],[46.084,80.43989],[46.04371,80.57355],[45.51531,80.51976],[44.90707,80.63003],[46.92075,80.74868],[47.13819,80.84223],[48.49635,80.79808],[48.72682,80.61074],[48.06373,80.66242],[47.74879,80.77049],[47.35865,80.68818],[47.43068,80.59382],[47.20004,80.62556],[46.68727,80.52928]]],[[[62.22193,80.81322],[62.11598,80.62238],[61.70623,80.59748],[61.08448,80.41059],[60.30738,80.49555],[59.6364,80.43122],[59.22145,80.65278],[59.69386,80.83714],[60.17091,80.85395],[59.96811,80.80988],[60.36199,80.78998],[61.60255,80.89566],[62.06772,80.87987],[62.22193,80.81322]]],[[[58.13006,80.78075],[57.81568,80.80988],[58.1574,80.87124],[58.92888,80.88215],[58.89552,80.77375],[58.13006,80.78075]]],[[[55.76588,80.78368],[54.87672,80.72114],[53.98463,80.82852],[54.72242,80.87189],[54.82293,80.83592],[55.09702,80.90282],[55.9865,80.80366],[55.76588,80.78368]]],[[[51.6893,80.72728],[50.94956,80.53677],[49.72779,80.49433],[49.81617,80.40103],[49.49041,80.36351],[48.83953,80.38784],[48.62696,80.29532],[49.03785,80.24128],[48.96909,80.15192],[48.52833,80.20913],[48.44386,80.10082],[48.11606,80.13679],[47.66359,80.07001],[47.92937,80.24714],[46.89454,80.1918],[46.61842,80.29532],[47.08855,80.37165],[47.22389,80.30899],[48.18873,80.33755],[47.61948,80.40518],[48.20232,80.416],[48.10011,80.4763],[47.41521,80.46625],[48.3755,80.57111],[48.56902,80.5056],[49.18824,80.52143],[49.68198,80.72114],[49.20289,80.69379],[49.33953,80.73477],[48.99887,80.71906],[49.00367,80.7757],[49.80177,80.89338],[50.39698,80.92109],[50.02312,80.85822],[50.87843,80.91157],[51.01775,80.8371],[50.47039,80.80988],[50.34018,80.71605],[51.31267,80.78998],[51.6893,80.72728]]],[[[79.80665,80.97431],[80.43718,80.94017],[80.32643,80.86054],[79.12761,80.80671],[79.2107,80.96133],[79.80665,80.97431]]],[[[58.65366,81.04377],[58.36695,80.94595],[57.84474,81.05952],[58.06951,81.11152],[58.65366,81.04377]]],[[[57.33644,80.89179],[56.14715,81.1232],[57.25636,81.06476],[58.2824,80.9265],[57.83814,80.85334],[57.33644,80.89179]]],[[[54.56414,80.99543],[54.67091,81.12519],[55.52027,81.00845],[56.01922,81.04361],[57.7068,80.78266],[57.05877,80.69184],[56.66847,80.80923],[55.79884,80.85444],[55.38063,80.96857],[54.56414,80.99543]]],[[[91.54721,81.1538],[91.18621,81.05683],[89.99635,81.10529],[89.89389,81.17357],[90.07154,81.21455],[91.45484,81.19261],[91.54721,81.1538]]],[[[97.74708,80.7416],[97.97291,80.72114],[97.719,80.66364],[97.13063,80.66584],[97.02076,80.52586],[97.42286,80.32697],[97.188,80.23359],[94.53004,80.13101],[93.74985,79.99677],[92.06577,80.17243],[92.88819,80.17243],[92.10743,80.28974],[93.2894,80.26683],[93.19215,80.31647],[91.42213,80.30956],[91.66236,80.38524],[92.62761,80.39155],[91.88771,80.4604],[92.7693,80.51675],[93.27027,80.79711],[92.49724,80.7757],[93.14845,80.93073],[93.05275,80.99543],[95.54721,81.22077],[95.10353,81.27131],[95.77662,81.2888],[96.76637,80.94994],[97.75465,80.82929],[97.74708,80.7416]]],[[[57.26612,81.42682],[56.74049,81.45352],[56.94606,81.52241],[57.78403,81.56476],[57.88885,81.48558],[58.39991,81.47419],[58.57049,81.41315],[57.79762,81.37889],[57.26612,81.42682]]],[[[62.50367,81.65278],[62.10646,81.68008],[62.64772,81.72163],[63.80592,81.66014],[63.46746,81.58906],[62.50367,81.65278]]],[[[58.29542,81.71418],[57.89129,81.70795],[57.97779,81.81664],[59.40309,81.83657],[59.35564,81.75332],[58.29542,81.71418]]],[[[59.00172,79.98062],[58.7964,80.04365],[59.52914,80.12092],[59.78631,80.09418],[59.73756,79.95987],[59.37208,79.91966],[59.00172,79.98062]]],[[[55.71209,80.10346],[56.04786,80.20034],[55.98927,80.33666],[57.02198,80.364],[57.07748,80.08299],[55.71209,80.10346]]],[[[52.62289,80.1833],[52.18287,80.27607],[52.56886,80.2895],[52.90593,80.41258],[53.29371,80.40864],[53.82081,80.24128],[53.48992,80.17182],[52.62289,80.1833]]],[[[57.52882,80.13142],[56.94606,80.48151],[58.89869,80.42691],[59.27613,80.33002],[58.39096,80.32022],[58.07691,80.26179],[58.46062,80.23509],[58.4065,80.16559],[58.04135,80.20576],[57.97047,80.09894],[57.52882,80.13142]]],[[[60.2562,81.03636],[60.6128,81.09247],[61.70167,81.10529],[60.9878,80.92202],[60.07,80.97964],[60.2562,81.03636]]],[[[62.77052,80.88556],[63.14226,80.97138],[64.16912,81.0102],[64.42286,81.19383],[65.22983,81.13671],[65.46168,80.92548],[64.58668,80.75519],[63.13071,80.68309],[62.51051,80.81013],[62.77052,80.88556]]],[[[55.64682,81.20026],[55.46567,81.32441],[56.60279,81.26171],[56.33595,81.3852],[57.90504,81.29711],[56.61451,81.17853],[56.24041,81.22822],[55.64682,81.20026]]]]}},{"type":"Feature","properties":{"iso_a2":"cz","iso_a3":"CZE","admin":"Czechia","name":"Czechia"},"geometry":{"type":"Polygon","coordinates":[[[14.81039,50.85845],[15.14443,51.01156],[15.3561,50.77546],[16.33164,50.64404],[16.19956,50.40628],[16.66062,50.09302],[17.01481,50.21849],[16.89295,50.43294],[17.70799,50.31104],[17.63275,50.10635],[18.55921,49.90719],[18.8332,49.51026],[16.94504,48.60417],[15.00397,49.00977],[14.67562,48.57623],[14.04083,48.60117],[12.64355,49.42949],[12.07614,50.31517],[12.30042,50.16081],[14.34654,50.8802],[14.28753,51.03683],[14.81039,50.85845]]]}},{"type":"Feature","properties":{"iso_a2":"de","iso_a3":"DEU","admin":"Germany","name":"Germany"},"geometry":{"type":"MultiPolygon","coordinates":[[[[13.81572,48.76643],[12.73894,48.11345],[13.00187,47.46602],[12.24223,47.73202],[11.23702,47.39396],[10.42921,47.57702],[10.15988,47.27112],[9.94593,47.54077],[8.58312,47.80024],[8.5607,47.5894],[7.58603,47.58462],[7.58567,48.12973],[8.20031,48.95856],[6.72556,49.15555],[6.34531,49.45535],[5.92804,51.80674],[6.74375,51.90833],[7.02632,52.23064],[6.67172,52.54168],[7.01846,52.62599],[7.36655,53.3028],[7.02361,53.37641],[7.22609,53.66649],[8.03142,53.70807],[8.20533,53.41071],[8.27068,53.61286],[8.55209,53.54361],[8.5044,53.35806],[8.58758,53.87043],[9.2107,53.87197],[9.83204,53.54361],[8.91603,53.9374],[8.96315,54.31761],[8.59986,54.33808],[9.01157,54.50633],[8.66078,54.89631],[9.94752,54.77953],[9.8401,54.47529],[10.1434,54.49185],[10.14177,54.32441],[11.13551,54.38589],[10.88738,53.96393],[12.115,54.09789],[12.53386,54.48827],[12.92115,54.4335],[12.36883,54.26919],[13.03419,54.43366],[14.2645,53.75161],[14.44163,53.25184],[14.12392,52.85065],[14.64482,52.57692],[14.58581,51.80389],[14.95529,51.06404],[14.75923,50.81018],[14.28753,51.03683],[14.34654,50.8802],[12.30042,50.16081],[12.07614,50.31517],[12.64355,49.42949],[13.81572,48.76643]]]]}},{"type":"Feature","properties":{"iso_a2":"ee","iso_a3":"EST","admin":"Estonia","name":"Estonia"},"geometry":{"type":"MultiPolygon","coordinates":[[[[24.30616,57.86819],[24.55104,58.33373],[23.74098,58.34309],[23.49773,58.6966],[23.87436,58.77167],[23.42945,58.76484],[23.47088,59.21214],[24.80348,59.5705],[25.40943,59.49103],[25.48487,59.66983],[28.10483,59.43921],[27.41061,58.75486],[27.79932,57.86107],[27.35294,57.5276],[26.49955,57.51582],[25.28169,58.07341],[24.30616,57.86819]]],[[[23.23064,58.50483],[22.01686,57.9145],[22.20297,58.14789],[21.83237,58.51097],[22.08937,58.42219],[22.58318,58.63451],[23.23064,58.50483]]]]}},{"type":"Feature","properties":{"iso_a2":"lv","iso_a3":"LVA","admin":"Latvia","name":"Latvia"},"geometry":{"type":"Polygon","coordinates":[[[27.35294,57.5276],[27.84029,57.29064],[27.62837,56.84415],[27.91352,56.82015],[28.21728,56.27073],[27.59271,55.79424],[26.48105,55.67831],[24.87097,56.4426],[24.13892,56.25745],[22.09408,56.41741],[21.0534,56.07262],[21.05274,56.82892],[21.77166,57.58613],[22.60027,57.75804],[23.69516,56.96727],[24.40064,57.25812],[24.30616,57.86819],[25.09421,58.06731],[26.49955,57.51582],[27.35294,57.5276]]]}},{"type":"Feature","properties":{"iso_a2":"no","iso_a3":"NOR","admin":"Norway","name":"Norway"},"geometry":{"type":"MultiPolygon","coordinates":[[[[20.62317,69.03636],[20.10227,69.02214],[20.35651,68.80459],[19.97121,68.35128],[18.43622,68.57385],[18.16151,68.53019],[17.921,67.97285],[17.32145,68.1053],[16.78288,67.89699],[16.12711,67.42276],[16.41557,67.0527],[15.42627,66.49121],[15.48188,66.27487],[14.54054,66.12545],[14.51429,65.31808],[13.64276,64.58402],[14.09695,64.46532],[14.1478,64.169],[13.96424,64.00953],[12.98244,64.05883],[12.1703,63.59813],[12.16172,61.72484],[12.88818,61.34962],[12.7038,61.0462],[12.25329,61.0017],[12.60531,60.41916],[12.48325,60.08124],[11.67493,59.60711],[11.66438,58.92007],[10.73813,59.2167],[10.68873,59.91177],[10.54273,59.53555],[10.22438,59.72382],[10.51417,59.30292],[10.26246,59.03856],[9.8462,58.95563],[9.53907,59.12055],[9.68979,58.95669],[8.20191,58.12299],[8.00408,58.22305],[7.0066,57.99315],[7.14747,58.10008],[6.72242,58.18944],[6.6185,58.0683],[6.84596,58.27139],[6.0101,58.38491],[5.47795,58.75475],[5.55055,59.03856],[6.22885,58.83999],[6.12648,58.9621],[6.62623,59.0528],[6.03386,58.90518],[5.8755,59.06623],[6.46168,59.31977],[6.04152,59.38369],[6.5442,59.55996],[6.23634,59.52582],[6.28647,59.64924],[5.92416,59.35578],[6.15317,59.47744],[5.80738,59.53937],[5.85963,59.35077],[5.5866,59.41649],[5.50538,59.27774],[5.1823,59.51122],[5.48911,59.7381],[5.41676,59.50471],[6.31153,59.85419],[5.64617,59.85419],[6.29103,60.12165],[6.20167,60.29979],[6.64039,60.41649],[6.52377,60.08076],[6.65406,60.38239],[7.10597,60.50585],[6.1775,60.47101],[5.73927,59.99445],[5.73658,60.39203],[5.40984,60.13133],[5.14096,60.35139],[5.30584,60.52827],[5.65357,60.43081],[5.74977,60.71817],[5.22283,60.57416],[4.92677,60.80012],[5.43385,60.62873],[5.23585,60.77619],[5.53688,60.8758],[5.13103,60.81208],[5.00807,61.03364],[6.09848,61.12222],[6.37289,61.01236],[6.6006,61.17524],[7.10597,60.86156],[7.00034,61.09292],[7.695,61.23208],[7.31202,61.2873],[7.57203,61.48534],[7.26368,61.39594],[7.30519,61.16324],[6.55787,61.2246],[6.70191,61.40278],[6.43434,61.11473],[5.19386,61.10529],[4.97999,61.27534],[5.63307,61.3618],[4.94793,61.41641],[5.80445,61.45799],[5.17823,61.50975],[5.42701,61.58894],[4.98813,61.74689],[5.39479,61.91108],[5.89926,61.73859],[6.81861,61.87641],[5.15577,61.89606],[5.40016,62.02001],[5.07814,62.18423],[5.46168,62.00674],[5.45428,62.19107],[5.74977,62.08861],[5.90553,62.1909],[5.84539,62.01972],[5.9546,62.13996],[6.36671,62.06135],[5.92604,62.22549],[6.3108,62.37206],[6.53053,62.10912],[6.40024,62.38719],[6.70875,62.45173],[7.18784,62.10228],[7.02809,62.26602],[7.37355,62.27302],[6.7907,62.47842],[6.24293,62.45112],[6.67457,62.49274],[6.26612,62.59296],[7.0923,62.65095],[7.54249,62.50361],[7.77817,62.57465],[7.5232,62.67438],[8.14747,62.69196],[6.97039,62.72557],[7.21583,62.81485],[6.91017,62.92939],[7.97389,62.97696],[8.54526,62.65717],[7.87721,63.0104],[8.08668,63.10969],[8.70297,62.82225],[8.16554,63.1153],[8.94313,63.21206],[8.47641,63.29401],[8.67237,63.42121],[9.01832,63.46654],[9.09343,63.29401],[9.4769,63.40388],[9.16196,63.50715],[9.69907,63.64448],[9.83326,63.3288],[10.25904,63.26728],[10.094,63.43867],[10.79786,63.41739],[10.73471,63.61335],[11.45769,63.78998],[11.09653,63.8581],[11.48683,64.00666],[11.36207,64.11709],[10.57374,63.80915],[10.93491,63.89814],[10.91,63.73102],[10.08033,63.50751],[9.79225,63.66454],[10.10141,63.76756],[9.54412,63.66559],[9.77809,63.76756],[9.54591,63.7744],[10.19703,63.9383],[9.94313,63.9184],[9.99781,64.10957],[10.64894,64.35663],[10.49732,64.4291],[10.85499,64.37775],[10.65642,64.45222],[10.95672,64.60301],[11.22486,64.32246],[11.65626,64.48017],[11.7798,64.59687],[11.39617,64.70673],[12.22486,64.93944],[11.261,64.73436],[11.69711,64.91218],[11.26726,64.86982],[11.97853,65.06883],[12.19402,64.99486],[12.931,65.3124],[12.50278,65.14492],[12.35515,65.22687],[12.71209,65.25414],[12.24529,65.23363],[12.78028,65.45962],[12.35515,65.60419],[12.49537,65.73334],[12.78712,65.63837],[12.6823,65.92666],[13.17604,65.85578],[13.04038,66.08344],[12.67042,66.06289],[13.52719,66.24014],[13.5359,66.11054],[13.82163,66.14704],[13.64112,66.22061],[14.14389,66.33381],[13.04038,66.17963],[13.53443,66.30931],[13.03728,66.31997],[12.97202,66.5222],[13.36207,66.45551],[13.72625,66.6048],[13.23902,66.54841],[13.19117,66.66657],[13.54737,66.63825],[13.22535,66.71402],[13.99301,66.78974],[13.54363,66.92186],[13.95899,66.92695],[14.05991,67.06086],[14.56821,67.01813],[14.26743,67.08393],[14.74334,67.11831],[14.60377,67.20425],[15.50147,67.07026],[15.37672,67.20063],[15.74041,67.17329],[15.16505,67.31049],[14.3283,67.2416],[15.05885,67.57734],[14.82927,67.475],[15.42905,67.48298],[15.65846,67.2757],[15.52866,67.46747],[15.89796,67.55687],[15.23927,67.52924],[15.30112,67.7202],[15.8366,67.69404],[15.43279,67.86074],[14.83611,67.64252],[15.1172,67.74189],[14.77296,67.81598],[15.86012,67.89964],[15.89828,68.06684],[15.28175,68.03669],[15.64373,68.16893],[15.62843,68.05305],[15.84449,68.09626],[15.97967,68.25007],[16.48471,67.7978],[16.20704,68.00259],[16.46656,67.89956],[16.38917,68.05927],[16.68897,68.07103],[16.28907,68.09129],[16.5901,68.16706],[16.10336,68.28315],[16.80299,68.13227],[16.22006,68.35139],[17.12729,68.37287],[17.334,68.16706],[17.24789,68.40599],[17.87184,68.39301],[17.54656,68.5301],[17.04664,68.43415],[16.46461,68.51],[16.9607,68.70454],[17.67937,68.66047],[17.23439,68.75605],[17.78297,68.7486],[17.46762,68.8312],[17.82594,68.89374],[17.42612,68.89948],[17.65886,69.11689],[18.15235,69.15396],[18.15846,69.45962],[18.50245,69.23526],[18.56479,69.36465],[19.00538,69.28555],[18.4546,69.45433],[18.85271,69.55231],[19.47722,69.22077],[18.94435,69.6153],[19.24903,69.77709],[19.78419,69.80439],[19.53028,69.40034],[19.74318,69.61262],[20.11256,69.58535],[19.82447,69.7119],[20.29265,69.97101],[20.38258,69.59878],[19.94801,69.26313],[20.48243,69.57787],[20.85304,69.49592],[20.48243,69.76341],[21.09254,69.94839],[20.89389,69.85285],[21.17921,69.81949],[21.28989,70.02106],[22.08627,69.73957],[22.11362,70.03034],[21.79835,70.03718],[22.09938,70.12035],[21.71949,70.06061],[21.20924,70.20848],[21.55299,70.32103],[21.87403,70.14704],[21.98683,70.32343],[22.30584,70.2873],[22.27467,70.13548],[22.55934,70.12661],[22.40064,70.25829],[22.96705,70.20746],[22.28492,70.04401],[23.01856,70.14704],[23.32985,69.94839],[23.51319,70.36555],[23.91798,70.50943],[24.35027,70.45624],[24.10271,70.54141],[24.35239,70.69098],[24.72348,70.62104],[24.24513,70.78449],[24.39576,70.86689],[24.63543,70.77977],[24.63689,70.97565],[25.03346,70.97134],[24.91603,70.87324],[25.15358,70.9195],[25.24562,70.79133],[25.365,70.97614],[25.44166,70.8415],[25.92579,70.86367],[25.05991,70.48965],[25.28712,70.45612],[24.94337,70.10236],[25.22853,70.09243],[26.61362,70.94912],[26.50587,70.36286],[27.10206,70.46979],[27.11061,70.72871],[27.62965,70.805],[27.1338,70.95002],[27.25318,71.02631],[27.55421,70.95527],[27.65016,71.1271],[28.54884,70.9726],[28.26588,70.79499],[27.76002,70.79133],[28.13054,70.73603],[27.65016,70.60635],[28.30128,70.70258],[27.84938,70.48286],[28.3353,70.51765],[28.01385,70.07136],[28.79469,70.87324],[29.4048,70.78449],[29.30641,70.6529],[30.06959,70.71556],[30.34734,70.59614],[30.00074,70.53807],[30.94695,70.45002],[31.077,70.28425],[30.15895,70.07136],[28.59669,70.16132],[29.68588,69.96955],[29.36378,69.85969],[29.74122,69.90746],[29.48732,69.66108],[30.03045,69.77595],[30.18629,69.68773],[30.28924,69.88654],[30.3602,69.66747],[30.45069,69.81029],[30.84095,69.80584],[30.89825,69.54423],[30.11907,69.63456],[30.12341,69.44191],[29.37679,69.30161],[28.95408,69.02726],[28.85217,69.20353],[29.34454,69.46439],[29.14714,69.66391],[27.66506,70.06828],[27.10034,69.90175],[26.50069,69.91832],[26.00511,69.68934],[25.79582,68.99331],[24.90518,68.55695],[23.92901,68.81621],[23.19758,68.61803],[22.4092,68.71291],[21.63881,69.27138],[21.09838,69.2395],[21.07151,69.03667],[20.62317,69.03636]]],[[[16.52857,68.72199],[16.49757,68.55402],[16.10597,68.53852],[15.94093,68.38032],[15.87078,68.49543],[15.63795,68.30419],[15.33839,68.33198],[15.54176,68.50967],[15.0005,68.25332],[15.2173,68.55687],[15.63054,68.61213],[15.44956,68.72915],[15.71363,68.7014],[15.45558,68.76903],[15.64479,68.95474],[15.9074,68.95942],[15.76148,68.73558],[15.98959,68.7635],[15.74041,68.5301],[16.25465,68.90322],[16.52857,68.72199]]],[[[18.07081,69.43793],[17.98845,69.18744],[17.47218,69.20014],[17.1294,69.01154],[16.77963,69.07014],[17.17237,69.20112],[16.89861,69.19489],[17.14568,69.25633],[16.92652,69.39354],[17.39942,69.3662],[17.34327,69.53754],[17.64527,69.46182],[17.46762,69.59956],[18.07081,69.43793]]],[[[22.42213,70.51073],[22.15447,70.47232],[22.33334,70.61319],[21.9865,70.66254],[22.41521,70.62621],[22.54103,70.71747],[22.72486,70.60358],[22.72299,70.74848],[22.96909,70.6612],[23.35808,70.86408],[23.08888,70.58625],[22.42213,70.51073]]],[[[24.42477,77.82594],[23.23454,77.26368],[22.4297,77.26374],[22.77833,77.55492],[22.57911,77.51337],[22.50734,77.57705],[22.19174,77.50414],[20.86549,77.4562],[21.66179,77.91804],[20.87696,78.09858],[21.69679,78.21109],[22.96607,78.25629],[23.47047,78.15827],[23.12045,77.98591],[23.62827,77.87031],[24.30494,77.91185],[24.42477,77.82594]]],[[[21.02426,78.21914],[20.64723,78.19404],[20.66114,78.39106],[20.18312,78.49535],[21.02036,78.54475],[21.17823,78.62324],[21.49936,78.56806],[22.08473,78.59496],[22.27125,78.26752],[21.02426,78.21914]]],[[[12.14283,78.23705],[11.12184,78.43887],[10.51612,78.90648],[10.99985,78.83417],[11.25904,78.52823],[11.87224,78.44794],[12.14283,78.23705]]],[[[20.20875,78.63809],[18.96176,78.45246],[19.09832,78.10301],[18.40626,78.02115],[18.29981,77.52021],[17.72779,77.49348],[17.33741,77.04727],[17.09718,77.05467],[17.32374,76.97895],[16.91912,76.79393],[17.19207,76.69684],[16.80958,76.56684],[16.43092,76.62238],[16.34376,76.57241],[16.28403,76.70791],[15.50147,76.87653],[16.52857,77.00007],[16.02898,77.08515],[15.34571,77.00853],[15.04021,77.13475],[14.44776,77.18138],[13.91065,77.53449],[14.43995,77.58609],[14.71111,77.49445],[15.04233,77.56672],[16.22136,77.44086],[15.84588,77.5788],[14.74049,77.66421],[16.33334,77.79759],[17.10613,77.77521],[16.78932,77.87714],[17.00782,77.93854],[16.68287,77.86603],[15.55453,77.88011],[13.95704,77.71992],[13.58912,78.05585],[13.95769,78.09569],[14.33009,77.96442],[14.23276,78.09345],[15.69353,78.21483],[15.79509,78.34292],[16.93653,78.35228],[17.2964,78.4326],[16.85084,78.38491],[16.32993,78.45246],[16.82716,78.64802],[16.55421,78.71931],[16.00196,78.48273],[15.43946,78.4584],[15.19288,78.58959],[15.4651,78.65461],[15.38152,78.85139],[14.98268,78.5974],[14.81495,78.73363],[14.44557,78.67841],[14.38356,78.50092],[14.73365,78.39106],[14.28598,78.38744],[14.07586,78.24291],[14.09669,78.28864],[13.94467,78.22651],[13.7461,78.26752],[13.85597,78.21288],[13.00961,78.20384],[12.36256,78.48725],[13.19801,78.54247],[12.4297,78.54418],[11.90357,78.63809],[11.64324,78.74726],[11.9017,78.84431],[11.34596,78.95417],[12.5066,78.91181],[12.42433,78.99665],[12.06479,78.97427],[11.6836,79.0694],[12.115,79.30219],[11.83497,79.29597],[11.85288,79.22602],[11.59474,79.30964],[11.70045,79.16804],[11.22828,79.10065],[10.84116,79.37104],[10.70802,79.56143],[11.18385,79.56293],[10.85499,79.59699],[11.01368,79.64997],[11.45769,79.63178],[11.22731,79.78803],[11.52377,79.76708],[11.82228,79.84504],[12.29705,79.66498],[12.20436,79.83723],[12.53663,79.74628],[13.84213,79.87788],[13.89715,79.73774],[13.01368,79.69326],[12.45143,79.56908],[13.45167,79.59243],[13.25953,79.47354],[13.61695,79.48094],[14.04168,79.26582],[13.88315,79.54243],[14.52752,79.80927],[14.85792,79.77367],[15.77272,79.24217],[15.68214,79.11221],[15.8816,79.16104],[16.43523,78.91144],[15.64186,79.83186],[16.13771,79.87075],[16.02166,80.01537],[16.54152,80.04751],[16.82008,79.8758],[16.96469,79.96259],[17.26954,79.94554],[18.0984,79.72736],[17.59067,79.54857],[17.65317,79.36937],[18.34693,79.62995],[18.88185,79.44111],[18.59181,79.26122],[18.94508,79.15697],[19.78631,79.16511],[19.90642,79.01423],[21.54103,78.84691],[21.38331,78.6586],[20.69142,78.69359],[20.5783,78.6306],[20.20875,78.63809]]],[[[33.09864,80.22769],[33.5962,80.20319],[32.83106,80.13325],[31.47706,80.10395],[33.09864,80.22769]]],[[[27.17107,80.07343],[27.20737,79.87368],[25.82602,79.62604],[25.82911,79.44221],[25.18328,79.33625],[24.92066,79.37824],[24.2881,79.30988],[24.05307,79.18887],[22.92563,79.22285],[22.6421,79.31782],[22.89503,79.4195],[20.8169,79.37808],[20.72975,79.45856],[19.68531,79.5539],[19.63331,79.61131],[20.20834,79.64545],[21.15455,79.56908],[20.4756,79.68643],[21.85035,79.70694],[22.28745,79.80573],[18.78386,79.72309],[18.11199,79.9055],[18.66871,80.01016],[18.78981,79.97443],[18.93377,80.05634],[18.23487,80.0489],[18.36459,80.08365],[17.78297,80.13825],[18.03745,80.19286],[18.68141,80.16185],[18.70045,80.20718],[19.33131,80.09101],[19.58481,80.15192],[18.98162,80.34369],[19.85182,80.22077],[19.91383,80.38524],[19.46876,80.40888],[19.65675,80.50503],[20.10548,80.37848],[20.38982,80.42349],[20.85288,80.21394],[21.84669,80.27212],[21.59962,80.12523],[22.0652,80.11099],[22.28321,79.98306],[22.57602,80.29902],[22.33774,80.38386],[22.68214,80.42691],[22.75034,80.33002],[22.78159,80.51728],[23.36061,80.43305],[23.12232,80.11758],[23.24049,80.19465],[23.39869,80.14252],[23.47047,80.21336],[23.56764,80.13349],[23.80486,80.18456],[23.76531,80.30907],[24.33562,80.28628],[24.25978,80.3758],[24.52133,80.25568],[24.82993,80.3559],[24.78012,80.24811],[25.35548,80.28229],[25.70436,80.17243],[26.80714,80.17426],[27.17107,80.07343]]]]}},{"type":"Feature","properties":{"iso_a2":"se","iso_a3":"SWE","admin":"Sweden","name":"Sweden"},"geometry":{"type":"MultiPolygon","coordinates":[[[[20.62317,69.03636],[22.07217,68.47701],[22.80825,68.3949],[23.66215,67.95043],[23.43126,67.48552],[23.7652,67.42007],[23.58133,67.15314],[24.00404,66.8052],[23.66277,66.31652],[24.1631,65.8227],[23.19597,65.82697],[23.10304,65.70466],[22.65301,65.90839],[22.66375,65.75751],[22.40553,65.86392],[22.20924,65.76122],[22.40528,65.54194],[21.76417,65.72773],[22.20297,65.54898],[21.48911,65.39338],[21.62281,65.24079],[21.27784,65.35004],[21.58595,65.06916],[21.03736,64.83271],[21.60646,64.45222],[20.67465,63.78925],[19.68735,63.43134],[19.4463,63.56086],[19.51661,63.41474],[19.29322,63.46654],[19.05275,63.17886],[18.56446,63.17792],[18.19508,62.77741],[17.69361,62.9936],[18.06422,62.59577],[17.70737,62.43744],[17.33082,62.48774],[17.65268,62.232],[17.34457,61.93667],[17.49635,61.63508],[17.13803,61.72553],[17.05633,61.58218],[17.1867,60.69237],[17.67058,60.5041],[17.97486,60.58784],[19.07162,59.89631],[18.7339,59.76879],[19.07447,59.7497],[18.00896,59.40852],[18.64649,59.33027],[18.29127,59.3227],[18.42416,59.14395],[17.89283,58.86103],[17.65895,59.16889],[17.35776,58.75117],[16.17921,58.63451],[16.9402,58.49112],[16.41261,58.47748],[16.79916,58.32363],[16.76881,57.88784],[16.4603,57.90209],[16.7068,57.75064],[16.41944,57.89468],[16.68897,57.47175],[15.87436,56.10273],[14.72495,56.16763],[14.23471,55.8627],[14.18116,55.39082],[12.83277,55.38255],[13.05486,55.69404],[12.45143,56.30443],[12.81446,56.23615],[12.62159,56.41934],[12.93442,56.54706],[11.90333,57.39435],[11.65626,57.83942],[11.88282,58.33283],[11.50587,58.24307],[11.55323,58.4632],[11.39617,58.26459],[11.42408,58.44269],[11.22088,58.34626],[11.10816,58.95356],[11.32097,59.09951],[11.66438,58.92007],[11.67493,59.60711],[12.48325,60.08124],[12.60531,60.41916],[12.25329,61.0017],[12.7038,61.0462],[12.88818,61.34962],[12.16172,61.72484],[12.1703,63.59813],[12.98244,64.05883],[13.96424,64.00953],[14.1478,64.169],[14.09695,64.46532],[13.64276,64.58402],[14.51429,65.31808],[14.54054,66.12545],[15.48188,66.27487],[15.42627,66.49121],[16.41557,67.0527],[16.12711,67.42276],[16.78288,67.89699],[17.32145,68.1053],[17.921,67.97285],[18.16151,68.53019],[18.43622,68.57385],[19.97121,68.35128],[20.35651,68.80459],[20.10227,69.02214],[20.62317,69.03636]]],[[[19.04021,57.86791],[18.92628,57.39265],[18.16969,56.91201],[18.12818,57.54816],[18.67775,57.91389],[19.04021,57.86791]]]]}},{"type":"Feature","properties":{"iso_a2":"fi","iso_a3":"FIN","admin":"Finland","name":"Finland"},"geometry":{"type":"MultiPolygon","coordinates":[[[[28.95408,69.02726],[28.41023,68.89853],[28.80148,68.83549],[28.44791,68.52972],[28.66376,68.204],[29.33085,68.07269],[30.00941,67.68584],[29.05154,66.9078],[30.11173,65.71201],[29.70287,65.62938],[29.63362,64.90715],[30.11886,64.76793],[30.03246,64.39695],[30.55848,64.2197],[29.98078,63.74154],[31.56953,62.90593],[30.92564,62.30212],[27.71843,60.48847],[27.21461,60.58495],[26.5534,60.43301],[26.65919,60.6518],[26.34205,60.37556],[25.91725,60.48542],[25.93019,60.24518],[25.66863,60.36465],[24.55405,60.15595],[24.44565,59.99225],[23.42945,59.95661],[23.54615,60.07392],[22.88819,59.81318],[23.32643,60.00935],[23.11069,59.92328],[23.25758,60.03974],[22.87469,60.1496],[23.08058,60.35505],[22.52508,60.20425],[22.62428,60.39908],[21.78533,60.47797],[21.84051,60.62873],[21.61207,60.48884],[21.40854,60.58039],[21.42213,61.48534],[21.71632,61.52692],[21.23658,61.98501],[21.11354,62.78119],[21.68849,63.02709],[21.50489,63.21743],[21.89454,63.26048],[21.9839,63.14322],[22.58904,63.70331],[22.79054,63.633],[23.6045,64.02765],[24.53842,64.80532],[25.09474,64.91836],[25.36215,64.83307],[25.35865,65.46552],[24.67579,65.63544],[24.71062,65.91209],[24.20623,65.77875],[23.68944,66.25699],[24.00404,66.8052],[23.58133,67.15314],[23.7652,67.42007],[23.43126,67.48552],[23.66215,67.95043],[22.80825,68.3949],[22.07217,68.47701],[20.62317,69.03636],[21.07151,69.03667],[21.09838,69.2395],[21.63881,69.27138],[22.4092,68.71291],[23.19758,68.61803],[23.92901,68.81621],[24.90518,68.55695],[25.79582,68.99331],[26.00511,69.68934],[26.53386,69.92524],[27.10034,69.90175],[27.86691,70.07531],[29.14714,69.66391],[29.34454,69.46439],[28.85217,69.20353],[28.95408,69.02726]]]]}},{"type":"Feature","properties":{"iso_a2":"vn","iso_a3":"VNM","admin":"Vietnam","name":"Vietnam"},"geometry":{"type":"MultiPolygon","coordinates":[[[[107.52039,14.70458],[107.66411,15.26855],[107.14879,15.77346],[107.43564,16.06884],[106.67068,16.44442],[105.11268,18.69834],[103.84842,19.29991],[104.00097,19.68074],[104.61426,19.60743],[104.94949,19.9955],[104.35981,20.43973],[104.61519,20.64649],[104.09228,20.9612],[103.67634,20.65652],[103.11529,20.86839],[102.8013,21.25483],[102.9478,21.73712],[102.65066,21.6578],[102.11865,22.39755],[102.44272,22.76517],[103.02904,22.43016],[103.64693,22.79905],[103.95952,22.5071],[105.31216,23.36581],[105.85388,22.90465],[106.78984,22.79719],[106.65311,21.96889],[107.99122,21.48566],[107.19703,20.93765],[106.6421,21.02017],[106.80592,20.67756],[105.95558,19.92548],[105.61329,18.98554],[106.43482,18.12352],[106.49806,17.71064],[106.28517,17.77212],[108.33139,16.15534],[108.95167,15.25023],[109.46502,12.91332],[109.00563,11.34366],[107.27198,10.37848],[106.74757,10.67365],[106.79078,10.28486],[106.42237,10.31696],[106.73707,10.05415],[106.292,10.26171],[106.66871,9.84284],[106.11329,10.23428],[106.54371,9.58503],[105.81902,10.00796],[106.19337,9.36933],[104.72291,8.60269],[105.10711,9.9527],[104.45135,10.41966],[105.07791,10.9469],[106.17732,10.76686],[105.80489,11.62493],[107.5143,12.34385],[107.52039,14.70458]]]]}},{"type":"Feature","properties":{"iso_a2":"kh","iso_a3":"KHM","admin":"Cambodia","name":"Cambodia"},"geometry":{"type":"MultiPolygon","coordinates":[[[[107.52039,14.70458],[107.52225,12.36659],[106.394,11.96981],[106.42583,11.66208],[105.80489,11.62493],[106.17732,10.76686],[105.07791,10.9469],[104.46957,10.41577],[103.86638,10.69937],[103.62387,10.50092],[103.53297,11.16275],[103.12672,10.88129],[103.08497,11.72785],[102.3282,13.27516],[102.93406,14.20097],[104.77167,14.43987],[106.06916,13.91654],[105.97397,14.36584],[106.5125,14.59035],[106.93361,14.32016],[107.52039,14.70458]]]]}},{"type":"Feature","properties":{"iso_a2":"lu","iso_a3":"LUX","admin":"Luxembourg","name":"Luxembourg"},"geometry":{"type":"Polygon","coordinates":[[[6.11749,50.12046],[6.49969,49.71221],[6.34531,49.45535],[5.9607,49.44132],[5.71493,49.88187],[6.11749,50.12046]]]}},{"type":"Feature","properties":{"iso_a2":"ae","iso_a3":"ARE","admin":"United Arab Emirates","name":"United Arab Emirates"},"geometry":{"type":"MultiPolygon","coordinates":[[[[56.27905,25.62745],[56.38331,24.97822],[56.09914,24.73051],[55.7991,24.88611],[55.99785,24.08127],[55.4568,23.96316],[55.12039,22.62343],[52.55848,22.93857],[51.57854,24.10184],[51.59376,24.38491],[51.92872,23.96475],[52.60027,24.20954],[53.87892,24.06485],[56.0774,26.06105],[56.27905,25.62745]]]]}},{"type":"Feature","properties":{"iso_a2":"be","iso_a3":"BEL","admin":"Belgium","name":"Belgium"},"geometry":{"type":"Polygon","coordinates":[[[2.5218,51.08754],[3.34941,51.37522],[4.29672,51.26756],[4.76418,51.49624],[5.82913,51.15646],[5.62449,50.83028],[6.24905,50.61443],[6.37453,50.31548],[5.71896,49.89137],[5.8374,49.56111],[5.45613,49.49894],[4.85803,49.78657],[4.81555,50.16133],[4.13166,49.97499],[4.1976,50.25848],[3.69686,50.29822],[3.12924,50.77907],[2.78673,50.72337],[2.5218,51.08754]]]}},{"type":"Feature","properties":{"iso_a2":"ge","iso_a3":"GEO","admin":"Georgia","name":"Georgia"},"geometry":{"type":"Polygon","coordinates":[[[41.5512,42.40646],[41.42433,42.73989],[39.98598,43.38899],[40.1643,43.57584],[42.82977,43.16876],[43.93973,42.55221],[44.90297,42.75308],[45.69869,42.50759],[45.63141,42.20117],[46.40655,41.91504],[46.19277,41.61017],[46.6948,41.26978],[46.47492,41.04411],[45.28171,41.45292],[43.45045,41.10468],[42.80093,41.57922],[41.81298,41.42181],[41.52076,41.51423],[41.77394,41.8216],[41.5512,42.40646]]]}},{"type":"Feature","properties":{"iso_a2":"mk","iso_a3":"MKD","admin":"North Macedonia","name":"North Macedonia"},"geometry":{"type":"Polygon","coordinates":[[[20.56715,41.87318],[22.26885,42.37034],[22.8437,42.01446],[22.94085,41.34983],[21.58156,40.86629],[20.74088,40.89797],[20.56715,41.87318]]]}},{"type":"Feature","properties":{"iso_a2":"al","iso_a3":"ALB","admin":"Albania","name":"Albania"},"geometry":{"type":"Polygon","coordinates":[[[20.56715,41.87318],[20.50007,41.23552],[21.03668,40.63974],[20.18412,39.63701],[19.28956,40.4204],[19.61297,41.60529],[19.27203,42.18068],[19.69929,42.65481],[20.48167,42.2307],[20.56715,41.87318]]]}},{"type":"Feature","properties":{"iso_a2":"az","iso_a3":"AZE","admin":"Azerbaijan","name":"Azerbaijan"},"geometry":{"type":"MultiPolygon","coordinates":[[[[45.0024,41.29045],[45.4648,41.43019],[46.49678,41.04483],[46.6885,41.28435],[46.18,41.65516],[46.43089,41.89044],[47.82874,41.19842],[48.57895,41.84528],[49.53891,40.654],[50.23756,40.49616],[50.38787,40.22114],[49.8934,40.36905],[49.49252,40.154],[49.40707,39.2895],[49.07927,38.96332],[48.96762,39.18382],[48.87428,38.43407],[48.60787,38.39598],[47.99312,38.85008],[48.33894,39.37894],[47.97142,39.70455],[46.51404,38.88218],[46.52427,39.55464],[45.57942,39.97017],[45.97924,40.22359],[45.0024,41.29045]]],[[[46.13587,38.8637],[45.4386,39.00424],[44.77456,39.7028],[45.78809,39.54896],[46.13587,38.8637]]]]}},{"type":"Feature","properties":{"iso_a2":"xk","iso_a3":"KOS","admin":"Kosovo","name":"Kosovo"},"geometry":{"type":"Polygon","coordinates":[[[20.06496,42.54676],[20.79442,43.26307],[21.77276,42.6475],[21.56407,42.24629],[20.78491,42.08203],[20.68146,41.84401],[20.06496,42.54676]]]}},{"type":"Feature","properties":{"iso_a2":"tr","iso_a3":"TUR","admin":"Turkey","name":"Turkey"},"geometry":{"type":"MultiPolygon","coordinates":[[[[43.44043,41.10659],[43.66543,40.11016],[44.32565,40.03466],[44.80699,39.6399],[44.56573,39.76589],[44.01486,39.37408],[44.45876,38.33833],[44.20209,37.89717],[44.80158,37.29269],[44.29722,36.96994],[44.08804,37.31116],[42.78047,37.3755],[42.54524,37.14089],[42.2112,37.32491],[39.2396,36.66128],[38.22426,36.90839],[37.44612,36.6342],[36.63986,36.82809],[36.67004,36.23732],[36.1385,35.81978],[35.78736,36.30427],[36.21119,36.6424],[36.02027,36.92634],[35.34604,36.54108],[34.69288,36.81387],[33.95899,36.21357],[32.80372,36.02717],[32.01881,36.54654],[30.68653,36.89118],[30.42742,36.22639],[29.67237,36.12336],[28.452,36.88361],[28.0359,36.56477],[28.1067,36.80297],[27.37029,36.6789],[28.32936,37.03677],[27.26319,36.96337],[27.61598,37.27473],[27.01148,37.66572],[27.23911,37.98794],[26.23463,38.27383],[26.41407,38.67939],[26.67311,38.3072],[27.16424,38.4466],[26.71909,38.65265],[27.06267,38.88687],[26.60922,39.27521],[26.93767,39.57477],[26.07423,39.47451],[26.16765,39.97358],[26.73561,40.40355],[29.05161,40.36734],[28.77418,40.52277],[28.97006,40.63947],[29.9393,40.73505],[29.25457,40.81078],[29.16969,41.2331],[31.23121,41.09199],[33.32447,42.01903],[35.02394,42.09252],[35.29819,41.71516],[36.04493,41.70148],[36.39503,41.25642],[36.75807,41.36628],[38.3309,40.91787],[39.43019,41.11249],[40.14275,40.9228],[41.52076,41.51423],[42.66099,41.58826],[43.44043,41.10659]]],[[[28.01677,41.97256],[28.23276,41.51899],[29.10922,41.2353],[28.99236,41.00821],[27.52418,40.9892],[26.167,40.04987],[26.82895,40.602],[26.05372,40.66059],[26.63174,41.35753],[26.33418,41.78954],[27.04655,42.08294],[28.01677,41.97256]]]]}},{"type":"Feature","properties":{"iso_a2":"es","iso_a3":"ESP","admin":"Spain","name":"Spain"},"geometry":{"type":"MultiPolygon","coordinates":[[[[-1.79407,43.38602],[-0.56903,42.77264],[0.8129,42.83162],[2.00921,42.34708],[3.18097,42.43148],[3.23219,41.94603],[0.7142,40.81521],[-0.32335,39.51622],[0.23455,38.74225],[-0.50984,38.33837],[-0.72789,37.60342],[-1.67089,37.36331],[-2.1267,36.7364],[-4.40319,36.72386],[-5.61176,36.00646],[-6.39468,36.63691],[-6.19481,36.93212],[-6.38801,36.80817],[-6.85269,37.29523],[-7.41442,37.19282],[-7.52912,37.5567],[-6.9475,38.19664],[-7.35921,38.44636],[-6.98569,39.06676],[-7.55729,39.6798],[-7.02114,39.69401],[-6.94249,41.016],[-6.20595,41.57028],[-6.60949,41.96232],[-8.17957,41.8107],[-8.22236,42.15363],[-8.88126,41.8933],[-8.73095,42.68842],[-9.01155,42.53071],[-8.88769,42.83112],[-9.27953,43.055],[-8.84118,43.33894],[-8.21019,43.31322],[-8.31265,43.56713],[-7.68554,43.79344],[-7.04459,43.47919],[-5.8522,43.66295],[-4.48168,43.38361],[-1.79407,43.38602]]]]}},{"type":"Feature","properties":{"iso_a2":"la","iso_a3":"LAO","admin":"Laos","name":"Laos"},"geometry":{"type":"Polygon","coordinates":[[[102.11865,22.39755],[102.65066,21.6578],[102.9478,21.73712],[102.8013,21.25483],[103.13002,20.8549],[103.67634,20.65652],[104.09228,20.9612],[104.61519,20.64649],[104.35981,20.43973],[104.94949,19.9955],[104.61426,19.60743],[104.00097,19.68074],[103.84842,19.29991],[105.11268,18.69834],[106.67068,16.44442],[107.43564,16.06884],[107.14879,15.77346],[107.66411,15.26855],[107.41492,14.54343],[106.83583,14.30706],[106.23008,14.49046],[106.06916,13.91654],[105.25691,14.18244],[105.64092,15.68199],[104.76516,16.51134],[104.81642,17.37279],[103.97544,18.33066],[103.30685,18.42567],[102.68291,17.81008],[102.0785,18.2138],[101.13231,17.46167],[100.88602,17.57376],[101.25488,19.54715],[100.47426,19.52499],[100.5465,20.16792],[100.09981,20.36222],[101.15902,21.55269],[101.25974,21.17948],[101.76674,21.15065],[101.51575,22.24536],[102.11865,22.39755]]]}},{"type":"Feature","properties":{"iso_a2":"kg","iso_a3":"KGZ","admin":"Kyrgyzstan","name":"Kyrgyzstan"},"geometry":{"type":"Polygon","coordinates":[[[80.21033,42.18952],[78.07495,41.03951],[76.86097,41.01321],[76.33015,40.34808],[75.68182,40.2917],[75.55986,40.63287],[74.83536,40.51164],[73.96637,40.03327],[73.82074,39.46819],[72.2289,39.18924],[71.45955,39.6121],[70.77013,39.38209],[70.47723,39.6012],[69.28619,39.53971],[69.51801,40.1251],[70.00459,40.20876],[70.47723,39.90093],[71.25382,40.32441],[72.01889,40.24003],[73.14864,40.81369],[72.16513,40.99936],[71.67142,41.54739],[71.18013,41.10814],[70.16655,41.52021],[71.23821,42.16024],[70.85266,42.30607],[71.40461,42.79488],[73.50511,42.40294],[73.57094,43.03192],[74.17876,43.2617],[75.62043,42.8053],[76.95688,42.98851],[79.14827,42.79098],[80.21033,42.18952]]]}},{"type":"Feature","properties":{"iso_a2":"am","iso_a3":"ARM","admin":"Armenia","name":"Armenia"},"geometry":{"type":"MultiPolygon","coordinates":[[[[45.0024,41.29045],[45.97924,40.22359],[45.57942,39.97017],[46.52427,39.55464],[46.51404,38.88218],[46.13587,38.8637],[45.76545,39.56157],[43.66543,40.11016],[43.44043,41.10659],[45.0024,41.29045]]]]}},{"type":"Feature","properties":{"iso_a2":"dk","iso_a3":"DNK","admin":"Denmark","name":"Denmark"},"geometry":{"type":"MultiPolygon","coordinates":[[[[8.66078,54.89631],[8.61769,55.43793],[8.09522,55.54906],[8.12778,55.98762],[8.19361,55.81184],[8.39332,55.90917],[8.10792,56.02432],[8.17872,56.67206],[8.72657,56.48322],[9.06316,56.81257],[9.32618,56.53034],[9.20021,56.93891],[9.91578,57.05858],[8.67954,56.95254],[8.55958,56.593],[8.24789,56.81244],[8.61801,57.12287],[9.41212,57.16543],[9.96697,57.59138],[10.62501,57.7475],[10.34718,57.0102],[9.92693,57.05858],[10.31373,56.98286],[10.34059,56.71735],[9.80592,56.6402],[10.33424,56.70384],[10.18336,56.46955],[10.82228,56.53425],[10.91163,56.33405],[10.54802,56.10126],[10.40301,56.29824],[10.18214,55.83369],[9.86744,55.852],[10.00522,55.70112],[9.55641,55.71158],[9.85377,55.62665],[9.49806,55.48945],[9.7103,55.24868],[9.43434,55.03754],[9.74594,54.83601],[8.66078,54.89631]]],[[[10.66627,55.06428],[9.98552,55.12775],[9.68393,55.50605],[10.30763,55.61823],[10.47153,55.44306],[10.62761,55.61359],[10.66627,55.06428]]],[[[12.04037,54.89301],[11.92823,54.58397],[11.80698,55.14688],[11.261,55.20059],[10.8755,55.74274],[11.35222,55.7558],[11.27263,55.99657],[11.76832,55.97053],[11.60776,55.78303],[11.7798,55.66014],[11.93474,55.93366],[12.06031,55.654],[11.84864,55.94819],[12.32846,56.1269],[12.62192,56.04377],[12.60222,55.70856],[12.19809,55.48749],[12.46502,55.29027],[12.01466,55.16747],[12.04037,54.89301]]]]}},{"type":"Feature","properties":{"iso_a2":"ly","iso_a3":"LBY","admin":"Libya","name":"Libya"},"geometry":{"type":"Polygon","coordinates":[[[11.50511,33.18123],[15.18198,32.39549],[15.76148,31.38813],[17.84864,30.92365],[19.05681,30.26618],[20.09986,30.935],[20.07154,32.17642],[21.62322,32.93675],[23.10613,32.63984],[23.31218,32.16275],[25.01791,31.94904],[24.68834,30.14416],[24.98125,29.18137],[24.9768,19.99596],[23.98131,19.99542],[23.98131,19.49612],[15.9851,23.44472],[14.21622,22.6163],[13.48226,23.17967],[11.96886,23.51735],[11.50863,24.31381],[10.26033,24.57664],[9.3778,26.16895],[9.85457,26.52438],[9.93591,27.86672],[9.82615,29.12853],[9.28654,30.11713],[10.19223,30.73125],[10.26395,31.6805],[11.54635,32.43427],[11.50511,33.18123]]]}},{"type":"Feature","properties":{"iso_a2":"tn","iso_a3":"TUN","admin":"Tunisia","name":"Tunisia"},"geometry":{"type":"MultiPolygon","coordinates":[[[[11.50511,33.18123],[11.54635,32.43427],[10.26395,31.6805],[10.25393,30.84179],[9.51971,30.2289],[9.03374,32.09076],[7.72499,33.23141],[7.50371,34.06797],[8.22883,34.63644],[8.4313,35.24173],[8.16992,36.52583],[9.2107,37.23383],[10.2531,37.19139],[10.40301,36.72671],[11.05104,37.08031],[10.47469,36.11249],[11.15916,35.21876],[10.00522,34.17064],[10.33025,33.70283],[11.04282,33.61786],[11.17953,33.21109],[11.50511,33.18123]]]]}},{"type":"Feature","properties":{"iso_a2":"ro","iso_a3":"ROU","admin":"Romania","name":"Romania"},"geometry":{"type":"Polygon","coordinates":[[[22.8776,47.94674],[23.13908,48.09812],[24.5421,47.94382],[24.8966,47.71006],[26.17306,47.99314],[26.30349,48.21205],[26.99761,48.16657],[28.23412,46.66242],[28.06214,45.5936],[28.57705,45.24809],[29.66711,45.31186],[29.56178,44.82026],[29.00074,44.68891],[29.11061,44.97004],[28.86939,44.94335],[28.57838,43.74128],[27.02748,44.17705],[25.40313,43.65005],[22.91956,43.83423],[23.03098,44.09307],[22.477,44.46395],[22.71472,44.62306],[22.42605,44.73365],[22.12664,44.50266],[21.39593,44.79024],[21.49329,45.1451],[20.76713,45.47934],[20.24283,46.10809],[21.14448,46.28374],[22.00789,47.51741],[22.8776,47.94674]]]}},{"type":"Feature","properties":{"iso_a2":"hu","iso_a3":"HUN","admin":"Hungary","name":"Hungary"},"geometry":{"type":"Polygon","coordinates":[[[22.8776,47.94674],[22.00789,47.51741],[21.05146,46.23609],[19.54995,46.16416],[18.40438,45.74181],[17.34533,45.9557],[16.09403,46.86277],[16.48636,46.99855],[16.68914,47.53803],[16.40782,47.66133],[17.07537,47.70848],[17.18482,48.02027],[17.82571,47.75001],[18.69284,47.77796],[18.83847,48.04001],[19.92863,48.13009],[20.48167,48.52608],[21.42456,48.56127],[21.75901,48.33377],[22.27185,48.40346],[22.8776,47.94674]]]}},{"type":"Feature","properties":{"iso_a2":"sk","iso_a3":"SVK","admin":"Slovakia","name":"Slovakia"},"geometry":{"type":"Polygon","coordinates":[[[22.53964,49.0722],[22.09646,48.37942],[20.51051,48.53378],[19.92863,48.13009],[18.83847,48.04001],[18.69284,47.77796],[17.742,47.76538],[16.84448,48.3656],[17.16746,48.85976],[17.72722,48.86291],[18.53564,49.48168],[19.14171,49.3942],[19.44339,49.60178],[19.7859,49.18816],[21.26054,49.44944],[22.53964,49.0722]]]}},{"type":"Feature","properties":{"iso_a2":"pl","iso_a3":"POL","admin":"Poland","name":"Poland"},"geometry":{"type":"Polygon","coordinates":[[[18.8332,49.51026],[18.55921,49.90719],[17.63275,50.10635],[17.70799,50.31104],[16.89295,50.43294],[17.01481,50.21849],[16.66062,50.09302],[16.19956,50.40628],[16.33164,50.64404],[15.3561,50.77546],[15.14443,51.01156],[14.81039,50.85845],[15.01948,51.27168],[14.58581,51.80389],[14.64482,52.57692],[14.12392,52.85065],[14.44163,53.25184],[14.2639,53.69998],[14.59059,53.59837],[14.63063,53.85151],[14.17529,53.90648],[18.15235,54.83832],[18.75172,54.69009],[18.4131,54.73192],[18.88592,54.35016],[22.96266,54.38169],[23.44904,54.15494],[23.89366,53.15195],[23.90875,52.69986],[23.16565,52.28939],[23.63745,52.08447],[23.5434,51.59274],[24.10647,50.53862],[22.66583,49.56736],[22.85528,48.99401],[21.60119,49.42649],[20.31765,49.39161],[20.05049,49.17323],[19.45734,49.59806],[19.14171,49.3942],[18.8332,49.51026]]]}},{"type":"Feature","properties":{"iso_a2":"ie","iso_a3":"IRL","admin":"Ireland","name":"Ireland"},"geometry":{"type":"MultiPolygon","coordinates":[[[[-7.2471,55.06932],[-8.17384,54.46174],[-7.32696,54.1136],[-7.01784,54.41317],[-6.63062,54.04182],[-6.10729,54.01362],[-6.37829,53.93488],[-5.99352,52.95742],[-6.49649,52.36433],[-6.34704,52.19725],[-6.93212,52.12466],[-6.99739,52.28921],[-8.02058,51.82392],[-8.42935,51.88451],[-8.53173,51.61078],[-9.82022,51.44571],[-9.44294,51.72004],[-10.16283,51.59028],[-9.58072,51.87767],[-10.13561,51.74116],[-10.39562,51.88451],[-9.75817,52.15205],[-10.46129,52.18],[-9.73766,52.24824],[-9.94994,52.4121],[-9.6483,52.57038],[-8.75117,52.67296],[-9.93635,52.55671],[-8.89485,53.22089],[-10.1765,53.41266],[-9.56021,53.86514],[-9.94376,53.87938],[-10.1151,54.23505],[-8.51122,54.20775],[-8.66389,54.35928],[-8.12084,54.64655],[-8.79776,54.69196],[-8.32567,54.83153],[-8.27847,55.16055],[-7.7987,55.25609],[-7.7025,55.09907],[-7.64395,55.27277],[-7.66149,54.95795],[-7.38443,55.38638],[-6.93956,55.23908],[-7.2471,55.06932]]]]}},{"type":"Feature","properties":{"iso_a2":"gb","iso_a3":"GBR","admin":"United Kingdom","name":"United Kingdom"},"geometry":{"type":"MultiPolygon","coordinates":[[[[-7.2471,55.06932],[-6.10098,55.21239],[-5.68985,54.79312],[-5.90738,54.60562],[-5.5747,54.68008],[-5.43078,54.48517],[-5.51578,54.33808],[-5.70198,54.5777],[-5.5795,54.2757],[-6.07958,54.03457],[-6.63062,54.04182],[-7.01784,54.41317],[-7.31032,54.11468],[-7.85644,54.21142],[-8.17384,54.46174],[-7.2471,55.06932]]],[[[-2.66535,51.61726],[-3.53917,51.39851],[-3.84162,51.62153],[-4.28991,51.55557],[-4.07055,51.67597],[-4.3651,51.78905],[-4.94103,51.5965],[-4.82433,51.79572],[-5.18285,51.68928],[-5.31094,51.864],[-3.94734,52.54926],[-4.07763,52.92666],[-4.76285,52.7895],[-4.17797,53.2176],[-2.69978,53.35179],[-3.10192,53.55805],[-2.79597,54.24872],[-3.14538,54.06379],[-3.63419,54.51288],[-3.02184,54.97553],[-3.57055,54.99543],[-4.01171,54.76822],[-4.4029,54.90729],[-4.3824,54.68008],[-4.85912,54.86628],[-4.85912,54.63296],[-5.15714,54.8791],[-4.61779,55.49559],[-4.88646,55.91966],[-4.48168,55.92829],[-4.85155,55.98802],[-4.75552,56.20653],[-4.98314,55.87104],[-5.33829,55.99657],[-4.92052,56.27778],[-5.44441,56.02757],[-5.31778,55.78303],[-5.78287,55.31354],[-5.45499,55.84577],[-5.66039,55.79735],[-5.57103,56.03754],[-5.70751,55.94257],[-5.57258,56.32807],[-4.9956,56.71597],[-5.11974,56.81843],[-5.67406,56.49689],[-6.00817,56.64228],[-5.54369,56.69546],[-6.23449,56.72858],[-5.75666,56.78486],[-5.83169,56.99714],[-5.52326,57.00397],[-5.77619,57.07583],[-5.40038,57.10639],[-5.6809,57.1579],[-5.44066,57.31928],[-5.72932,57.29816],[-5.44811,57.4217],[-5.80777,57.35493],[-5.83918,57.57929],[-5.51269,57.54149],[-5.81119,57.8332],[-5.07079,57.8332],[-5.44701,58.08438],[-5.39208,58.26138],[-4.93358,58.22305],[-5.17321,58.35395],[-4.98819,58.62832],[-4.49535,58.44953],[-3.01911,58.64033],[-4.00935,57.86791],[-4.3924,57.90827],[-3.77945,57.85566],[-4.42846,57.57754],[-1.99767,57.70283],[-1.75935,57.47358],[-2.51456,56.5915],[-3.32348,56.36591],[-2.885,56.45799],[-2.64835,56.2287],[-3.34268,56.02717],[-3.83747,56.10643],[-2.13801,55.91462],[-1.63085,55.58511],[-1.20372,54.62572],[-0.07551,54.11213],[0.1312,53.57343],[-0.72647,53.70063],[0.21949,53.4195],[0.35662,53.14574],[0.01027,52.88646],[0.38453,52.76838],[0.56959,52.96931],[1.27467,52.92918],[1.74724,52.62519],[1.58229,52.08149],[0.38453,51.45311],[1.42384,51.39208],[1.38445,51.15168],[0.27101,50.74738],[-1.46642,50.91816],[-1.31729,50.80024],[-2.45336,50.52765],[-2.86482,50.73379],[-3.46443,50.67853],[-3.66063,50.22101],[-4.20055,50.45942],[-5.19115,49.95913],[-5.70515,50.05231],[-4.22851,51.19245],[-3.02184,51.19245],[-2.66535,51.61726]]],[[[-6.95515,57.74384],[-7.11278,58.18203],[-6.85961,58.10688],[-6.24323,58.51097],[-6.16002,58.21678],[-6.95515,57.74384]]]]}},{"type":"Feature","properties":{"iso_a2":"gr","iso_a3":"GRC","admin":"Greece","name":"Greece"},"geometry":{"type":"MultiPolygon","coordinates":[[[[20.96526,40.84939],[24.23328,41.5618],[25.26226,41.2381],[26.12087,41.35779],[26.10836,41.72789],[26.59546,41.61245],[26.08159,40.73555],[25.13844,41.01008],[23.7317,40.75186],[24.39381,40.15249],[23.73048,40.35895],[23.99122,39.9536],[23.43849,40.2792],[23.74789,39.93049],[23.36061,39.96109],[22.91049,40.6446],[22.57911,40.46821],[22.5713,40.05427],[23.34376,39.17963],[23.05201,39.09772],[22.93588,39.36058],[23.07309,39.03628],[22.52508,38.85814],[24.08058,38.166],[24.03272,37.65152],[23.57456,38.04678],[22.99513,37.88215],[23.52564,37.43919],[23.16863,37.29951],[22.72641,37.56635],[23.19606,36.43252],[22.68556,36.80947],[22.49098,36.39094],[22.15317,37.02119],[21.70737,36.81802],[21.67481,37.39598],[21.10621,37.87808],[21.84946,38.3413],[22.8672,37.93952],[23.2234,38.15925],[22.40162,38.45344],[21.51775,38.2958],[21.32252,38.49628],[21.15561,38.3039],[20.72934,38.80976],[21.15992,38.99775],[20.73512,38.9501],[19.99985,39.69351],[20.64756,40.09404],[20.96526,40.84939]]],[[[26.32114,35.31525],[26.14723,35.00227],[25.01905,34.93163],[23.51824,35.29413],[23.74155,35.68696],[24.3401,35.34833],[25.76637,35.33568],[25.79526,35.11514],[26.32114,35.31525]]]]}},{"type":"Feature","properties":{"iso_a2":"zm","iso_a3":"ZMB","admin":"Zambia","name":"Zambia"},"geometry":{"type":"Polygon","coordinates":[[[32.92086,-9.4079],[33.6742,-10.57703],[33.23258,-10.88326],[33.25273,-12.13952],[33.52713,-12.35563],[33.02484,-12.61267],[32.66331,-13.59633],[33.20271,-14.01387],[30.21446,-14.98146],[30.41037,-15.63041],[28.93237,-15.96373],[28.76112,-16.53227],[27.81689,-16.95964],[26.7,-18.06923],[24.68442,-17.49242],[23.38165,-17.64114],[22.10814,-16.54395],[21.97988,-13.00148],[24.00063,-13.00148],[23.96746,-10.87231],[24.4465,-11.46359],[25.31032,-11.19477],[25.34494,-11.64218],[25.98113,-11.90305],[26.71742,-12.01301],[27.18013,-11.56963],[28.99397,-13.39592],[29.5744,-13.22539],[29.76715,-13.45835],[29.7993,-12.15409],[29.03511,-12.37888],[28.35566,-11.51816],[28.69849,-9.79196],[28.35246,-9.27199],[28.88917,-8.4831],[30.75211,-8.19412],[31.03364,-8.6003],[32.92086,-9.4079]]]}},{"type":"Feature","properties":{"iso_a2":"sl","iso_a3":"SLE","admin":"Sierra Leone","name":"Sierra Leone"},"geometry":{"type":"MultiPolygon","coordinates":[[[[-10.28224,8.48462],[-11.47619,6.91942],[-12.93786,7.88638],[-13.28677,8.50023],[-13.03356,8.37669],[-12.87589,8.68521],[-13.16242,8.51765],[-12.98571,8.85712],[-13.3011,9.04149],[-12.47233,9.88126],[-11.24729,9.9934],[-10.5941,9.0541],[-10.73528,8.2873],[-10.28224,8.48462]]]]}},{"type":"Feature","properties":{"iso_a2":"gn","iso_a3":"GIN","admin":"Guinea","name":"Guinea"},"geometry":{"type":"Polygon","coordinates":[[[-13.3011,9.04149],[-13.68529,9.94648],[-14.65779,10.47956],[-14.50023,10.8911],[-14.69982,10.64313],[-14.68517,11.06367],[-15.07946,10.85871],[-14.71106,11.49757],[-13.72993,11.70983],[-13.97253,12.15156],[-13.72828,12.67339],[-12.36092,12.30561],[-11.48165,12.42824],[-11.33468,12.02619],[-10.95212,12.21946],[-10.71136,11.89039],[-10.26694,12.21781],[-9.72299,12.02542],[-9.26586,12.49521],[-8.37532,11.36765],[-8.70073,10.97845],[-8.32659,11.02385],[-7.97121,10.2818],[-8.15761,9.53087],[-7.86538,9.40992],[-7.96894,8.81285],[-7.66245,8.37487],[-8.24887,8.45357],[-7.96264,8.01517],[-8.20024,7.57633],[-8.68657,7.69436],[-9.12541,7.19021],[-9.49071,7.37604],[-9.35547,7.74191],[-9.77358,8.56302],[-10.73528,8.2873],[-10.48186,8.67247],[-11.1996,9.98216],[-12.47233,9.88126],[-13.3011,9.04149]]]}},{"type":"Feature","properties":{"iso_a2":"lr","iso_a3":"LBR","admin":"Liberia","name":"Liberia"},"geometry":{"type":"Polygon","coordinates":[[[-11.47619,6.91942],[-10.28224,8.48462],[-9.77358,8.56302],[-9.35547,7.74191],[-9.49071,7.37604],[-8.91219,7.25015],[-8.56741,7.68821],[-8.28411,7.01787],[-8.61872,6.49284],[-7.44654,5.84595],[-7.54067,4.35285],[-9.10497,5.03156],[-11.47619,6.91942]]]}},{"type":"Feature","properties":{"iso_a2":"cf","iso_a3":"CAF","admin":"Central African Republic","name":"Central African Rep."},"geometry":{"type":"Polygon","coordinates":[[[22.86106,10.91915],[23.64479,9.86307],[23.50526,8.71074],[24.21767,8.69151],[24.15287,8.31789],[25.21689,7.86407],[25.19043,7.5012],[26.37801,6.65329],[26.42483,6.07245],[27.1238,5.76874],[27.4413,5.07073],[25.54374,5.37528],[25.30763,5.03228],[24.39637,5.1223],[23.41452,4.59083],[22.89837,4.82358],[22.30327,4.12872],[20.58027,4.415],[19.40897,5.13039],[18.54195,4.32785],[18.62639,3.47687],[16.63943,3.5286],[16.17972,2.247],[16.05538,2.93977],[15.0849,3.88584],[14.51987,5.29058],[14.38727,6.03904],[15.22391,7.24752],[16.54869,7.87001],[16.78237,7.54114],[18.58928,8.04788],[19.12413,8.67508],[19.02192,8.98522],[20.43517,9.13813],[21.71881,10.29663],[21.72263,10.63672],[22.86106,10.91915]]]}},{"type":"Feature","properties":{"iso_a2":"sd","iso_a3":"SDN","admin":"Sudan","name":"Sudan"},"geometry":{"type":"MultiPolygon","coordinates":[[[[22.86106,10.91915],[22.44569,12.61107],[21.80945,12.79367],[22.26761,13.33456],[22.07496,13.78032],[22.54636,14.13971],[22.36352,14.54353],[22.90675,15.5414],[23.98441,15.72116],[23.98131,19.99542],[24.98052,20.00206],[24.98125,21.99535],[31.24841,21.99437],[31.42328,22.22696],[31.43548,21.99535],[33.18114,21.99541],[33.56088,21.70912],[34.08418,21.99545],[36.88364,21.99571],[37.313,21.05768],[37.08644,21.04059],[37.43434,18.86172],[38.60385,18.01386],[37.40343,17.02992],[36.97348,17.06253],[36.12361,12.72145],[35.68767,12.65923],[35.07272,11.81887],[34.83852,10.72914],[34.57477,10.88414],[34.27949,10.56551],[34.0707,9.45459],[33.91698,10.17452],[33.14002,10.73904],[33.20922,12.21037],[32.08221,11.99981],[32.43071,11.08219],[31.16438,9.764],[30.01298,10.27049],[28.84384,9.32455],[26.62574,9.48066],[25.82848,10.41955],[25.07695,10.28687],[24.55838,8.88675],[24.11401,8.68164],[23.49007,8.73259],[23.64479,9.86307],[22.86106,10.91915]]]]}},{"type":"Feature","properties":{"iso_a2":"dj","iso_a3":"DJI","admin":"Djibouti","name":"Djibouti"},"geometry":{"type":"Polygon","coordinates":[[[43.24073,11.48786],[42.87328,10.97825],[41.76131,10.9962],[41.79242,11.70445],[42.43093,12.52032],[42.67825,12.36002],[43.11769,12.70791],[43.32936,12.48876],[43.37713,12.00483],[42.51515,11.57412],[43.24073,11.48786]]]}},{"type":"Feature","properties":{"iso_a2":"er","iso_a3":"ERI","admin":"Eritrea","name":"Eritrea"},"geometry":{"type":"MultiPolygon","coordinates":[[[[43.11769,12.70791],[42.37946,12.46591],[40.10456,14.46597],[39.00974,14.65123],[38.42683,14.41718],[37.89146,14.87953],[37.55371,14.1055],[37.29377,14.45744],[36.52638,14.26352],[36.42509,15.13344],[36.97348,17.06253],[37.40343,17.02992],[38.60157,18.00483],[39.71559,15.09406],[39.87525,15.5041],[40.15943,14.98225],[41.16749,14.63695],[43.11769,12.70791]]]]}},{"type":"Feature","properties":{"iso_a2":"at","iso_a3":"AUT","admin":"Austria","name":"Austria"},"geometry":{"type":"Polygon","coordinates":[[[16.94504,48.60417],[17.07537,47.70848],[16.43179,47.68546],[16.68914,47.53803],[16.48636,46.99855],[16.01672,46.67069],[15.06195,46.64956],[14.54033,46.37864],[12.40501,46.69012],[12.18063,47.08521],[10.87043,46.76407],[9.5812,47.05687],[9.76714,47.58728],[10.15988,47.27112],[10.42921,47.57702],[11.23702,47.39396],[12.24223,47.73202],[13.00187,47.46602],[12.74504,48.12063],[13.81572,48.76643],[14.67562,48.57623],[14.98206,49.00791],[16.94504,48.60417]]]}},{"type":"Feature","properties":{"iso_a2":"iq","iso_a3":"IRQ","admin":"Iraq","name":"Iraq"},"geometry":{"type":"Polygon","coordinates":[[[44.76613,37.14192],[45.32031,35.99403],[46.32707,35.8035],[46.00379,35.67426],[46.15106,35.11161],[45.50066,34.59169],[45.38036,33.97356],[46.1553,33.26022],[46.09701,32.95432],[47.41083,32.39529],[47.83447,31.80571],[47.67293,30.9947],[48.01224,30.98907],[48.01359,30.46388],[48.55926,29.9466],[47.1971,30.03424],[46.35746,29.06314],[44.69183,29.20184],[42.0754,31.07986],[40.42413,31.92053],[39.14637,32.11814],[38.77451,33.37168],[40.96528,34.40185],[41.27699,36.35479],[42.71567,37.35529],[44.08804,37.31116],[44.28482,36.96917],[44.76613,37.14192]]]}},{"type":"Feature","properties":{"iso_a2":"it","iso_a3":"ITA","admin":"Italy","name":"Italy"},"geometry":{"type":"MultiPolygon","coordinates":[[[[7.02208,45.92526],[7.84374,45.91921],[8.39916,46.45218],[9.00243,45.82072],[9.28231,46.49737],[10.07575,46.22002],[10.45381,46.86443],[10.99693,46.76911],[12.18063,47.08521],[12.40501,46.69012],[13.70095,46.51975],[13.36526,46.2903],[13.84776,45.58466],[13.11931,45.77196],[12.15447,45.31346],[12.53386,44.97004],[12.26637,44.82665],[12.36883,44.25068],[13.61557,43.56049],[14.07537,42.59882],[14.74073,42.08462],[16.14047,41.91991],[15.96111,41.45946],[18.00701,40.6507],[18.51612,40.13923],[18.37371,39.79979],[17.86313,40.28563],[16.97609,40.49262],[16.48976,39.77521],[17.1587,39.40619],[17.17237,38.96052],[16.58562,38.79784],[16.07716,37.93989],[15.68442,37.95352],[15.8366,38.64899],[16.22169,38.85659],[15.62428,40.07779],[15.26124,40.02936],[14.78199,40.66987],[14.34262,40.57062],[14.47413,40.72968],[14.0477,40.78959],[13.72185,41.25239],[13.04461,41.22752],[11.65821,42.27936],[11.10662,42.39126],[10.49952,42.9405],[10.09059,44.02538],[8.76238,44.43211],[7.50229,43.79222],[7.65564,44.17606],[6.9734,44.24944],[7.00493,44.82796],[6.60273,45.10345],[7.10838,45.2592],[6.78199,45.77746],[7.02208,45.92526]]],[[[15.52866,38.30264],[15.09392,36.65493],[12.42701,37.79702],[12.73178,38.19278],[13.79078,37.97362],[15.52866,38.30264]]],[[[9.79225,40.55695],[9.56642,39.14924],[9.01393,39.2639],[8.64096,38.86433],[8.19304,40.96377],[8.52052,40.82697],[9.23064,41.26264],[9.79225,40.55695]]]]}},{"type":"Feature","properties":{"iso_a2":"ch","iso_a3":"CHE","admin":"Switzerland","name":"Switzerland"},"geometry":{"type":"Polygon","coordinates":[[[10.45381,46.86443],[10.44399,46.53773],[10.03275,46.53297],[10.11791,46.23113],[9.26319,46.48512],[9.00243,45.82072],[8.39916,46.45218],[7.83123,45.91446],[7.06694,45.89022],[6.61368,46.4559],[5.95884,46.13047],[6.9733,47.48909],[8.5607,47.5894],[8.55822,47.80117],[9.54748,47.53455],[9.47702,47.0639],[10.45381,46.86443]]]}},{"type":"Feature","properties":{"iso_a2":"ir","iso_a3":"IRN","admin":"Iran","name":"Iran"},"geometry":{"type":"MultiPolygon","coordinates":[[[[44.80699,39.6399],[45.4386,39.00424],[46.12605,38.86267],[47.97142,39.70455],[48.33894,39.37894],[47.99312,38.85008],[48.87428,38.43407],[49.1325,37.62336],[51.90903,36.58271],[54.01433,36.82111],[53.91375,37.34276],[54.65396,37.4389],[55.13031,37.95231],[57.17494,38.27756],[57.3524,37.96753],[59.31228,37.53035],[60.34229,36.63714],[61.16581,36.63632],[61.29004,35.54806],[60.69968,34.5164],[60.89047,34.31891],[60.49277,34.13903],[60.51179,33.63839],[60.92086,33.5141],[60.56295,33.05827],[60.82174,31.49467],[61.68691,31.37318],[61.82644,31.01496],[60.84438,29.85818],[61.89279,28.5426],[62.76152,28.24644],[62.74235,27.26681],[63.31963,27.11731],[63.16377,26.64509],[61.83295,26.22538],[61.41172,25.05941],[60.54965,25.44693],[58.07309,25.56362],[57.31153,25.78412],[56.80885,27.13955],[56.12371,27.16063],[54.79103,26.49584],[53.71607,26.70856],[52.45965,27.63264],[51.39988,27.93171],[50.07342,30.19575],[49.53224,30.02294],[48.98146,30.51561],[48.91529,30.04218],[48.46431,29.98913],[48.01359,30.46388],[48.01224,30.98907],[47.67293,30.9947],[47.83447,31.80571],[47.41083,32.39529],[46.09701,32.95432],[46.1553,33.26022],[45.38036,33.97356],[45.50066,34.59169],[46.15106,35.11161],[46.00379,35.67426],[46.32707,35.8035],[45.32031,35.99403],[44.59612,37.71638],[44.20209,37.89717],[44.45876,38.33833],[44.01486,39.37408],[44.56573,39.76589],[44.80699,39.6399]]]]}},{"type":"Feature","properties":{"iso_a2":"nl","iso_a3":"NLD","admin":"Netherlands","name":"Netherlands"},"geometry":{"type":"MultiPolygon","coordinates":[[[[7.19459,53.24502],[7.03665,52.64738],[6.67172,52.54168],[7.04823,52.36507],[6.81073,51.96058],[5.93145,51.81565],[6.20534,51.45844],[5.85249,51.04275],[5.99491,50.74993],[5.62449,50.83028],[5.82913,51.15646],[5.02753,51.47681],[3.53541,51.45922],[3.82887,51.61274],[4.28321,51.4477],[3.86231,51.81607],[4.50815,52.33637],[4.74545,52.9676],[5.9808,53.40607],[6.82911,53.45059],[7.19459,53.24502]]]]}},{"type":"Feature","properties":{"iso_a2":"li","iso_a3":"LIE","admin":"Liechtenstein","name":"Liechtenstein"},"geometry":{"type":"Polygon","coordinates":[[[9.52115,47.2628],[9.56064,47.0524],[9.52115,47.2628]]]}},{"type":"Feature","properties":{"iso_a2":"ci","iso_a3":"CIV","admin":"Ivory Coast","name":"Côte d'Ivoire"},"geometry":{"type":"MultiPolygon","coordinates":[[[[-7.98966,10.16199],[-7.50147,10.45864],[-7.01577,10.14088],[-6.25597,10.72648],[-6.24,10.25193],[-5.13568,10.30428],[-4.68108,9.68207],[-3.21476,9.91562],[-2.68921,9.48872],[-2.50633,8.20927],[-3.26251,6.61714],[-2.76662,5.16103],[-5.32152,5.23021],[-7.57377,4.37539],[-7.44654,5.84595],[-8.61872,6.49284],[-8.28665,6.99379],[-8.48545,7.55799],[-7.96264,8.01517],[-8.2544,8.44651],[-7.66245,8.37487],[-7.96894,8.81285],[-7.86538,9.40992],[-8.15761,9.53087],[-7.98966,10.16199]]]]}},{"type":"Feature","properties":{"iso_a2":"rs","iso_a3":"SRB","admin":"Republic of Serbia","name":"Serbia"},"geometry":{"type":"Polygon","coordinates":[[[20.24283,46.10809],[20.76713,45.47934],[21.49329,45.1451],[21.39593,44.79024],[22.12664,44.50266],[22.42605,44.73365],[22.76515,44.58281],[22.48414,44.49977],[22.69164,44.22843],[22.34947,43.80792],[22.98457,43.17463],[22.42739,42.81361],[22.42398,42.32589],[21.57504,42.24202],[21.76439,42.66962],[20.81943,43.25741],[20.34535,42.82744],[19.17591,43.48089],[19.50737,43.64718],[19.24351,44.00202],[19.61888,44.03571],[19.11669,44.3437],[19.37663,44.863],[19.01582,44.86563],[19.04486,45.13725],[19.40784,45.20313],[18.97749,45.37121],[18.85531,45.85736],[19.54995,46.16416],[20.24283,46.10809]]]}},{"type":"Feature","properties":{"iso_a2":"ml","iso_a3":"MLI","admin":"Mali","name":"Mali"},"geometry":{"type":"Polygon","coordinates":[[[-12.26413,14.77494],[-11.82038,14.89997],[-11.51539,15.64442],[-10.91517,15.1029],[-10.72536,15.43306],[-9.42389,15.44053],[-9.35645,15.69785],[-5.51095,15.4942],[-5.35329,16.31198],[-5.62335,16.52783],[-6.59311,24.99413],[-4.82161,24.99507],[1.14652,21.10171],[1.15458,20.73879],[1.77811,20.30429],[3.1988,19.82052],[3.2849,18.99574],[4.22861,19.14224],[4.18396,16.41605],[3.5071,15.35397],[1.33153,15.28362],[0.67007,14.93973],[-0.71972,15.07846],[-1.99706,14.47069],[-2.03592,14.18123],[-2.59738,14.22231],[-3.44948,13.16881],[-3.98125,13.49897],[-4.35107,13.11832],[-4.40614,12.30747],[-5.41235,11.82853],[-5.48165,10.53533],[-6.01593,10.18987],[-6.25597,10.72648],[-7.01577,10.14088],[-7.50147,10.45864],[-7.98966,10.16199],[-8.32659,11.02385],[-8.69623,10.96274],[-8.37532,11.36765],[-8.84723,11.65795],[-9.14732,12.46549],[-9.72299,12.02542],[-11.33468,12.02619],[-11.38884,12.97055],[-12.09763,13.70441],[-12.26413,14.77494]]]}},{"type":"Feature","properties":{"iso_a2":"sn","iso_a3":"SEN","admin":"Senegal","name":"Senegal"},"geometry":{"type":"Polygon","coordinates":[[[-12.26413,14.77494],[-12.09763,13.70441],[-11.61311,13.36081],[-11.37778,12.48022],[-12.36092,12.30561],[-13.72828,12.67339],[-16.72844,12.33253],[-16.57974,12.6328],[-15.64477,12.53726],[-15.39159,12.8382],[-15.64102,12.55948],[-16.59691,12.79731],[-16.75463,12.57221],[-16.70841,13.15669],[-15.83332,13.15685],[-15.13765,13.58997],[-14.36883,13.23571],[-13.81871,13.42936],[-15.07631,13.81895],[-16.5614,13.58691],[-16.48705,14.00263],[-16.74682,13.95136],[-16.36473,14.16779],[-16.77505,13.83881],[-17.53604,14.75739],[-16.87824,15.2331],[-16.2951,16.51062],[-14.9743,16.69139],[-13.48493,16.15498],[-12.26413,14.77494]]]}},{"type":"Feature","properties":{"iso_a2":"ng","iso_a3":"NGA","admin":"Nigeria","name":"Nigeria"},"geometry":{"type":"MultiPolygon","coordinates":[[[[3.5964,11.69577],[4.12577,13.47298],[5.52176,13.88029],[6.36894,13.62627],[6.93713,12.99541],[7.824,13.34529],[9.5903,12.80139],[10.67499,13.3751],[12.47271,13.06416],[13.60731,13.7041],[14.18893,12.37041],[14.66994,12.16742],[14.60575,11.51473],[13.75485,11.01672],[11.36983,6.45576],[10.57866,7.13083],[10.49598,6.87467],[10.14293,7.00769],[8.85587,5.8475],[8.5298,4.70889],[8.18165,4.99144],[8.28859,4.54857],[7.07179,4.75812],[6.96949,4.37458],[6.71559,4.83446],[6.87078,4.36078],[6.73609,4.6079],[6.68767,4.33657],[6.1128,4.27216],[5.47543,4.84748],[5.34018,5.34394],[5.6399,5.54019],[5.19801,5.50145],[5.50961,5.59064],[5.12916,5.62812],[5.29038,5.9101],[3.42115,6.41401],[3.84401,6.61083],[2.70384,6.36835],[2.76916,9.05704],[3.07602,9.09516],[3.83742,10.5999],[3.5964,11.69577]]]]}},{"type":"Feature","properties":{"iso_a2":"bj","iso_a3":"BEN","admin":"Benin","name":"Benin"},"geometry":{"type":"Polygon","coordinates":[[[3.5964,11.69577],[3.83742,10.5999],[3.07602,9.09516],[2.76916,9.05704],[2.70384,6.36835],[1.61964,6.21389],[1.60117,9.04953],[0.78128,10.69304],[1.43963,11.47377],[2.27359,11.65206],[2.49507,12.28323],[2.8443,12.39924],[3.5964,11.69577]]]}},{"type":"Feature","properties":{"iso_a2":"ao","iso_a3":"AGO","admin":"Angola","name":"Angola"},"geometry":{"type":"MultiPolygon","coordinates":[[[[13.0737,-4.63532],[12.44439,-5.05509],[12.50898,-5.72626],[12.21054,-5.76344],[12.18756,-4.76803],[12.76168,-4.3912],[13.0737,-4.63532]]],[[[23.96746,-10.87231],[24.00063,-13.00148],[21.97988,-13.00148],[21.9838,-16.16589],[23.38165,-17.64114],[20.8062,-18.03141],[18.89004,-17.79927],[18.45358,-17.38989],[13.98057,-17.42359],[13.16631,-16.95106],[11.75799,-17.23919],[11.73553,-15.85711],[12.51531,-13.42596],[13.63982,-12.24871],[13.84653,-11.1137],[12.99635,-9.09385],[13.37892,-8.3471],[12.29029,-6.09661],[16.51509,-5.88708],[17.6002,-8.09852],[19.35554,-8.00199],[19.52184,-7.00195],[20.61149,-6.91596],[20.52053,-7.28638],[21.78495,-7.28338],[21.79198,-9.40614],[22.3134,-10.36857],[22.23764,-11.24954],[23.96746,-10.87231]]]]}},{"type":"Feature","properties":{"iso_a2":"hr","iso_a3":"HRV","admin":"Croatia","name":"Croatia"},"geometry":{"type":"MultiPolygon","coordinates":[[[[16.5153,46.50171],[17.85806,45.77173],[18.90131,45.9312],[18.97749,45.37121],[19.40784,45.20313],[18.88963,44.86119],[18.23788,45.15745],[16.92437,45.28452],[16.31624,45.00123],[15.79235,45.1898],[15.72848,44.7691],[17.63451,42.9504],[16.4568,43.54588],[15.95948,43.50397],[15.14454,44.19546],[15.52866,44.2718],[14.57081,45.29365],[14.31153,45.34398],[13.90317,44.77241],[13.59596,45.14541],[13.50709,45.51191],[14.3728,45.47784],[14.58095,45.66781],[15.32519,45.45283],[15.6398,46.20767],[16.5153,46.50171]]]]}},{"type":"Feature","properties":{"iso_a2":"si","iso_a3":"SVN","admin":"Slovenia","name":"Slovenia"},"geometry":{"type":"Polygon","coordinates":[[[13.64292,45.45943],[13.89469,45.63184],[13.36526,46.2903],[13.70095,46.51975],[14.54033,46.37864],[16.32534,46.83944],[16.5153,46.50171],[15.6398,46.20767],[15.32519,45.45283],[14.58095,45.66781],[13.64292,45.45943]]]}},{"type":"Feature","properties":{"iso_a2":"qa","iso_a3":"QAT","admin":"Qatar","name":"Qatar"},"geometry":{"type":"Polygon","coordinates":[[[50.80787,24.74665],[50.785,25.60456],[51.25123,26.1601],[51.57748,25.88085],[51.61101,25.02237],[51.34059,24.56989],[50.80787,24.74665]]]}},{"type":"Feature","properties":{"iso_a2":"sa","iso_a3":"SAU","admin":"Saudi Arabia","name":"Saudi Arabia"},"geometry":{"type":"MultiPolygon","coordinates":[[[[50.80787,24.74665],[51.4983,24.58356],[51.27882,24.30777],[52.55848,22.93857],[55.18684,22.70358],[55.63756,21.97897],[54.97838,19.99542],[51.97861,18.99564],[49.03585,18.57972],[48.16195,18.14892],[47.16134,16.94744],[46.7101,17.27538],[43.41289,17.51997],[42.78948,16.37096],[40.74488,19.777],[39.17433,21.10887],[38.93125,22.00607],[39.14275,22.40322],[38.45265,23.784],[37.4294,24.36731],[37.2422,25.17528],[35.21632,28.05439],[34.61305,28.03022],[34.94939,29.35169],[36.06946,29.20003],[37.98138,30.49881],[36.95953,31.491],[39.15774,32.12135],[40.37028,31.93847],[44.69183,29.20184],[47.43347,28.99472],[47.66813,28.53351],[48.49464,28.50015],[48.8318,27.61249],[50.15846,26.66486],[49.99,26.00178],[50.80787,24.74665]]]]}},{"type":"Feature","properties":{"iso_a2":"bw","iso_a3":"BWA","admin":"Botswana","name":"Botswana"},"geometry":{"type":"Polygon","coordinates":[[[25.25978,-17.79411],[26.15549,-19.53715],[27.20178,-20.09298],[27.26839,-20.49575],[27.69813,-20.50908],[27.99042,-21.55191],[29.03872,-21.79789],[29.35007,-22.18671],[27.12742,-23.52502],[26.83917,-24.2656],[25.86837,-24.74815],[25.45842,-25.71119],[24.66499,-25.82333],[23.03067,-25.29944],[22.0577,-26.6176],[20.69076,-26.89179],[20.65655,-25.4678],[19.98145,-24.75249],[19.97835,-22.00067],[20.9848,-21.96398],[20.97508,-18.31935],[23.29277,-17.99895],[23.60986,-18.47768],[25.25978,-17.79411]]]}},{"type":"Feature","properties":{"iso_a2":"zw","iso_a3":"ZWE","admin":"Zimbabwe","name":"Zimbabwe"},"geometry":{"type":"Polygon","coordinates":[[[25.25978,-17.79411],[27.02128,-17.95854],[27.81689,-16.95964],[28.80887,-16.48628],[28.93237,-15.96373],[30.39626,-15.63599],[30.40257,-16.00124],[32.96851,-16.68162],[33.04277,-18.352],[32.68108,-18.95497],[33.00727,-20.03201],[32.48161,-20.60303],[32.4472,-21.31368],[31.28892,-22.39734],[29.35695,-22.19094],[29.03872,-21.79789],[27.99042,-21.55191],[27.69813,-20.50908],[27.26839,-20.49575],[27.20178,-20.09298],[26.15549,-19.53715],[25.25978,-17.79411]]]}},{"type":"Feature","properties":{"iso_a2":"pk","iso_a3":"PAK","admin":"Pakistan","name":"Pakistan"},"geometry":{"type":"MultiPolygon","coordinates":[[[[75.98108,36.44544],[75.92232,36.03165],[76.55546,35.89786],[77.01311,34.98639],[75.77711,34.50381],[74.28583,34.76889],[73.77982,34.39607],[74.27229,33.96214],[73.96616,33.73453],[74.00234,33.17769],[74.34619,32.76689],[74.68529,32.83123],[74.68932,32.47135],[75.35905,32.26168],[74.5408,31.81088],[74.65883,31.08379],[71.8744,27.95969],[70.83157,27.70146],[70.34194,28.01147],[69.53444,27.12558],[69.50416,26.73516],[70.15807,26.53011],[70.11498,25.88173],[70.65386,25.67445],[71.07306,24.4021],[69.97204,24.16522],[68.74731,24.33118],[68.72447,23.96518],[67.63771,23.80174],[67.25554,24.74799],[66.65414,24.83918],[66.3755,25.62568],[66.09441,25.47484],[66.49838,25.39851],[64.65504,25.16572],[64.04542,25.45034],[61.72955,25.02178],[61.83295,26.22538],[63.14134,26.6254],[63.31963,27.11731],[62.74235,27.26681],[62.76152,28.24644],[61.89279,28.5426],[60.84438,29.85818],[62.47751,29.40782],[64.08609,29.3866],[66.19563,29.83534],[66.36626,30.92287],[66.69699,31.19582],[67.76473,31.33406],[67.56898,31.52986],[68.13856,31.82467],[68.80384,31.60257],[69.29885,31.93769],[69.48773,33.02837],[70.29445,33.31895],[69.87261,34.01723],[71.06262,34.05425],[70.95699,34.532],[71.63793,35.18969],[71.16592,36.04571],[71.61044,36.45793],[74.66245,37.05448],[75.98108,36.44544]]]]}},{"type":"Feature","properties":{"iso_a2":"bg","iso_a3":"BGR","admin":"Bulgaria","name":"Bulgaria"},"geometry":{"type":"Polygon","coordinates":[[[26.33336,41.71304],[25.88202,41.30404],[25.23911,41.2409],[24.51016,41.56165],[22.91698,41.33577],[23.00886,41.73993],[22.34502,42.31344],[22.42739,42.81361],[22.98457,43.17463],[22.34947,43.80792],[22.63999,44.20733],[23.03098,44.09307],[22.91956,43.83423],[25.40313,43.65005],[27.02748,44.17705],[28.57838,43.74128],[27.45289,42.48013],[28.01677,41.97256],[27.04655,42.08294],[26.33336,41.71304]]]}},{"type":"Feature","properties":{"iso_a2":"th","iso_a3":"THA","admin":"Thailand","name":"Thailand"},"geometry":{"type":"MultiPolygon","coordinates":[[[[102.91359,11.6459],[102.06446,12.57075],[100.85792,12.65266],[100.99578,13.49616],[100.27508,13.51667],[99.96274,13.30988],[100.02003,12.19269],[99.15162,10.35737],[99.25506,9.23249],[99.85353,9.29466],[100.2715,8.31708],[100.57398,7.19497],[100.28875,7.78832],[100.18539,7.51423],[100.94811,6.88073],[101.56625,6.83222],[102.07309,6.25751],[101.80048,5.73991],[101.10543,5.63764],[101.08166,6.24647],[100.26332,6.70001],[100.12729,6.44229],[98.65545,8.37962],[98.28142,8.2259],[98.75679,10.66607],[99.63002,11.81577],[99.09,13.87011],[98.16045,15.10637],[98.55991,15.35532],[98.54699,16.0475],[98.90252,16.38164],[98.66326,16.28666],[97.3514,18.55117],[97.74569,18.57106],[98.02454,19.80298],[98.89932,19.74862],[99.51034,20.15381],[99.42063,20.37555],[100.34434,20.38997],[100.47426,19.52499],[101.25488,19.54715],[100.90193,17.56193],[102.0785,18.2138],[102.68291,17.81008],[103.39677,18.44141],[104.00004,18.31844],[104.7927,17.42349],[104.75451,16.52891],[105.64092,15.68199],[105.50754,14.56405],[105.04731,14.21407],[104.77167,14.43987],[103.13823,14.31975],[102.33223,13.5646],[102.91359,11.6459]]]]}},{"type":"Feature","properties":{"iso_a2":"sm","iso_a3":"SMR","admin":"San Marino","name":"San Marino"},"geometry":{"type":"Polygon","coordinates":[[[12.42945,43.89206],[12.39958,43.90322],[12.38563,43.92453],[12.39565,43.94841],[12.41105,43.95966],[12.42139,43.96722],[12.45333,43.97905],[12.48216,43.98257],[12.48919,43.97311],[12.49239,43.95642],[12.49033,43.93916],[12.48309,43.92921],[12.48216,43.92792],[12.47958,43.9258],[12.47803,43.92322],[12.47749,43.92005],[12.47829,43.91704],[12.46046,43.89526],[12.42945,43.89206]]]}},{"type":"Feature","properties":{"iso_a2":"ht","iso_a3":"HTI","admin":"Haiti","name":"Haiti"},"geometry":{"type":"MultiPolygon","coordinates":[[[[-71.75744,19.71011],[-71.72035,18.76545],[-72.00984,18.59881],[-71.77623,18.03925],[-73.64631,18.25873],[-73.87328,18.02619],[-74.44591,18.34638],[-74.26769,18.66962],[-72.35383,18.5301],[-72.81355,19.05292],[-72.69913,19.44587],[-73.40416,19.83251],[-71.75744,19.71011]]]]}},{"type":"Feature","properties":{"iso_a2":"do","iso_a3":"DOM","admin":"Dominican Republic","name":"Dominican Rep."},"geometry":{"type":"MultiPolygon","coordinates":[[[[-71.75744,19.71011],[-71.00088,19.93769],[-69.94725,19.67866],[-69.76769,19.29975],[-69.1643,19.30703],[-69.60847,19.09345],[-68.73973,18.96442],[-68.33406,18.5773],[-68.74299,18.20454],[-69.85147,18.47248],[-70.55285,18.20425],[-70.70385,18.43012],[-71.41723,17.6048],[-72.00984,18.59881],[-71.72035,18.76545],[-71.75744,19.71011]]]]}},{"type":"Feature","properties":{"iso_a2":"td","iso_a3":"TCD","admin":"Chad","name":"Chad"},"geometry":{"type":"Polygon","coordinates":[[[14.06491,13.07799],[13.44949,14.43904],[15.46555,16.89468],[15.97032,20.33633],[15.18453,21.4912],[14.97991,22.99566],[15.9851,23.44472],[23.98131,19.49612],[23.98441,15.72116],[22.90675,15.5414],[22.36352,14.54353],[22.54636,14.13971],[22.07496,13.78032],[22.26761,13.33456],[21.80945,12.79367],[22.44569,12.61107],[22.92235,11.08708],[21.72263,10.63672],[21.71881,10.29663],[20.43517,9.13813],[19.02192,8.98522],[19.12413,8.67508],[18.58928,8.04788],[15.48105,7.52326],[15.1837,8.47915],[13.9476,9.63776],[14.1817,9.97818],[15.68124,9.99128],[15.13172,10.5407],[14.83075,12.61825],[14.06491,13.07799]]]}},{"type":"Feature","properties":{"iso_a2":"kw","iso_a3":"KWT","admin":"Kuwait","name":"Kuwait"},"geometry":{"type":"MultiPolygon","coordinates":[[[[47.94801,29.99404],[48.17676,29.54192],[47.70472,29.36363],[48.10027,29.34995],[48.43278,28.54048],[47.66813,28.53351],[47.43409,28.99459],[46.53244,29.09575],[47.1447,30.00334],[47.94801,29.99404]]]]}},{"type":"Feature","properties":{"iso_a2":"sv","iso_a3":"SLV","admin":"El Salvador","name":"El Salvador"},"geometry":{"type":"MultiPolygon","coordinates":[[[[-90.09831,13.7314],[-89.39818,14.44537],[-88.49682,13.8512],[-87.70361,13.815],[-87.92821,13.15864],[-90.09831,13.7314]]]]}},{"type":"Feature","properties":{"iso_a2":"gt","iso_a3":"GTM","admin":"Guatemala","name":"Guatemala"},"geometry":{"type":"Polygon","coordinates":[[[-89.36162,14.41548],[-90.09831,13.7314],[-91.31646,13.95568],[-92.24626,14.54628],[-91.73985,16.06099],[-90.43742,16.09886],[-90.39492,16.41921],[-91.4425,17.23797],[-90.99199,17.25192],[-90.98284,17.81054],[-89.1605,17.81431],[-89.23651,15.89391],[-88.22094,15.72565],[-89.16081,15.06025],[-89.36162,14.41548]]]}},{"type":"Feature","properties":{"iso_a2":"tl","iso_a3":"TLS","admin":"East Timor","name":"Timor-Leste"},"geometry":{"type":"MultiPolygon","coordinates":[[[[124.91951,-8.96202],[125.38103,-8.57147],[127.31324,-8.41522],[125.06162,-9.48577],[124.91951,-8.96202]]]]}},{"type":"Feature","properties":{"iso_a2":"bn","iso_a3":"BRN","admin":"Brunei","name":"Brunei"},"geometry":{"type":"MultiPolygon","coordinates":[[[[114.9817,4.88907],[114.62776,4.01668],[113.99879,4.60114],[114.9817,4.88907]]]]}},{"type":"Feature","properties":{"iso_a2":"mc","iso_a3":"MCO","admin":"Monaco","name":"Monaco"},"geometry":{"type":"Polygon","coordinates":[[[7.43745,43.74336],[7.43284,43.73985],[7.41796,43.7309],[7.40432,43.71797],[7.38072,43.71927],[7.36575,43.72273],[7.36726,43.73413],[7.37266,43.74583],[7.38754,43.7579],[7.40697,43.76351],[7.42625,43.75546],[7.43745,43.74336]]]}},{"type":"Feature","properties":{"iso_a2":"dz","iso_a3":"DZA","admin":"Algeria","name":"Algeria"},"geometry":{"type":"Polygon","coordinates":[[[-4.82161,24.99507],[-8.68239,27.28542],[-8.67877,28.69282],[-7.61945,29.38942],[-5.5395,29.52322],[-4.37237,30.50864],[-3.64553,30.71132],[-3.65951,31.64782],[-2.82784,31.79459],[-2.88119,32.07629],[-1.21033,32.08967],[-1.032,32.4944],[-1.67423,33.23797],[-1.76953,34.74134],[-2.22256,35.0893],[1.34669,36.54499],[3.87387,36.91722],[5.30437,36.64301],[6.41578,37.09296],[8.60251,36.93951],[8.16992,36.52583],[8.23648,34.64765],[7.47983,33.8939],[7.72499,33.23141],[9.04501,32.07184],[9.51971,30.2289],[9.28654,30.11713],[9.82615,29.12853],[9.89633,26.65279],[9.3778,26.16895],[10.24225,24.59512],[11.54139,24.29751],[11.96886,23.51735],[7.48273,20.87258],[5.7943,19.4498],[3.33306,18.97556],[3.1988,19.82052],[1.77811,20.30429],[1.15458,20.73879],[1.14652,21.10171],[-4.82161,24.99507]]]}},{"type":"Feature","properties":{"iso_a2":"mz","iso_a3":"MOZ","admin":"Mozambique","name":"Mozambique"},"geometry":{"type":"MultiPolygon","coordinates":[[[[32.11388,-26.84001],[31.98655,-24.42311],[31.2791,-22.41532],[32.4472,-21.31368],[32.48161,-20.60303],[33.00727,-20.03201],[32.68108,-18.95497],[33.04277,-18.352],[32.96851,-16.68162],[30.40257,-16.00124],[30.21446,-14.98146],[33.20271,-14.01387],[33.64485,-14.60174],[34.34408,-14.38739],[34.56908,-15.27116],[34.23319,-15.88983],[35.29193,-17.12934],[35.13194,-16.53765],[35.78513,-16.04228],[35.9043,-14.88689],[34.54531,-13.32575],[34.35401,-12.19946],[34.61673,-11.57831],[35.82637,-11.41346],[36.19968,-11.70151],[37.46968,-11.71949],[37.93808,-11.28396],[38.49226,-11.41346],[40.51051,-10.47772],[40.64682,-12.76629],[40.4109,-12.94207],[40.84799,-14.70501],[40.5818,-15.49212],[39.0905,-16.98382],[36.83277,-17.87762],[36.40748,-18.78484],[35.1268,-19.70501],[34.88006,-19.86338],[34.55323,-19.58229],[35.31153,-22.41302],[35.55144,-22.17913],[35.49684,-24.10133],[35.10646,-24.59791],[32.87273,-25.54388],[32.47682,-25.98455],[32.84246,-26.28867],[32.95444,-26.07887],[32.89308,-26.84612],[32.11388,-26.84001]]]]}},{"type":"Feature","properties":{"iso_a2":"sz","iso_a3":"SWZ","admin":"eSwatini","name":"eSwatini"},"geometry":{"type":"Polygon","coordinates":[[[31.94924,-25.9581],[31.96826,-27.31626],[31.15704,-27.20557],[30.80456,-26.39746],[31.33739,-25.74468],[31.94924,-25.9581]]]}},{"type":"Feature","properties":{"iso_a2":"bi","iso_a3":"BDI","admin":"Burundi","name":"Burundi"},"geometry":{"type":"Polygon","coordinates":[[[30.5546,-2.40063],[30.4158,-2.85166],[30.81484,-3.24771],[30.00301,-4.27193],[29.40418,-4.44981],[29.03257,-2.62067],[29.71992,-2.80546],[29.93169,-2.31691],[30.5546,-2.40063]]]}},{"type":"Feature","properties":{"iso_a2":"rw","iso_a3":"RWA","admin":"Rwanda","name":"Rwanda"},"geometry":{"type":"Polygon","coordinates":[[[29.01537,-2.72071],[28.85884,-2.4182],[29.34279,-1.51655],[30.47179,-1.06684],[30.83438,-2.34533],[29.93169,-2.31691],[29.71992,-2.80546],[29.01537,-2.72071]]]}},{"type":"Feature","properties":{"iso_a2":"mm","iso_a3":"MMR","admin":"Myanmar","name":"Myanmar"},"geometry":{"type":"MultiPolygon","coordinates":[[[[92.57588,21.97757],[93.17367,22.25942],[93.32219,24.08006],[94.13186,23.85697],[95.13262,26.62081],[96.14259,27.25751],[96.70524,27.36076],[97.11917,27.08729],[96.86213,27.5993],[97.33352,27.89416],[97.54622,28.53847],[98.11869,28.14079],[98.2947,27.53662],[98.67928,27.57734],[98.69023,25.86555],[97.80099,25.23763],[97.51646,23.94283],[98.86573,24.14569],[98.85901,23.17939],[99.53804,22.92643],[99.14447,22.15353],[99.94241,22.04553],[100.18714,21.42789],[101.17386,21.61191],[100.09929,20.31781],[99.42063,20.37555],[99.51034,20.15381],[98.89932,19.74862],[98.02454,19.80298],[97.74569,18.57106],[97.3514,18.55117],[98.66326,16.28666],[98.90252,16.38164],[98.54699,16.0475],[98.55991,15.35532],[98.16045,15.10637],[99.09,13.87011],[99.63002,11.81577],[98.54314,9.98745],[98.45932,10.7154],[98.89161,11.69367],[98.549,11.87865],[98.57846,13.18675],[98.19215,14.06468],[98.1443,13.53709],[97.79477,14.88032],[97.74025,16.55927],[97.37029,16.48355],[96.88307,17.45742],[96.67947,16.57487],[96.17115,16.77155],[96.3213,16.41527],[95.41578,15.72297],[95.36158,16.14838],[95.21274,15.78657],[95.13575,16.14838],[94.84685,15.79059],[94.99244,16.2508],[94.56658,15.93549],[94.73227,16.52456],[94.23951,15.9763],[94.49057,18.0725],[94.06691,19.38898],[93.93043,18.85863],[93.48707,19.33373],[93.98731,19.3867],[93.74,19.92512],[93.12843,20.09467],[93.16879,19.80732],[93.07325,20.55463],[92.86769,20.12202],[92.38111,20.70014],[92.17828,21.29973],[92.63376,21.28222],[92.57588,21.97757]]]]}},{"type":"Feature","properties":{"iso_a2":"bd","iso_a3":"BGD","admin":"Bangladesh","name":"Bangladesh"},"geometry":{"type":"MultiPolygon","coordinates":[[[[92.57588,21.97757],[92.63376,21.28222],[92.17828,21.29973],[92.31935,20.74201],[91.90805,22.42475],[91.78712,22.23794],[91.49049,22.90453],[90.94174,22.58588],[90.61199,23.60611],[90.24936,23.45539],[90.61085,23.23078],[90.55795,22.20335],[90.02443,21.86245],[90.23911,22.17227],[89.93442,21.99771],[90.0101,22.49022],[89.58693,21.70083],[89.47576,22.29507],[89.21046,21.65412],[88.95997,23.20269],[88.54155,23.63876],[88.73751,24.2871],[88.02179,24.6456],[88.4413,25.18973],[88.98494,25.28497],[88.08757,25.83098],[88.38528,26.62354],[89.3353,25.99857],[89.65301,26.22269],[89.81904,25.28497],[92.48379,24.92822],[91.13235,23.72065],[91.58607,22.94447],[91.92269,23.72297],[92.25931,23.70649],[92.57588,21.97757]]]]}},{"type":"Feature","properties":{"iso_a2":"ad","iso_a3":"AND","admin":"Andorra","name":"Andorra"},"geometry":{"type":"Polygon","coordinates":[[[1.70701,42.50278],[1.41927,42.57926],[1.70701,42.50278]]]}},{"type":"Feature","properties":{"iso_a2":"af","iso_a3":"AFG","admin":"Afghanistan","name":"Afghanistan"},"geometry":{"type":"Polygon","coordinates":[[[74.54235,37.02167],[72.56521,36.8206],[71.61044,36.45793],[71.16592,36.04571],[71.63793,35.18969],[70.95699,34.532],[71.06262,34.05425],[69.87261,34.01723],[70.29445,33.31895],[69.48773,33.02837],[69.29885,31.93769],[68.80384,31.60257],[68.13856,31.82467],[67.56898,31.52986],[67.76473,31.33406],[66.69699,31.19582],[66.36626,30.92287],[66.19563,29.83534],[64.08609,29.3866],[62.47751,29.40782],[60.84438,29.85818],[61.82644,31.01496],[61.68691,31.37318],[60.82174,31.49467],[60.56295,33.05827],[60.92086,33.5141],[60.51179,33.63839],[60.49277,34.13903],[60.89047,34.31891],[60.69968,34.5164],[61.26968,35.6185],[62.2862,35.14065],[62.69362,35.24839],[63.08021,35.43706],[63.10409,35.85647],[64.4777,36.27164],[64.77876,37.11805],[65.53686,37.25711],[65.76144,37.57838],[67.74659,37.22941],[68.02022,36.92568],[68.88787,37.33814],[69.31208,37.11748],[69.50866,37.57897],[70.15787,37.54143],[70.17213,37.94608],[70.95074,38.47305],[71.35816,38.25126],[71.25826,37.92647],[71.59773,37.89836],[71.65302,36.68701],[73.29633,37.46495],[73.75346,37.42839],[73.70923,37.21701],[74.66038,37.39397],[74.89231,37.23111],[74.36831,37.16706],[74.54235,37.02167]]]}},{"type":"Feature","properties":{"iso_a2":"me","iso_a3":"MNE","admin":"Montenegro","name":"Montenegro"},"geometry":{"type":"Polygon","coordinates":[[[18.49643,42.41633],[18.43353,42.9542],[19.06967,43.30883],[18.97748,43.54623],[20.35362,42.89098],[19.98176,42.51076],[19.62178,42.605],[19.36508,41.85236],[18.49643,42.41633]]]}},{"type":"Feature","properties":{"iso_a2":"ba","iso_a3":"BIH","admin":"Bosnia and Herzegovina","name":"Bosnia and Herz."},"geometry":{"type":"Polygon","coordinates":[[[17.65333,42.89094],[15.72848,44.7691],[15.8248,45.21099],[16.31624,45.00123],[16.92437,45.28452],[19.36867,44.88713],[19.10719,44.38272],[19.61144,44.05452],[19.23803,43.99251],[19.48959,43.56445],[18.91102,43.50727],[19.06967,43.30883],[18.45275,42.9934],[18.49213,42.56477],[17.65333,42.89094]]]}},{"type":"Feature","properties":{"iso_a2":"ug","iso_a3":"UGA","admin":"Uganda","name":"Uganda"},"geometry":{"type":"Polygon","coordinates":[[[30.47179,-1.06684],[29.91743,-1.47521],[29.57792,-1.38839],[29.55466,-0.92857],[29.9473,0.8246],[31.27145,2.103],[30.71056,2.44512],[30.94445,3.67929],[31.77788,3.81643],[32.16799,3.51224],[32.99724,3.88553],[33.49065,3.74975],[34.00602,4.20571],[35.00647,1.91686],[33.89357,0.10981],[33.90421,-1.00257],[30.47179,-1.06684]]]}},{"type":"Feature","properties":{"iso_a2":"cu","iso_a3":"CUB","admin":"Cuba","name":"Cuba"},"geometry":{"type":"MultiPolygon","coordinates":[[[[-75.09501,19.89723],[-77.70604,19.83002],[-77.11343,20.36848],[-77.19542,20.63654],[-78.06554,20.71166],[-78.74462,21.63654],[-80.00325,21.72089],[-80.48445,22.19204],[-81.82445,22.18891],[-82.16397,22.39688],[-81.65156,22.48783],[-81.8775,22.67973],[-82.75988,22.70596],[-84.02941,21.91987],[-84.94603,21.89354],[-84.28856,22.0207],[-84.21288,22.58307],[-83.22619,23.00186],[-80.59728,23.15607],[-79.31249,22.4003],[-78.70808,22.38691],[-77.36335,21.63825],[-77.55602,21.92853],[-76.88728,21.30736],[-75.70401,21.11896],[-75.72452,20.6955],[-74.22354,20.31737],[-74.26741,20.06831],[-75.09501,19.89723]]]]}},{"type":"Feature","properties":{"iso_a2":"hn","iso_a3":"HND","admin":"Honduras","name":"Honduras"},"geometry":{"type":"MultiPolygon","coordinates":[[[[-89.36162,14.41548],[-89.16081,15.06025],[-87.5913,15.93549],[-84.99995,15.98794],[-83.13044,14.99701],[-84.48269,14.61947],[-84.90422,14.81698],[-85.74246,13.8237],[-86.0202,14.05516],[-86.7662,13.74526],[-87.03505,12.97978],[-87.81717,13.40656],[-87.81789,13.91587],[-88.49682,13.8512],[-89.36162,14.41548]]]]}},{"type":"Feature","properties":{"iso_a2":"ec","iso_a3":"ECU","admin":"Ecuador","name":"Ecuador"},"geometry":{"type":"MultiPolygon","coordinates":[[[[-78.82868,1.43431],[-77.39747,0.38763],[-76.56543,0.21606],[-76.30048,0.46163],[-75.28349,-0.10702],[-75.64321,-0.12883],[-75.22726,-0.96981],[-76.09124,-2.12891],[-78.35079,-3.38961],[-79.06393,-5.01137],[-79.65798,-4.43875],[-80.49229,-4.41301],[-79.76561,-2.00498],[-80.25548,-2.73024],[-81.01301,-2.16692],[-80.73745,-2.0435],[-80.90961,-1.04492],[-80.29901,-0.66223],[-80.49646,-0.38137],[-80.05135,0.08999],[-80.07584,0.81615],[-78.82868,1.43431]]]]}},{"type":"Feature","properties":{"iso_a2":"co","iso_a3":"COL","admin":"Colombia","name":"Colombia"},"geometry":{"type":"MultiPolygon","coordinates":[[[[-78.82868,1.43431],[-79.02151,1.63831],[-78.57123,1.78221],[-78.57409,2.43317],[-77.76041,2.59162],[-77.03157,3.91584],[-77.43517,4.02936],[-77.34537,6.56611],[-77.89584,7.2351],[-77.76421,7.70573],[-77.57999,7.52838],[-77.16327,7.93926],[-77.434,8.62826],[-76.75723,7.92357],[-76.94717,8.54548],[-75.62063,9.45285],[-75.70358,10.13443],[-75.2674,10.79532],[-74.84437,11.10967],[-74.29783,10.9915],[-74.59699,10.86783],[-74.39509,10.7495],[-74.15339,11.34366],[-73.29239,11.29401],[-72.13866,12.25605],[-71.26183,12.34186],[-71.13809,12.01581],[-71.99061,11.64906],[-72.68297,10.85562],[-73.39115,9.17278],[-72.79103,9.11394],[-72.33576,8.1039],[-72.4787,7.48445],[-71.99382,7.01286],[-70.1292,6.97255],[-69.2461,6.08066],[-67.44996,6.19794],[-67.87505,4.53264],[-67.30945,3.38393],[-67.85593,2.78975],[-67.18972,2.39438],[-66.88354,1.34994],[-67.08611,1.176],[-67.42464,2.13811],[-67.92885,1.74129],[-68.19219,2.01489],[-68.1633,1.72129],[-69.85617,1.70768],[-69.85219,1.05942],[-69.28881,1.03844],[-69.13746,0.65014],[-70.05425,0.58813],[-70.06804,-0.16014],[-69.39945,-1.18272],[-69.96495,-4.23648],[-70.73413,-3.78204],[-70.10579,-2.62521],[-71.74613,-2.13232],[-72.93541,-2.42533],[-74.82465,-0.17048],[-76.30048,0.46163],[-76.56543,0.21606],[-77.39747,0.38763],[-78.82868,1.43431]]]]}},{"type":"Feature","properties":{"iso_a2":"py","iso_a3":"PRY","admin":"Paraguay","name":"Paraguay"},"geometry":{"type":"Polygon","coordinates":[[[-62.65036,-22.23446],[-61.7532,-19.64588],[-59.06965,-19.29148],[-58.16443,-19.83295],[-57.81758,-20.9536],[-57.98625,-22.07446],[-55.86103,-22.28954],[-55.42067,-23.95451],[-54.63922,-23.80444],[-54.24529,-24.05062],[-54.79306,-26.64499],[-55.75473,-27.4437],[-56.12455,-27.2989],[-56.39973,-27.58684],[-58.6042,-27.31626],[-57.57532,-25.56443],[-57.75407,-25.18089],[-61.00635,-23.80547],[-62.65036,-22.23446]]]}},{"type":"Feature","properties":{"iso_a2":"br","iso_a3":"BRI","admin":"Brazilian Island","name":"Brazilian I."},"geometry":{"type":"Polygon","coordinates":[[[-57.64247,-30.19309],[-57.63397,-30.18358],[-57.6117,-30.18296],[-57.60279,-30.19052],[-57.64247,-30.19309]]]}},{"type":"Feature","properties":{"iso_a2":"pt","iso_a3":"PRT","admin":"Portugal","name":"Portugal"},"geometry":{"type":"MultiPolygon","coordinates":[[[[-7.10486,38.82719],[-7.35921,38.44636],[-6.9475,38.19664],[-7.52969,37.56717],[-7.40762,37.16486],[-8.99787,37.02147],[-8.75219,37.73078],[-8.94262,38.48139],[-8.6068,38.41869],[-9.23062,38.41869],[-9.25268,38.66548],[-8.76513,39.09772],[-9.1125,38.71418],[-9.49747,38.80976],[-8.57266,40.75556],[-8.8789,41.83902],[-8.22236,42.15363],[-8.17957,41.8107],[-6.60949,41.96232],[-6.20595,41.57028],[-6.94249,41.016],[-7.02114,39.69401],[-7.55729,39.6798],[-6.98569,39.06676],[-7.10486,38.82719]]]]}},{"type":"Feature","properties":{"iso_a2":"md","iso_a3":"MDA","admin":"Moldova","name":"Moldova"},"geometry":{"type":"Polygon","coordinates":[[[26.61789,48.25897],[27.60481,48.48412],[29.12399,47.97599],[29.15562,47.45],[29.55657,47.32404],[30.10719,46.3919],[28.94581,46.45479],[28.95687,46.00138],[28.1995,45.46177],[28.08271,46.97153],[27.04277,48.1273],[26.61789,48.25897]]]}},{"type":"Feature","properties":{"iso_a2":"tm","iso_a3":"TKM","admin":"Turkmenistan","name":"Turkmenistan"},"geometry":{"type":"MultiPolygon","coordinates":[[[[61.26968,35.6185],[61.16581,36.63632],[60.34229,36.63714],[59.31228,37.53035],[57.3524,37.96753],[57.18589,38.27648],[55.4474,38.08367],[54.65396,37.4389],[53.91375,37.34276],[53.98276,38.916],[53.56202,39.35334],[53.16147,39.17959],[53.27589,39.66486],[53.73317,39.52798],[53.41676,39.64997],[53.57447,39.96792],[52.91359,40.02167],[53.00807,39.76634],[52.73658,40.48457],[52.91651,41.08515],[53.11891,40.76984],[53.62468,40.88703],[53.72104,40.62568],[54.40357,40.67365],[54.25001,40.89061],[54.76743,41.03677],[54.07399,41.48798],[53.8187,42.12442],[52.9603,41.98436],[52.88234,41.05044],[52.43767,41.74888],[52.97871,42.12663],[54.12262,42.3376],[55.4783,41.26678],[57.01019,41.25412],[56.97836,41.89512],[57.85045,42.19143],[58.01602,42.49971],[58.49062,42.29757],[58.12134,42.62425],[58.58788,42.79119],[60.0282,42.19952],[60.09424,41.38952],[61.87791,41.12498],[62.45281,40.00924],[63.70927,39.19089],[66.62434,37.99383],[66.46993,37.32976],[65.76144,37.57838],[65.53686,37.25711],[64.80791,37.13551],[64.4777,36.27164],[63.10409,35.85647],[63.08021,35.43706],[62.69362,35.24839],[62.2862,35.14065],[61.26968,35.6185]]]]}},{"type":"Feature","properties":{"iso_a2":"jo","iso_a3":"JOR","admin":"Jordan","name":"Jordan"},"geometry":{"type":"Polygon","coordinates":[[[35.61176,32.6819],[36.80657,32.31304],[38.77451,33.37168],[39.292,32.24452],[36.95953,31.491],[37.98138,30.49881],[36.04382,29.19088],[34.94939,29.35169],[35.61176,32.6819]]]}},{"type":"Feature","properties":{"iso_a2":"np","iso_a3":"NPL","admin":"Nepal","name":"Nepal"},"geometry":{"type":"Polygon","coordinates":[[[88.11822,27.86089],[88.04432,26.40568],[86.7136,26.41456],[85.19493,26.75889],[84.11717,27.51328],[82.75214,27.49496],[80.03391,28.91594],[80.36897,29.75793],[81.61401,30.4169],[83.52372,29.18359],[84.08973,29.25661],[84.45085,28.73388],[85.16098,28.595],[85.10941,28.29225],[85.69294,28.33522],[85.96269,27.89137],[86.15596,28.15653],[86.4253,27.90993],[86.66198,28.10684],[87.1558,27.8258],[88.11822,27.86089]]]}},{"type":"Feature","properties":{"iso_a2":"ls","iso_a3":"LSO","admin":"Lesotho","name":"Lesotho"},"geometry":{"type":"Polygon","coordinates":[[[28.98085,-28.90903],[29.43591,-29.34239],[29.14425,-29.91972],[28.38388,-30.1442],[28.07878,-30.6588],[27.71353,-30.58376],[27.01487,-29.62558],[28.15495,-28.70233],[28.6343,-28.57076],[28.98085,-28.90903]]]}},{"type":"Feature","properties":{"iso_a2":"cm","iso_a3":"CMR","admin":"Cameroon","name":"Cameroon"},"geometry":{"type":"Polygon","coordinates":[[[11.32208,2.16576],[9.81085,2.26488],[9.92945,3.27155],[9.54591,3.81965],[9.75457,4.13569],[9.34352,3.91584],[8.84702,4.63972],[8.51027,4.52705],[8.84523,5.83104],[10.14293,7.00769],[10.49598,6.87467],[10.57866,7.13083],[11.25552,6.42997],[11.87223,7.07936],[12.22704,8.38631],[12.79455,8.78861],[13.75485,11.01672],[14.61619,11.53868],[14.66828,12.17807],[14.18893,12.37041],[14.06491,13.07799],[14.41817,13.08114],[15.04945,12.08459],[15.13823,10.52166],[15.68124,9.99128],[14.1817,9.97818],[13.94595,9.65264],[15.56291,7.79245],[14.38727,6.03904],[15.0849,3.88584],[16.09238,2.86329],[16.15584,1.71907],[14.56214,2.20881],[11.32208,2.16576]]]}},{"type":"Feature","properties":{"iso_a2":"ga","iso_a3":"GAB","admin":"Gabon","name":"Gabon"},"geometry":{"type":"MultiPolygon","coordinates":[[[[13.29457,2.16106],[13.15018,1.25662],[14.14449,1.39162],[14.46809,0.91323],[13.83123,-0.20541],[14.49,-0.60094],[14.40453,-1.89306],[14.09002,-2.49861],[13.74317,-2.09708],[13.4589,-2.44104],[12.96901,-2.37241],[12.63239,-1.82516],[12.45927,-2.32993],[11.5662,-2.32973],[11.90551,-3.64355],[11.48259,-3.50929],[11.11402,-3.93686],[9.72511,-2.48138],[10.13746,-2.52744],[9.59702,-2.35223],[8.98357,-1.23089],[9.55958,-1.6076],[8.69557,-0.5866],[9.01148,-0.87461],[9.34539,0.35578],[10.02564,0.18797],[9.30568,0.54426],[9.60792,0.46918],[9.59205,1.01435],[11.33634,0.99917],[11.35164,2.30058],[13.29457,2.16106]]]]}},{"type":"Feature","properties":{"iso_a2":"ne","iso_a3":"NER","admin":"Niger","name":"Niger"},"geometry":{"type":"Polygon","coordinates":[[[3.5964,11.69577],[2.8443,12.39924],[2.37001,12.23626],[2.39017,11.89654],[2.10905,12.70563],[1.56386,12.63215],[0.98354,13.03236],[0.98354,13.36841],[1.26869,13.34606],[0.59431,13.68888],[0.15294,14.54671],[0.22126,14.99593],[3.5071,15.35397],[3.8461,15.6853],[4.18396,16.41605],[4.22861,19.14224],[5.7943,19.4498],[7.48273,20.87258],[11.96886,23.51735],[13.48226,23.17967],[14.21622,22.6163],[14.97991,22.99566],[15.18453,21.4912],[15.97032,20.33633],[15.47195,16.91675],[13.44949,14.43904],[13.60731,13.7041],[12.47271,13.06416],[10.67499,13.3751],[9.5903,12.80139],[7.824,13.34529],[6.93713,12.99541],[6.30218,13.66384],[4.82485,13.77074],[4.12577,13.47298],[3.5964,11.69577]]]}},{"type":"Feature","properties":{"iso_a2":"bf","iso_a3":"BFA","admin":"Burkina Faso","name":"Burkina Faso"},"geometry":{"type":"Polygon","coordinates":[[[2.39017,11.89654],[0.96328,10.97414],[-2.83734,10.99801],[-2.76368,9.39188],[-3.21476,9.91562],[-4.68108,9.68207],[-5.52258,10.42549],[-5.21831,11.4222],[-5.41235,11.82853],[-4.40614,12.30747],[-4.32704,13.16855],[-3.97774,13.49993],[-3.44948,13.16881],[-2.59738,14.22231],[-2.03592,14.18123],[-1.99706,14.47069],[-0.71972,15.07846],[0.21847,14.91098],[0.59431,13.68888],[1.26869,13.34606],[0.98354,13.36841],[0.98354,13.03236],[1.56386,12.63215],[2.10905,12.70563],[2.39017,11.89654]]]}},{"type":"Feature","properties":{"iso_a2":"tg","iso_a3":"TGO","admin":"Togo","name":"Togo"},"geometry":{"type":"Polygon","coordinates":[[[-0.16611,11.13498],[0.90147,10.99274],[0.76071,10.38216],[1.34383,9.96244],[1.61964,6.21389],[1.18539,6.10049],[0.51927,6.83225],[0.71275,8.29797],[0.36587,8.77427],[0.53137,9.40111],[0.22681,9.43234],[0.3966,10.28322],[-0.16611,11.13498]]]}},{"type":"Feature","properties":{"iso_a2":"gh","iso_a3":"GHA","admin":"Ghana","name":"Ghana"},"geometry":{"type":"Polygon","coordinates":[[[-0.16611,11.13498],[0.3966,10.28322],[0.22681,9.43234],[0.53137,9.40111],[0.36587,8.77427],[0.71275,8.29797],[0.51607,6.84181],[1.18539,6.10049],[-1.98144,4.75243],[-3.11962,5.09133],[-2.73014,5.37316],[-3.24168,6.8109],[-2.50633,8.20927],[-2.83734,10.99801],[-0.16611,11.13498]]]}},{"type":"Feature","properties":{"iso_a2":"gw","iso_a3":"GNB","admin":"Guinea-Bissau","name":"Guinea-Bissau"},"geometry":{"type":"MultiPolygon","coordinates":[[[[-13.72828,12.67339],[-13.97253,12.15156],[-13.72993,11.70983],[-14.71106,11.49757],[-15.08519,10.92764],[-15.00089,11.21678],[-15.23013,10.99482],[-15.26806,11.43301],[-15.50707,11.3579],[-15.00731,11.61176],[-15.55138,11.73314],[-14.9359,11.753],[-15.00723,11.97834],[-15.95897,11.73481],[-15.71369,12.01581],[-16.35513,12.08735],[-16.06314,12.35102],[-16.72844,12.33253],[-13.72828,12.67339]]]]}},{"type":"Feature","properties":{"iso_a2":"gi","iso_a3":"GIB","admin":"Gibraltar","name":"Gibraltar"},"geometry":{"type":"Polygon","coordinates":[[[-5.35839,36.14111],[-5.33877,36.14112],[-5.33991,36.12983],[-5.33906,36.12385],[-5.34203,36.1105],[-5.35025,36.11929],[-5.35839,36.14111]]]}},{"type":"Feature","properties":{"iso_a2":"us","iso_a3":"USA","admin":"United States of America","name":"United States of America"},"geometry":{"type":"MultiPolygon","coordinates":[[[[-122.75302,48.99251],[-95.17711,48.99267],[-95.16057,49.36949],[-94.83914,49.30888],[-94.59285,48.72643],[-93.75678,48.51655],[-92.97972,48.61768],[-91.57484,48.04821],[-90.8738,48.23434],[-89.36364,47.9796],[-88.37646,48.30512],[-84.87869,46.89791],[-84.56656,46.4612],[-84.11044,46.52646],[-83.96459,46.06318],[-83.46281,46.00779],[-83.63687,45.77394],[-82.54829,45.3346],[-82.14565,43.57641],[-82.52622,42.61991],[-83.15949,42.04632],[-82.66691,41.66909],[-79.01938,42.80269],[-79.17431,43.46453],[-78.75082,43.61706],[-76.84153,43.6255],[-74.90374,45.00521],[-71.50408,45.01374],[-71.33432,45.28871],[-70.89241,45.2346],[-69.23727,47.45881],[-68.90623,47.19022],[-68.29973,47.36783],[-67.81356,47.08191],[-67.80705,45.71287],[-67.43131,45.59794],[-66.97733,44.81554],[-68.06054,44.32831],[-68.47822,44.49339],[-68.54137,44.23733],[-68.80163,44.56029],[-69.1914,43.95217],[-69.54764,43.83491],[-69.53397,44.02102],[-69.5924,43.80772],[-69.62959,44.02729],[-69.758,43.75951],[-69.77473,44.05996],[-69.82815,43.69827],[-69.99938,43.86152],[-70.28686,43.6505],[-70.86376,42.82624],[-70.59704,42.63447],[-71.04678,42.32152],[-70.33519,41.71922],[-70.00011,41.81631],[-70.0812,42.05835],[-69.93887,41.67422],[-70.65868,41.52135],[-70.71044,41.74803],[-71.1859,41.46874],[-71.11075,41.79707],[-71.39135,41.81879],[-71.49771,41.36628],[-72.90998,41.30512],[-73.89383,40.80385],[-73.97594,41.29218],[-74.28269,40.49732],[-73.97916,40.44929],[-74.09301,39.77634],[-74.41344,39.35712],[-74.9547,38.92642],[-74.90632,39.17963],[-75.55822,39.61347],[-75.02359,40.0163],[-75.59215,39.64924],[-75.04475,38.42504],[-75.94911,37.12495],[-75.63313,37.96003],[-75.87499,37.95112],[-75.84325,38.40436],[-76.03791,38.23249],[-76.31896,38.47394],[-75.9702,38.60659],[-76.34129,38.67317],[-76.10607,38.878],[-76.37475,38.84157],[-75.83169,39.58438],[-76.6232,39.25971],[-76.38191,38.38457],[-76.68147,38.67939],[-76.67364,38.48606],[-76.3239,38.04384],[-77.25526,38.39352],[-77.06833,38.90194],[-77.34307,38.34869],[-76.24791,37.90347],[-76.50499,37.65693],[-77.13394,38.166],[-76.28417,37.56957],[-76.49603,37.24912],[-76.79817,37.50438],[-76.26989,37.06928],[-77.27432,37.31635],[-76.66997,37.18501],[-76.5244,36.86323],[-76.00459,36.93236],[-75.52383,35.79438],[-75.94689,36.71845],[-75.78551,36.08161],[-76.19884,36.32266],[-76.06347,36.16201],[-76.57726,36.0124],[-76.72985,36.32266],[-76.72985,35.94526],[-76.04833,35.98371],[-76.03718,35.65103],[-75.85285,35.97997],[-75.72183,35.82917],[-76.15038,35.34715],[-77.05199,35.53437],[-76.47037,35.27058],[-76.76448,34.9892],[-77.07934,35.15697],[-76.94026,34.9798],[-76.34626,34.88325],[-77.33654,34.5611],[-77.43562,34.75348],[-77.94205,33.93049],[-77.96255,34.19115],[-78.01781,33.89631],[-78.76334,33.77855],[-79.38703,33.01732],[-80.66979,32.52114],[-80.55329,32.2788],[-80.85497,32.5395],[-80.67785,32.21475],[-81.49242,31.36766],[-81.29381,29.89411],[-80.03824,26.81118],[-80.4025,25.18623],[-81.10196,25.12474],[-80.91723,25.24575],[-81.34846,25.81684],[-81.732,25.92048],[-82.00866,26.48452],[-81.78038,26.71499],[-82.03905,26.5279],[-81.97838,26.99616],[-82.31383,26.84935],[-82.72916,27.51472],[-82.42174,27.91718],[-82.8424,27.82852],[-82.63362,28.88764],[-83.68057,29.92129],[-84.20914,30.10708],[-85.3461,29.67837],[-85.58678,30.32612],[-85.72053,30.13434],[-86.51089,30.40762],[-86.20714,30.50487],[-87.19408,30.3603],[-87.02961,30.60733],[-88.03014,30.22378],[-87.76423,30.27953],[-88.03014,30.7377],[-88.13769,30.31977],[-90.40502,30.22016],[-89.66739,30.16401],[-89.66454,29.87547],[-89.36604,30.04865],[-89.75691,29.6341],[-89.01016,29.17475],[-89.41365,28.92837],[-89.27619,29.1601],[-89.81631,29.47435],[-90.18204,29.57949],[-90.22924,29.08666],[-90.43444,29.35725],[-90.88402,29.13378],[-91.84752,29.83124],[-92.31431,29.53437],[-93.83103,29.70013],[-93.85407,29.98656],[-93.8758,29.67504],[-94.76277,29.36652],[-94.48595,29.56611],[-95.05228,29.74975],[-94.82112,29.37397],[-95.15892,29.04572],[-96.21886,28.48949],[-95.98778,28.64484],[-96.65087,28.72972],[-96.4038,28.43488],[-96.79332,28.47972],[-97.18407,27.83661],[-97.52107,27.8732],[-97.25959,27.69505],[-97.4112,27.33503],[-97.77428,27.46849],[-97.4261,27.26366],[-97.562,26.83788],[-97.13752,25.97451],[-97.36599,25.8439],[-99.10643,26.42304],[-99.51501,27.5886],[-101.4051,29.77844],[-102.32101,29.89394],[-103.38663,29.0288],[-104.51664,29.65432],[-104.93434,30.61054],[-106.39177,31.74592],[-108.21512,31.77775],[-108.21481,31.32744],[-111.00627,31.32719],[-114.82211,32.50024],[-114.72428,32.71284],[-117.12512,32.53167],[-117.50884,33.3352],[-118.51407,34.02216],[-120.63663,34.56289],[-120.64489,35.13939],[-121.89966,36.3044],[-121.80425,36.83602],[-122.52047,37.53142],[-122.40864,37.81039],[-122.03214,37.46336],[-122.36631,38.01234],[-121.44538,38.00389],[-122.39652,38.15323],[-122.52843,37.81637],[-123.02745,37.99449],[-122.9963,38.24273],[-122.83227,38.09589],[-123.72624,38.91858],[-123.85402,39.83351],[-124.4092,40.44382],[-124.06835,41.53925],[-124.56676,42.83397],[-124.07022,43.71166],[-124.02266,46.23084],[-123.18009,46.1791],[-124.08017,46.27169],[-124.06288,46.65494],[-123.95812,46.37824],[-123.76399,46.67841],[-124.12682,46.8985],[-123.81306,46.95897],[-124.17846,46.92551],[-124.72753,48.38773],[-122.87328,47.99372],[-122.77017,48.1411],[-122.62011,47.87763],[-123.16129,47.35684],[-122.55338,47.92084],[-122.56851,47.26407],[-122.77278,47.17308],[-122.80565,47.39777],[-123.07877,47.13028],[-122.72248,47.0893],[-122.32848,47.35712],[-122.19172,48.02631],[-122.68346,48.43016],[-122.4403,48.58071],[-122.75302,48.99251]]],[[[-141.00556,69.65095],[-140.99493,60.30438],[-140.01579,60.18739],[-139.07946,60.34102],[-139.18215,60.07339],[-137.61136,59.23933],[-137.48687,58.90008],[-136.56949,59.17215],[-136.35033,59.59238],[-135.48276,59.79247],[-135.25988,59.69822],[-134.95783,59.28098],[-133.39224,58.40388],[-131.82559,56.59334],[-130.07154,56.08412],[-129.98925,55.284],[-130.36539,54.90729],[-130.93423,54.82445],[-130.97102,55.06122],[-130.46158,55.33185],[-131.05704,55.12629],[-130.61246,55.29707],[-131.1964,55.97142],[-131.00967,56.11262],[-131.91466,55.85944],[-131.96141,55.50104],[-132.17162,55.58853],[-131.96304,56.15738],[-131.48949,56.22248],[-131.90783,56.23273],[-132.54019,56.6315],[-132.35969,56.81843],[-132.76138,56.84577],[-132.7954,57.09272],[-133.55199,57.18146],[-133.03807,57.36709],[-133.4195,57.34394],[-133.3131,57.59296],[-133.64826,57.70283],[-133.00398,57.51789],[-133.55199,57.91511],[-133.12409,57.85712],[-133.55431,57.92943],[-133.68635,57.79072],[-133.68236,58.15534],[-133.86437,57.98697],[-134.05972,58.07217],[-133.7718,58.52464],[-134.15787,58.20429],[-134.75617,58.38154],[-135.3483,59.47061],[-135.55378,59.31977],[-135.30736,59.08698],[-135.55378,59.23041],[-135.09382,58.23725],[-135.48493,58.48395],[-135.90941,58.38129],[-136.07388,58.81265],[-135.77302,58.90453],[-136.04654,58.86103],[-136.15738,59.03758],[-136.20971,58.7508],[-137.04609,59.06904],[-137.12971,58.82632],[-136.58755,58.84833],[-136.52575,58.614],[-136.06233,58.47427],[-136.27282,58.31297],[-136.50593,58.44269],[-136.3706,58.29955],[-136.66478,58.22036],[-138.44909,59.19164],[-139.857,59.54629],[-139.48005,59.70441],[-139.47322,59.9936],[-139.28991,59.57616],[-139.28038,59.83369],[-138.89737,59.81318],[-139.5209,60.0515],[-140.32274,59.70124],[-141.45401,59.88207],[-141.37768,60.14216],[-141.67349,59.96113],[-142.79849,60.11237],[-144.24962,60.03229],[-144.00255,60.03974],[-144.19644,60.20563],[-144.94164,60.30663],[-144.62279,60.71703],[-145.26952,60.35708],[-145.93875,60.45607],[-145.62902,60.67914],[-146.69571,60.74482],[-146.09309,60.84101],[-146.73542,60.9239],[-146.27798,61.12275],[-147.36461,60.89126],[-147.56115,61.15591],[-147.79556,60.82738],[-148.0504,60.95014],[-147.73046,61.27985],[-148.04943,61.0266],[-148.40949,61.06013],[-148.14875,61.06013],[-148.33288,60.8194],[-148.70368,60.79267],[-148.44982,60.80012],[-148.66747,60.67451],[-148.37471,60.77961],[-148.42992,60.62873],[-148.2307,60.77277],[-148.1966,60.62873],[-148.68989,60.45722],[-148.08361,60.60488],[-147.9359,60.46117],[-148.39086,60.27741],[-148.10033,60.22093],[-148.43537,59.9593],[-149.1031,60.05809],[-149.28588,59.87466],[-149.40868,60.12373],[-149.52672,59.7176],[-149.72472,59.96406],[-149.75654,59.66205],[-150.03169,59.79926],[-150.01269,59.62824],[-150.34797,59.46996],[-150.22436,59.7154],[-150.47948,59.46735],[-150.65697,59.55248],[-150.95861,59.20368],[-151.24348,59.31843],[-151.11034,59.21894],[-151.74153,59.16714],[-151.89403,59.41283],[-151.38219,59.44477],[-150.99279,59.77904],[-151.41051,59.60773],[-151.87178,59.74946],[-151.30598,60.38695],[-151.41731,60.71817],[-150.38703,61.04727],[-149.02583,60.85468],[-150.06733,61.15575],[-149.42817,61.51317],[-149.98375,61.24632],[-150.54027,61.36929],[-151.56676,60.99453],[-152.5963,60.22846],[-153.08263,60.29979],[-152.57856,60.0812],[-152.71886,59.9156],[-153.24336,59.86245],[-153.00007,59.81318],[-153.23664,59.64789],[-153.45258,59.79267],[-154.2613,59.14842],[-153.26415,58.85737],[-154.11046,58.47748],[-154.24678,58.12641],[-155.02314,58.02558],[-155.31029,57.74042],[-155.60509,57.79222],[-155.74165,57.55207],[-156.54463,57.3227],[-156.54979,56.98286],[-156.78478,57.04914],[-157.1894,56.77627],[-157.41967,56.86738],[-157.48265,56.62035],[-158.43102,56.43806],[-158.64643,56.27066],[-158.1195,56.23615],[-158.42756,56.00654],[-158.63964,56.20205],[-158.68293,55.9584],[-159.54499,55.88964],[-159.62654,55.57827],[-159.84577,55.85122],[-161.27916,55.35489],[-161.47924,55.48493],[-161.14489,55.53498],[-161.6208,55.61298],[-162.00129,55.09321],[-162.44933,55.04027],[-162.64533,55.30004],[-162.55993,54.96125],[-163.18305,55.13915],[-163.04987,54.94184],[-163.34138,54.8111],[-163.33454,55.11953],[-162.49714,55.37397],[-161.8,55.88972],[-161.15534,56.01703],[-161.36754,55.95563],[-160.87413,55.99315],[-160.79902,55.7154],[-160.78454,55.88768],[-160.24352,55.77684],[-160.5799,55.98973],[-160.18871,56.38691],[-158.88923,56.88959],[-159.01069,56.7888],[-158.63964,56.76374],[-158.31245,57.31489],[-157.75776,57.56428],[-157.41381,57.48994],[-157.70991,57.65253],[-157.60554,58.10521],[-157.13948,58.1684],[-157.56208,58.36367],[-156.94087,58.73754],[-156.78319,59.15522],[-157.08446,58.88666],[-158.20336,58.61298],[-158.49751,58.99396],[-157.99535,58.90827],[-158.54406,59.17577],[-158.91462,58.77538],[-158.82966,58.40477],[-159.61749,58.93132],[-159.90613,58.76541],[-160.35217,59.07066],[-161.76484,58.55939],[-162.17605,58.64492],[-161.65559,58.80646],[-161.85582,59.03376],[-161.56916,59.11506],[-161.89647,59.07538],[-162.0515,59.27017],[-161.71394,59.50137],[-162.14904,60.24518],[-162.31724,60.11306],[-162.45858,60.29509],[-161.88154,60.70392],[-162.18318,60.73115],[-162.70332,60.26569],[-162.52583,59.9975],[-163.61494,59.80085],[-164.12853,59.84268],[-164.64916,60.33393],[-165.10143,60.40668],[-164.98558,60.54682],[-165.43122,60.55305],[-164.93745,60.93647],[-164.27082,60.78791],[-164.42036,60.55427],[-163.98632,60.77631],[-163.7799,60.58039],[-163.40901,60.75235],[-163.93041,60.85468],[-163.56273,60.89012],[-163.70409,60.99966],[-164.00707,60.86221],[-165.12898,60.92349],[-164.76647,61.10859],[-165.36274,61.2128],[-164.7082,61.61742],[-165.51281,61.08698],[-165.77697,61.51581],[-166.1953,61.5856],[-166.1444,61.72553],[-165.76643,61.69082],[-166.10277,61.82111],[-165.58825,61.86213],[-165.70556,62.1166],[-165.13305,62.51569],[-164.5819,62.42617],[-164.85798,62.56363],[-164.47907,62.74592],[-164.81322,62.62019],[-164.88317,62.84154],[-164.69074,63.02709],[-164.31395,63.01411],[-164.59516,63.13011],[-164.36583,63.22919],[-163.72924,63.21678],[-163.80687,62.98615],[-163.52855,63.11669],[-163.09398,63.05736],[-162.30944,63.54658],[-162.16889,63.43122],[-161.05651,63.57441],[-160.76696,63.82412],[-160.97346,64.25047],[-161.18883,64.41812],[-161.53889,64.39765],[-160.79157,64.7259],[-161.02013,64.94721],[-161.54577,64.75088],[-161.80639,64.82274],[-162.78132,64.34369],[-163.149,64.65827],[-163.38976,64.59687],[-163.03974,64.52115],[-163.16588,64.41059],[-163.67854,64.58633],[-165.03551,64.44831],[-166.18969,64.58519],[-166.95739,65.17813],[-166.88024,65.28205],[-166.71264,65.11294],[-166.03119,65.2431],[-167.39855,65.40108],[-168.13488,65.66983],[-167.53124,65.72614],[-166.28746,66.17963],[-165.50011,66.15229],[-165.87397,66.22557],[-165.76643,66.32363],[-164.27436,66.60228],[-163.62873,66.57001],[-163.93012,66.58576],[-163.85468,66.28946],[-164.19111,66.1933],[-163.7591,66.09024],[-161.82067,65.98029],[-161.50593,66.27888],[-161.10566,66.25039],[-161.09325,66.12434],[-161.26032,66.36921],[-161.74462,66.4055],[-161.91194,66.27888],[-161.88838,66.5244],[-162.50459,66.74982],[-162.48481,66.96039],[-161.63378,66.45799],[-161.20421,66.53864],[-160.61718,66.3714],[-160.21919,66.53205],[-160.27497,66.65461],[-160.88097,66.67243],[-161.49543,66.53669],[-161.90197,66.73509],[-161.52522,66.99144],[-162.4569,66.99457],[-162.3601,67.16743],[-162.58043,67.01504],[-163.72496,67.11127],[-164.15148,67.61961],[-166.82905,68.35139],[-166.31513,68.40599],[-166.2226,68.88581],[-163.96455,69.00312],[-163.15575,69.35936],[-163.01875,69.74584],[-161.95661,70.30467],[-161.70336,70.26374],[-162.12169,70.15388],[-160.9499,70.29043],[-159.94709,70.59723],[-160.20189,70.47663],[-159.92199,70.48965],[-160.13366,70.32514],[-159.94848,70.37043],[-159.77119,70.19546],[-159.82579,70.49706],[-159.29137,70.53807],[-159.71593,70.49706],[-160.12743,70.62621],[-159.66816,70.805],[-159.161,70.88691],[-159.44905,70.78449],[-159.22248,70.68891],[-159.06041,70.81655],[-157.86494,70.86644],[-156.47151,71.4125],[-156.44331,71.26838],[-155.57343,71.15038],[-156.18733,70.9217],[-155.9781,70.75967],[-155.08967,71.15493],[-155.0974,71.01728],[-154.97167,71.12006],[-154.60814,71.02098],[-154.81001,70.88068],[-154.23034,70.77839],[-153.25569,70.93277],[-152.3275,70.85688],[-152.50914,70.66389],[-152.07527,70.57905],[-152.63012,70.55854],[-151.76037,70.56672],[-151.97968,70.44872],[-151.22228,70.37572],[-150.79353,70.50332],[-150.37938,70.49702],[-150.41674,70.41454],[-149.48852,70.52302],[-147.6796,70.21223],[-145.8802,70.17495],[-144.94156,69.97797],[-143.23567,70.11823],[-141.00556,69.65095]]],[[[-130.9619,55.58511],[-131.19201,55.18574],[-131.20995,55.40632],[-131.46321,55.2934],[-131.35082,55.64558],[-131.52648,55.29938],[-131.82022,55.46381],[-131.48265,55.78303],[-131.68773,55.83198],[-131.28026,55.96515],[-130.9619,55.58511]]],[[[-131.97672,54.83153],[-132.27774,54.71483],[-132.64086,55.25609],[-133.21296,55.2792],[-132.8463,55.35228],[-133.12584,55.48359],[-132.90836,55.63288],[-133.37906,55.62979],[-133.1398,55.87661],[-133.61473,56.35285],[-133.18212,56.33234],[-132.55834,55.87373],[-132.14061,55.46528],[-132.52351,55.62523],[-132.68179,55.45531],[-132.40127,55.51679],[-132.24022,55.19721],[-131.99429,55.26813],[-132.22313,54.9892],[-131.96304,55.03022],[-131.97672,54.83153]]],[[[-133.91267,57.08275],[-132.98038,56.93505],[-132.9735,56.60944],[-133.35074,56.83226],[-133.14794,56.4621],[-133.65941,56.46418],[-133.91267,57.08275]]],[[[-134.62149,56.74384],[-134.65624,56.17471],[-134.88244,56.32958],[-134.8474,56.68867],[-135.10977,56.60175],[-134.99885,56.76166],[-135.36754,56.82892],[-135.16535,57.04173],[-135.67321,57.34968],[-135.43651,57.54999],[-134.90949,57.33979],[-134.62149,56.74384]]],[[[-152.16088,57.62714],[-152.36299,57.42853],[-152.97338,57.51789],[-152.66307,57.29955],[-153.17475,57.35139],[-152.9591,57.25715],[-153.54186,57.17585],[-153.98725,56.74384],[-153.73994,57.13369],[-154.09956,56.96483],[-153.95967,57.12006],[-154.49494,57.11359],[-154.10371,57.11384],[-154.30492,56.85578],[-154.80256,57.29133],[-154.22033,57.67552],[-153.63069,57.2709],[-153.88459,57.64826],[-153.58458,57.61709],[-153.92463,57.81049],[-153.66548,57.89468],[-153.50719,57.62714],[-153.44917,57.84687],[-153.17882,57.70966],[-153.28425,58.01044],[-152.8083,57.90827],[-152.88557,57.7287],[-152.48632,57.91071],[-152.55114,57.70332],[-152.16088,57.62714]]],[[[-135.84797,57.39435],[-136.43078,58.10688],[-136.27269,58.22093],[-136.10119,58.05854],[-136.13659,58.22305],[-135.78506,58.27607],[-135.48485,58.16209],[-135.79332,57.98404],[-135.38927,58.14106],[-134.92479,58.02749],[-134.91568,57.84687],[-135.20368,57.94306],[-135.01378,57.78588],[-135.88956,57.99022],[-135.36388,57.72622],[-134.91389,57.75585],[-134.81387,57.49746],[-135.81322,57.76431],[-135.54629,57.46605],[-135.84797,57.39435]]],[[[-134.35399,57.09272],[-134.61461,57.0102],[-134.5563,57.39777],[-134.30614,57.39435],[-134.94929,58.40949],[-134.69319,58.1684],[-134.17699,58.16352],[-133.7893,57.58885],[-134.30675,58.09809],[-133.84,57.46263],[-134.07282,57.51105],[-133.86498,57.35513],[-134.17585,57.3876],[-134.35399,57.09272]]],[[[-151.96601,58.33283],[-152.80492,57.99152],[-153.2296,58.16889],[-152.9051,58.1684],[-153.10993,58.27139],[-152.76732,58.25776],[-152.65062,58.48363],[-152.41967,58.32294],[-152.11681,58.40111],[-152.14354,58.23383],[-151.96601,58.33283]]],[[[-166.2943,53.72797],[-166.75219,53.45087],[-167.85005,53.30964],[-166.80171,53.63178],[-167.0216,53.96125],[-166.63459,54.00458],[-166.60993,53.831],[-166.37035,54.00849],[-166.57514,53.7143],[-166.2943,53.72797]]],[[[-154.89962,19.56702],[-155.87813,19.02907],[-155.88048,20.25202],[-154.89962,19.56702]]],[[[-163.07384,54.68757],[-164.13268,54.62324],[-164.65258,54.39199],[-164.95824,54.58515],[-163.75654,55.06037],[-163.07384,54.68757]]],[[[-165.5821,59.95099],[-166.18208,59.75629],[-167.45283,60.21723],[-166.15742,60.43696],[-165.68444,60.29979],[-165.5821,59.95099]]],[[[-168.74071,63.28099],[-169.66621,62.94522],[-170.84467,63.45856],[-171.73558,63.37592],[-171.73933,63.7912],[-171.54377,63.61677],[-170.93696,63.57168],[-170.31005,63.69868],[-170.08454,63.48583],[-168.74071,63.28099]]]]}},{"type":"Feature","properties":{"iso_a2":"ca","iso_a3":"CAN","admin":"Canada","name":"Canada"},"geometry":{"type":"MultiPolygon","coordinates":[[[[-95.16057,49.36949],[-95.17711,48.99267],[-123.09051,48.99251],[-123.2469,49.27464],[-122.8557,49.4418],[-123.27001,49.33535],[-123.17101,49.70527],[-123.53356,49.3885],[-124.06111,49.6308],[-123.77709,49.50532],[-123.53352,49.70527],[-123.9276,49.76362],[-123.82836,50.15839],[-124.28303,49.74657],[-124.82209,50.04011],[-124.359,50.50926],[-125.08153,50.32469],[-124.81383,50.92719],[-125.17833,50.41909],[-125.57706,50.47069],[-125.45458,50.72036],[-125.67024,50.43944],[-126.28063,50.51944],[-125.62023,50.75772],[-125.63703,51.10371],[-125.92125,50.68488],[-126.54735,50.83739],[-126.17309,50.93879],[-126.51472,51.07636],[-126.67422,50.87816],[-127.16576,50.93919],[-127.0218,50.82193],[-127.42903,50.9431],[-127.78954,51.23338],[-127.11734,51.39851],[-127.77843,51.36489],[-127.46801,51.6284],[-126.60342,51.71381],[-127.42321,51.67186],[-127.35009,51.87019],[-127.71386,51.45775],[-127.88451,51.86058],[-127.14826,52.31904],[-126.67227,51.98749],[-126.75304,52.39338],[-127.22496,52.45612],[-126.96955,52.82941],[-127.61657,52.29853],[-127.87243,52.21955],[-127.88825,52.51512],[-128.01594,52.34675],[-127.87767,52.58405],[-128.39224,52.29605],[-128.0288,52.91665],[-128.44298,52.8277],[-128.97448,53.55663],[-128.49389,53.34406],[-128.12702,53.45087],[-127.87149,53.22834],[-128.11107,53.48835],[-128.80773,53.61538],[-128.5983,54.03022],[-128.93285,53.77635],[-129.00919,53.89932],[-129.28978,53.3854],[-130.10473,53.94709],[-129.96133,54.16681],[-129.71496,53.95384],[-129.92723,54.18732],[-129.49181,54.25145],[-130.12491,54.16087],[-130.48253,54.37368],[-130.43122,54.63296],[-129.95889,54.32209],[-130.37243,54.66425],[-129.87955,54.62059],[-130.17365,54.84455],[-129.64135,54.98957],[-130.00105,55.02245],[-129.47802,55.48347],[-129.71296,55.4208],[-129.82482,55.61921],[-130.12483,55.00528],[-130.07154,56.08412],[-131.82559,56.59334],[-133.39224,58.40388],[-134.95783,59.28098],[-135.03294,59.57311],[-135.48276,59.79247],[-136.2585,59.62158],[-136.56949,59.17215],[-137.48687,58.90008],[-137.61136,59.23933],[-139.18215,60.07339],[-139.07946,60.34102],[-140.01579,60.18739],[-140.99493,60.30438],[-141.00556,69.65095],[-139.14379,69.51366],[-138.60261,69.24266],[-138.35704,69.30467],[-137.22374,68.95091],[-136.06762,68.88532],[-135.14904,68.66047],[-135.34089,68.83861],[-136.00499,68.9479],[-135.95417,69.04841],[-135.51903,69.02977],[-135.96776,69.22215],[-135.41592,69.0987],[-135.83788,69.30907],[-135.16666,69.26301],[-135.15538,69.47972],[-134.47631,69.44379],[-134.48095,69.72748],[-134.12092,69.54434],[-133.75129,69.55117],[-134.27648,69.15803],[-133.63191,69.39916],[-133.04552,69.43452],[-132.88728,69.66108],[-132.38508,69.64667],[-132.62719,69.67406],[-132.27741,69.77432],[-132.48379,69.73615],[-132.1389,69.68793],[-131.40831,69.96149],[-131.18847,69.8249],[-130.89362,70.10602],[-130.51529,70.17719],[-129.93171,70.07612],[-129.67394,70.26992],[-129.40648,70.12116],[-129.59976,69.9912],[-130.94115,69.5659],[-131.04796,69.64374],[-131.98355,69.53685],[-132.49747,69.16014],[-132.54467,69.29047],[-132.77123,69.25633],[-132.892,68.98273],[-133.10074,69.07201],[-133.49132,68.84252],[-132.92203,68.694],[-133.38817,68.84544],[-132.48323,68.80541],[-132.86217,69.07331],[-132.41527,69.23786],[-132.46955,69.11298],[-132.32698,69.23371],[-132.2163,69.15396],[-131.64867,69.47297],[-131.51488,69.33592],[-131.25206,69.50385],[-131.34781,69.31708],[-131.24307,69.58535],[-131.13805,69.36978],[-131.15722,69.61665],[-130.92781,69.13963],[-130.37971,69.69452],[-128.92536,69.97761],[-129.1737,69.83234],[-128.91983,69.68773],[-128.31037,69.96271],[-128.33723,70.12983],[-127.51521,70.22211],[-128.17821,70.37995],[-127.99153,70.59292],[-127.13646,70.25288],[-126.24523,69.52534],[-125.44884,69.31916],[-125.08898,69.45433],[-125.62401,69.42084],[-125.11685,69.48969],[-125.37011,69.69452],[-124.82201,69.71503],[-125.28136,69.81122],[-124.63024,69.98627],[-125.20621,70.00308],[-125.01382,70.0856],[-124.54556,70.01895],[-124.7504,70.13203],[-124.40811,70.15542],[-124.50674,69.73615],[-124.03441,69.68154],[-124.42284,69.36665],[-123.38268,69.41401],[-122.97973,69.83478],[-122.03604,69.81867],[-120.0858,69.36359],[-118.66637,69.22549],[-117.1654,68.89395],[-115.97118,68.80927],[-116.3236,68.95482],[-115.76993,68.94038],[-115.91641,69.01016],[-114.98778,68.86742],[-113.90538,68.39981],[-114.03547,68.2412],[-114.94152,68.29133],[-114.86018,68.15656],[-115.24169,68.18692],[-115.11197,68.01618],[-115.54336,67.92341],[-115.11823,67.8039],[-111.88549,67.68521],[-110.05964,68.00507],[-109.71671,67.71918],[-109.06705,67.72016],[-108.82413,67.35716],[-108.63988,67.62946],[-108.47126,67.35147],[-108.37027,67.44758],[-107.99254,67.28246],[-107.88536,67.04824],[-108.62206,67.15282],[-107.24153,66.34854],[-107.79967,66.76862],[-107.64297,67.07709],[-107.56298,66.8395],[-107.40103,66.97431],[-107.08772,66.83071],[-108.00573,67.70966],[-107.65933,67.94672],[-107.87951,68.093],[-107.77408,67.98859],[-106.75817,68.10497],[-106.6315,68.24958],[-106.44347,68.15278],[-106.44567,68.35126],[-105.72712,68.42658],[-105.64835,68.63874],[-106.55333,68.51586],[-106.55272,68.29678],[-106.78673,68.41494],[-107.15514,68.27009],[-107.82698,68.34455],[-107.61465,68.16706],[-108.38923,68.11103],[-108.41661,68.30419],[-108.81505,68.27424],[-108.28083,68.62157],[-106.22175,68.94599],[-105.46959,68.72199],[-105.54394,68.41389],[-105.03921,68.2591],[-104.89419,68.35139],[-104.48388,68.03392],[-103.79259,68.02627],[-103.41487,68.16938],[-103.36352,68.01146],[-102.2189,67.69184],[-101.98058,67.79157],[-101.41592,67.69025],[-100.70739,67.85114],[-98.93643,67.69684],[-98.36335,67.79462],[-98.72704,67.95783],[-98.58458,68.09638],[-97.92723,67.69688],[-97.21325,67.62458],[-97.24958,67.92463],[-97.69323,68.02265],[-98.09504,67.83661],[-98.71337,68.37926],[-97.74763,68.36872],[-97.97964,68.54707],[-97.26036,68.46869],[-96.62096,68.18565],[-96.4038,68.31786],[-96.76452,68.01716],[-95.89672,68.29674],[-96.46524,67.47801],[-96.09594,67.46747],[-96.11075,67.22187],[-95.58137,67.38483],[-95.83528,67.16584],[-95.43741,67.20063],[-95.33031,67.01036],[-95.91373,66.94782],[-95.9558,67.07453],[-96.12707,66.95698],[-96.45568,67.05976],[-95.82095,66.59113],[-95.64346,66.6693],[-96.0935,66.92023],[-95.21833,66.97407],[-95.33812,67.55223],[-95.70494,67.72199],[-95.47838,68.06342],[-94.79825,68.03807],[-93.37487,68.63874],[-93.75227,68.61213],[-93.57067,68.84406],[-93.82714,69.0692],[-94.09423,68.76289],[-94.6361,68.75605],[-94.60196,68.96833],[-94.00548,69.16014],[-94.32404,69.15583],[-94.28165,69.32213],[-93.52571,69.44135],[-93.84032,69.16869],[-93.45059,69.48969],[-94.32217,69.45299],[-94.62987,69.68773],[-94.87511,69.57164],[-95.78686,69.74299],[-96.53189,70.13618],[-96.23298,70.57119],[-95.79345,70.54413],[-96.05394,70.60704],[-95.81481,70.71556],[-96.19034,70.62474],[-96.60245,70.79133],[-96.50691,71.2779],[-96.13353,71.41417],[-95.53645,71.29609],[-95.37597,71.51069],[-95.91039,71.60688],[-95.21605,71.82954],[-94.60814,71.86762],[-95.1787,71.84715],[-95.22517,71.94953],[-94.49201,71.99042],[-94.41552,71.66547],[-94.21076,71.7923],[-93.72086,71.76533],[-93.82055,71.65534],[-92.98013,71.34736],[-93.04084,70.86237],[-92.17829,70.5963],[-92.08629,70.30467],[-91.72321,70.35578],[-91.53038,70.18195],[-91.99547,70.12303],[-92.36754,70.23644],[-92.58723,70.0788],[-91.94294,70.02411],[-92.923,69.67406],[-92.36742,69.70873],[-91.79833,69.48969],[-91.16759,69.65571],[-91.55712,69.51183],[-90.31176,69.45433],[-90.70279,69.45433],[-90.80525,69.25633],[-91.44953,69.35936],[-90.43529,68.87897],[-90.47566,68.33771],[-90.11998,68.26264],[-89.70531,69.02021],[-89.19872,69.27806],[-88.02261,68.80866],[-87.79223,68.33124],[-87.94376,68.20087],[-88.19937,68.38337],[-88.39843,68.2908],[-88.37365,67.97582],[-87.36294,67.2672],[-87.51618,67.11872],[-86.96068,67.25523],[-87.07771,67.35765],[-86.50194,67.37938],[-85.66812,68.727],[-84.78824,68.73558],[-85.14513,68.94786],[-84.52819,69.02363],[-85.4735,69.2768],[-85.33316,69.79137],[-85.56322,69.8581],[-85.05578,69.77709],[-84.33983,69.85969],[-83.73119,69.70897],[-82.25341,69.64057],[-82.75365,69.57787],[-82.5161,69.49372],[-83.29381,69.5399],[-82.28157,69.41942],[-82.2696,69.23823],[-81.33723,69.18757],[-81.2733,69.09186],[-82.06159,68.87897],[-81.37877,68.86762],[-81.26651,68.63874],[-81.95373,68.43065],[-82.27383,68.53697],[-82.65062,68.4339],[-82.31485,68.14659],[-81.99364,68.21503],[-82.10155,67.91039],[-81.23794,67.46052],[-81.50292,67.00104],[-81.9549,66.97679],[-82.15657,66.71398],[-83.56054,66.34935],[-84.01358,66.63207],[-83.91808,66.88593],[-84.2694,66.72785],[-84.37051,66.97407],[-84.93908,67.05598],[-84.63744,66.98151],[-85.21524,66.86766],[-84.60334,66.93993],[-83.69079,66.1992],[-84.53747,66.40522],[-84.40465,66.16596],[-85.24157,66.27009],[-85.46548,66.57442],[-86.78254,66.5222],[-86.62059,66.3144],[-85.85666,66.16283],[-87.38077,65.3297],[-88.06387,65.35948],[-88.83141,65.64521],[-88.41369,65.63154],[-89.68798,65.94685],[-90.0039,65.94685],[-89.77058,65.8227],[-91.4973,65.94685],[-91.03165,65.80834],[-91.07046,65.92845],[-89.95812,65.7943],[-89.03987,65.32819],[-87.03547,65.22997],[-87.98168,64.19151],[-88.70775,63.97272],[-89.25552,64.15986],[-89.02318,63.95258],[-89.54556,64.07978],[-89.50919,63.95209],[-89.78637,64.25023],[-90.12743,64.13007],[-89.83194,63.92463],[-90.27766,64.00719],[-89.96589,63.81334],[-90.14729,63.63044],[-90.64818,63.70551],[-90.55777,63.59825],[-90.91015,63.5692],[-92.37377,63.77912],[-93.77953,64.19151],[-93.64729,63.88146],[-93.21719,63.84272],[-93.40062,63.97736],[-92.09996,63.69929],[-92.46744,63.52839],[-91.77843,63.71442],[-90.78474,63.39765],[-90.62645,63.06127],[-91.39428,62.78681],[-92.45275,62.82494],[-91.88805,62.62043],[-92.61852,62.62254],[-92.82738,62.35554],[-92.47053,62.15009],[-93.25202,62.36982],[-92.76472,62.21837],[-93.41649,62.034],[-93.27929,61.89684],[-93.61701,61.95234],[-93.26456,61.74445],[-93.98498,61.45799],[-93.98624,61.10065],[-94.80061,60.4984],[-94.66015,59.35875],[-94.99918,59.0528],[-94.43688,58.72382],[-94.20409,58.80646],[-94.36172,58.22301],[-94.1774,58.77912],[-93.15575,58.74437],[-92.42357,57.35444],[-92.88199,56.91454],[-90.58552,57.22993],[-88.87922,56.85993],[-87.97956,56.44286],[-87.61856,56.00275],[-85.69644,55.60378],[-85.11783,55.32844],[-85.41731,54.99921],[-85.05394,55.29413],[-82.33092,55.16254],[-82.30118,52.9676],[-81.47875,52.30345],[-81.8828,52.19359],[-81.51203,52.23933],[-80.59488,51.71137],[-80.4298,51.35716],[-81.0126,51.03539],[-80.13614,51.30134],[-79.3343,50.72692],[-79.69677,51.39851],[-79.32323,51.66698],[-78.84704,51.1645],[-78.69001,51.48729],[-79.03881,51.7685],[-78.40819,52.24824],[-78.9842,53.02843],[-79.15612,53.70807],[-78.90168,53.81733],[-79.29263,54.09105],[-79.04625,54.18049],[-79.38207,54.19408],[-79.76561,54.65961],[-77.78161,55.27351],[-76.68155,56.04291],[-76.51513,56.43818],[-76.94982,57.82783],[-78.56648,58.62084],[-78.56574,58.95775],[-78.3164,58.92552],[-77.67516,59.40229],[-77.91539,59.41905],[-77.77819,59.71015],[-77.31273,59.56676],[-77.54548,59.74494],[-77.1892,60.06025],[-77.63419,60.06647],[-77.40827,60.13532],[-77.74226,60.42585],[-77.41511,60.54682],[-77.8297,60.64924],[-77.51065,60.84101],[-78.19652,60.79267],[-77.47655,61.53998],[-77.98973,61.71483],[-78.1549,62.29731],[-77.47179,62.59382],[-75.6586,62.2965],[-75.89379,62.16376],[-75.32775,62.31745],[-74.5581,62.10912],[-74.72354,62.24641],[-73.67073,62.48212],[-72.62914,62.11689],[-72.79597,61.8354],[-72.2032,61.86579],[-71.99523,61.67711],[-72.30309,61.56786],[-71.95678,61.71125],[-71.58096,61.61384],[-71.89159,61.43073],[-71.58312,61.41022],[-71.82266,61.35497],[-71.57286,61.15575],[-70.15534,61.08763],[-69.91588,60.81],[-69.58544,61.08808],[-69.36974,60.91682],[-69.82901,60.52574],[-69.62804,60.07673],[-71.03506,60.06647],[-69.56151,59.86469],[-69.75512,59.31769],[-69.23253,59.24128],[-69.54255,59.16954],[-69.56526,58.80646],[-69.86315,59.05968],[-69.80175,58.82628],[-70.25422,58.77167],[-69.81355,58.5965],[-69.25634,58.89916],[-68.36156,58.78352],[-68.34533,58.1319],[-69.36974,57.77049],[-68.41759,58.03864],[-68.00621,58.57953],[-68.12955,58.08299],[-67.73852,58.46918],[-67.70442,57.92878],[-67.56786,58.23041],[-66.6151,58.49799],[-66.3824,58.85358],[-65.94416,58.62084],[-66.05338,58.33283],[-65.98225,58.91718],[-65.31973,59.04601],[-65.71764,59.15831],[-65.55899,59.37665],[-65.35757,59.28217],[-65.55993,59.49103],[-64.98396,59.38117],[-65.41186,59.51789],[-65.49791,59.79267],[-64.98396,59.76476],[-65.22973,59.8924],[-64.86046,60.36127],[-64.4464,60.28242],[-64.75866,60.23835],[-64.38061,60.17011],[-64.82234,59.98546],[-64.37719,60.12975],[-64.51842,59.90253],[-64.18261,60.03229],[-64.26456,59.76476],[-63.92199,59.6555],[-64.12059,59.51838],[-63.72769,59.51996],[-64.06066,59.38727],[-63.38073,59.27875],[-64.03991,59.01793],[-63.13158,59.06232],[-63.32608,58.86103],[-63.01452,58.89741],[-62.84459,58.68517],[-63.59301,58.30553],[-62.55826,58.47748],[-62.90758,58.21434],[-62.63524,58.18675],[-63.33975,57.984],[-62.46207,58.18199],[-62.30504,58.03119],[-62.67496,57.93561],[-62.14086,57.97826],[-61.88671,57.63764],[-62.53368,57.49604],[-61.36571,57.10688],[-61.90465,56.79377],[-61.6881,56.62035],[-62.50308,56.78486],[-62.08869,56.8413],[-62.5856,56.79784],[-61.71203,56.57538],[-62.14737,56.45527],[-61.60554,56.28392],[-62.06721,56.28547],[-61.34484,56.22248],[-61.23497,56.04377],[-61.50308,56.0102],[-60.74682,55.85016],[-60.94392,55.7298],[-60.60196,55.81957],[-60.6813,55.56456],[-60.33471,55.78197],[-60.48209,55.35228],[-60.19408,55.42744],[-60.68757,54.99543],[-59.77636,55.33185],[-59.96398,55.11713],[-59.43004,55.14203],[-59.92199,54.74323],[-59.15978,55.23871],[-59.38256,54.97801],[-59.02741,55.16197],[-58.91381,54.84821],[-57.35041,54.58942],[-57.63386,54.38341],[-59.57966,54.05036],[-58.37116,54.22822],[-60.13268,53.78315],[-60.1361,53.52936],[-60.92028,53.7143],[-60.06371,53.50886],[-60.41226,53.35798],[-60.12898,53.27546],[-58.84069,53.94709],[-57.79577,54.07123],[-58.35607,54.20958],[-57.46618,54.2003],[-57.07579,53.82416],[-57.54939,53.59077],[-57.37743,53.4337],[-56.47989,53.79003],[-56.7091,53.67573],[-55.9796,53.54979],[-56.2635,53.55366],[-55.7469,53.14574],[-56.16519,53.02843],[-55.80211,52.84068],[-56.16246,52.81798],[-55.75373,52.62499],[-56.50036,52.59772],[-55.74059,52.49291],[-55.77098,52.33967],[-56.19872,52.44685],[-55.61653,52.22032],[-56.96654,51.42524],[-58.67199,51.25568],[-59.00796,50.76105],[-60.13488,50.213],[-66.46817,50.2685],[-67.37633,49.33922],[-68.44433,49.19819],[-69.67602,48.14989],[-71.06981,48.44465],[-69.73595,48.1225],[-70.23689,47.49559],[-71.30248,46.75886],[-72.9945,46.2108],[-73.49543,45.72789],[-74.37946,45.56163],[-73.96154,45.35423],[-75.27023,44.86377],[-76.79719,43.64527],[-78.75082,43.61706],[-79.17431,43.46453],[-79.01938,42.80269],[-82.45132,41.6719],[-83.15949,42.04632],[-82.52622,42.61991],[-82.14565,43.57641],[-82.53214,45.29352],[-83.63687,45.77394],[-83.46281,46.00779],[-83.96459,46.06318],[-84.11044,46.52646],[-84.56656,46.4612],[-84.87869,46.89791],[-88.34726,48.29865],[-89.36364,47.9796],[-90.8738,48.23434],[-91.57484,48.04821],[-92.97972,48.61768],[-93.75678,48.51655],[-94.59285,48.72643],[-94.83914,49.30888],[-95.16057,49.36949]]],[[[-67.17601,45.17866],[-67.80705,45.71287],[-67.81356,47.08191],[-68.29973,47.36783],[-68.90623,47.19022],[-69.22197,47.45969],[-70.89241,45.2346],[-71.33432,45.28871],[-71.50408,45.01374],[-74.71296,44.99925],[-73.51895,45.42626],[-73.15612,46.04971],[-72.18993,46.52623],[-70.5349,47.01056],[-68.82478,48.36583],[-65.56578,49.26647],[-64.55256,49.09736],[-64.18883,48.5266],[-65.28555,48.01264],[-65.89574,48.22553],[-66.84789,47.99897],[-65.81786,47.90742],[-65.63573,47.62226],[-64.80004,47.80927],[-64.90884,47.35533],[-65.36754,47.0878],[-64.79963,47.08161],[-64.5594,46.22378],[-63.81306,46.14029],[-64.08385,46.02237],[-63.29479,45.72565],[-62.67496,45.77196],[-62.74974,45.61286],[-61.91149,45.88898],[-61.23721,45.50576],[-61.46154,45.35484],[-60.96866,45.27163],[-62.83043,44.71776],[-63.66186,44.71678],[-63.6328,44.44074],[-63.88842,44.69636],[-64.30553,44.56599],[-64.26903,44.26708],[-65.47484,43.47093],[-66.12169,43.74356],[-65.84048,44.57339],[-66.18033,44.43443],[-64.47777,45.34113],[-64.15534,44.98371],[-64.11506,45.21605],[-63.36022,45.36107],[-64.92931,45.32632],[-64.26456,45.76512],[-64.54577,45.73159],[-64.74869,46.08991],[-64.77164,45.61432],[-65.75235,45.24437],[-66.13598,45.31265],[-66.00975,45.46434],[-66.44066,45.0799],[-67.17601,45.17866]]],[[[-52.62881,47.52668],[-53.06688,46.6656],[-53.55468,46.61835],[-53.56017,47.20454],[-54.18855,46.82844],[-53.80785,47.42365],[-54.08153,47.87547],[-55.38313,46.86811],[-55.97997,46.97036],[-54.69856,47.67064],[-55.36559,47.732],[-55.58239,47.40253],[-55.91759,47.43724],[-55.7469,47.58808],[-56.12051,47.468],[-55.62955,47.67748],[-55.91442,47.65925],[-55.78038,47.95807],[-56.79149,47.5301],[-58.2613,47.75259],[-59.30114,47.6142],[-59.40266,47.90961],[-58.27221,48.5209],[-59.22647,48.53986],[-58.76895,48.78046],[-58.95885,48.61616],[-58.71373,48.56818],[-58.36856,49.14932],[-57.88451,48.97223],[-58.21198,49.40941],[-57.70031,49.46284],[-57.94811,49.67951],[-57.15478,50.62568],[-57.39696,50.70865],[-56.66487,51.35008],[-55.89281,51.62775],[-55.4042,51.56297],[-55.59606,51.30915],[-56.08951,51.37055],[-55.73314,51.08308],[-56.08064,50.72065],[-56.16137,50.87824],[-56.85668,49.54825],[-56.11681,50.15839],[-56.19188,49.92499],[-55.46508,49.96255],[-56.13073,49.42914],[-55.37011,49.50666],[-55.31485,49.31489],[-55.1361,49.54076],[-55.38313,49.04731],[-54.46931,49.54609],[-54.48347,49.26765],[-54.04475,49.48176],[-53.49254,49.28754],[-54.19762,48.77424],[-53.60412,48.6767],[-54.16413,48.39069],[-53.07681,48.70356],[-52.98477,48.55451],[-53.63948,48.16934],[-53.92528,48.23701],[-53.6632,48.0611],[-53.90836,48.02106],[-53.60855,48.05427],[-53.92894,47.85244],[-53.55386,47.53925],[-52.92333,48.17097],[-53.25975,47.55854],[-53.12938,47.41681],[-52.77253,47.80101],[-52.62881,47.52668]]],[[[-131.1127,52.17194],[-132.56579,53.14574],[-131.79796,53.2556],[-131.59557,53.04194],[-132.00402,53.06387],[-131.61303,52.92666],[-131.98355,52.87824],[-131.1127,52.17194]]],[[[-132.57942,53.20722],[-132.70295,53.37848],[-132.40014,53.33031],[-132.97728,53.55663],[-133.07287,54.16681],[-132.57567,54.11835],[-132.66137,53.94086],[-132.16104,54.00849],[-132.65795,53.69074],[-132.48379,53.57714],[-132.15917,53.6999],[-132.1822,54.04389],[-131.6608,54.16681],[-131.96304,53.28294],[-132.57942,53.20722]]],[[[-95.21492,68.86221],[-96.5205,68.44758],[-98.11925,68.67499],[-98.36376,68.85757],[-98.52237,68.75031],[-98.96996,68.95474],[-99.19225,68.82978],[-99.59728,69.02668],[-98.40958,69.30781],[-98.54943,69.58511],[-98.02383,69.43464],[-98.37019,69.60578],[-97.92516,69.89594],[-97.39074,69.60017],[-97.28401,69.69697],[-96.2198,69.31395],[-96.22558,69.05443],[-96.04821,69.22972],[-95.8282,68.87588],[-95.21492,68.86221]]],[[[-100.87218,69.80781],[-100.96434,69.66446],[-101.29479,69.67048],[-101.45739,69.90615],[-101.67345,69.64672],[-102.22496,69.92048],[-102.78384,69.53685],[-103.48961,69.69452],[-103.01667,69.48225],[-103.18346,69.11587],[-102.84293,69.38471],[-102.28258,69.50365],[-101.93908,69.42064],[-102.22155,69.22907],[-101.77156,69.19379],[-101.82209,68.996],[-102.96589,68.79865],[-104.26423,68.9479],[-105.12304,68.89643],[-104.94099,69.08609],[-106.4121,69.18806],[-106.58389,69.50361],[-107.33483,69.02558],[-108.53946,68.94697],[-109.02855,68.72675],[-113.28303,68.4606],[-113.05163,68.50959],[-113.66812,68.81538],[-113.54113,69.19074],[-116.5277,69.41389],[-117.44205,69.98941],[-116.96508,70.12905],[-114.50943,70.31525],[-112.58625,70.20002],[-111.48656,70.33198],[-113.98839,70.71621],[-115.5607,70.57905],[-117.69782,70.63565],[-118.38646,71.0222],[-115.76464,71.36766],[-116.19026,71.44452],[-115.05675,71.52497],[-117.39025,71.38715],[-117.56493,71.50385],[-117.55134,71.37417],[-118.24315,71.39338],[-117.6953,71.66836],[-118.42894,71.57954],[-118.833,71.66291],[-118.88858,71.58295],[-119.1376,71.77436],[-118.67821,72.14228],[-118.10558,72.24775],[-118.56867,72.47777],[-117.36925,72.91779],[-114.5843,73.38459],[-113.95836,73.14012],[-113.98107,72.80915],[-114.54613,72.56782],[-113.50878,72.70303],[-113.65958,72.61311],[-113.39094,72.91157],[-112.85888,73.00471],[-111.21963,72.72411],[-111.88752,72.36774],[-111.75333,72.2071],[-111.29524,72.47069],[-111.3767,72.35419],[-111.0279,72.2853],[-110.70409,72.5788],[-110.3343,72.42731],[-110.38052,72.55952],[-109.78026,72.43618],[-110.29426,72.67573],[-109.77343,72.7167],[-110.25451,72.73896],[-110.74543,72.96556],[-110.0764,72.99575],[-109.11612,72.74457],[-109.04723,72.57331],[-108.63341,72.56558],[-108.24596,71.72297],[-107.83251,71.60822],[-107.25158,71.90168],[-107.77916,72.1413],[-108.29833,73.13377],[-107.86791,73.18964],[-108.08764,73.35415],[-107.07323,73.17805],[-106.82339,73.30964],[-105.36718,72.79243],[-105.02457,72.07298],[-104.36535,71.57722],[-104.59118,71.07319],[-103.57185,70.60554],[-102.92785,70.49909],[-103.0869,70.67748],[-102.19221,70.33344],[-101.59496,70.27733],[-101.52945,70.11286],[-101.02229,70.18622],[-100.87218,69.80781]]],[[[-72.94896,66.73457],[-72.80346,67.04296],[-72.19335,67.2757],[-72.99462,68.23591],[-73.49494,68.27692],[-73.27912,68.39973],[-73.61909,68.24958],[-73.84443,68.34959],[-73.75561,68.6872],[-74.18757,68.7294],[-73.8852,68.55488],[-74.22004,68.51582],[-74.72077,68.73554],[-74.57445,68.84186],[-74.98274,68.81127],[-74.6848,68.87983],[-75.04414,68.90693],[-74.64008,69.02363],[-74.80907,69.08332],[-75.11604,68.89297],[-75.4864,69.02204],[-76.62499,68.68236],[-76.63813,69.01594],[-75.62096,69.08796],[-75.60192,69.23574],[-76.62959,69.54597],[-76.18187,69.66787],[-76.62206,69.68867],[-76.70299,69.56501],[-77.20287,69.64672],[-76.79479,69.72248],[-76.77672,69.83609],[-77.31282,69.84199],[-76.97639,69.94221],[-77.61437,69.74299],[-77.70393,70.20124],[-78.40827,70.21589],[-78.38842,70.33881],[-79.07368,70.47663],[-78.71736,70.5517],[-79.01582,70.68211],[-79.1599,70.4431],[-79.25166,70.55781],[-79.59126,70.41132],[-78.94575,70.31411],[-78.71577,69.92194],[-79.68086,69.84858],[-79.90608,69.9831],[-81.73204,70.13398],[-80.77819,69.79316],[-80.92931,69.71483],[-83.00556,70.30996],[-81.73864,69.95181],[-82.13838,69.78596],[-83.05162,70.01048],[-84.69477,70.00658],[-84.81172,70.11872],[-85.80036,70.09984],[-85.23461,69.99624],[-85.78291,69.99519],[-86.54988,70.23648],[-86.37092,70.5266],[-86.63923,70.32514],[-86.9746,70.47272],[-87.24873,70.39411],[-86.97444,70.29043],[-87.77973,70.33198],[-87.85253,70.23798],[-88.90722,70.54487],[-89.55773,71.09296],[-87.89302,70.93529],[-87.00231,70.99677],[-87.86413,71.27485],[-88.08113,71.20966],[-89.81342,71.32901],[-90.04491,71.59667],[-89.79792,71.76459],[-90.1186,71.92886],[-89.5782,72.16242],[-89.90095,72.18976],[-89.91295,72.42597],[-89.5782,72.79243],[-89.27656,72.75825],[-89.31188,73.05248],[-87.76448,73.71674],[-86.55842,73.85529],[-84.83674,73.74518],[-86.03034,73.30244],[-86.73754,72.73094],[-86.24201,72.42251],[-86.40819,72.0058],[-84.83764,71.28657],[-86.82356,70.99055],[-84.9726,71.19619],[-84.87768,71.07246],[-85.14521,71.08613],[-84.96797,70.92398],[-84.75935,70.96646],[-84.62238,71.66584],[-85.25788,71.66836],[-86.05065,72.01455],[-85.49775,72.0799],[-85.47643,72.26626],[-84.86201,72.21971],[-84.20661,71.93854],[-84.16454,72.0246],[-84.93916,72.29214],[-84.43208,72.38154],[-84.86469,72.36717],[-84.78014,72.46166],[-85.13191,72.35391],[-85.51452,72.46345],[-85.68208,72.89362],[-85.31794,72.96308],[-83.95287,72.75825],[-85.11803,73.03315],[-85.53563,73.02578],[-85.41723,73.14057],[-83.63756,72.98481],[-85.15807,73.20905],[-85.11335,73.32184],[-84.79723,73.39094],[-84.34264,73.23127],[-84.65803,73.39509],[-84.1822,73.47769],[-83.60517,73.3015],[-83.98485,73.52314],[-82.83113,73.73672],[-82.05061,73.73774],[-81.47456,73.70466],[-81.18757,73.26455],[-80.6197,73.1601],[-80.64033,72.92792],[-80.24547,72.73778],[-81.38264,72.24433],[-80.50621,72.49763],[-80.97175,72.20336],[-80.56688,72.08226],[-81.02632,72.09349],[-80.98534,71.88809],[-80.39668,72.05012],[-80.24523,72.29987],[-79.67638,72.12763],[-80.16979,72.32632],[-79.81884,72.50642],[-79.76801,72.22236],[-79.54564,72.27509],[-79.45039,72.19595],[-79.33161,72.40229],[-78.95722,72.28311],[-79.23066,71.97626],[-78.50446,71.87446],[-78.91442,72.01415],[-78.83043,72.17267],[-78.20897,71.8238],[-77.90864,71.77139],[-78.15355,71.9724],[-77.74763,71.75169],[-78.87507,72.23066],[-78.81444,72.33173],[-78.53673,72.34589],[-78.42756,72.17943],[-78.4088,72.32905],[-77.69135,72.21662],[-77.66096,72.10033],[-77.58959,72.1833],[-76.99743,72.13447],[-78.22712,72.33759],[-78.55907,72.51065],[-77.60102,72.7558],[-76.88911,72.74348],[-76.10298,72.47968],[-75.93989,72.59223],[-75.19835,72.49763],[-74.94172,72.25739],[-75.24596,72.12848],[-76.06843,72.07587],[-76.38496,71.85151],[-75.6577,72.12434],[-75.22228,72.06928],[-76.09992,71.69627],[-75.06318,72.12824],[-74.17394,72.03144],[-74.25239,71.82246],[-75.37776,71.69184],[-74.93977,71.66169],[-75.39472,71.51919],[-74.64008,71.66836],[-75.13374,71.49242],[-74.8437,71.52326],[-74.70466,71.39492],[-75.07677,71.18374],[-74.52265,71.66258],[-74.11779,71.74095],[-74.14598,71.53864],[-73.72151,71.77823],[-73.99617,71.46182],[-74.31794,71.41511],[-74.02998,71.44237],[-74.24226,71.20283],[-73.86616,71.53535],[-73.56379,71.5585],[-73.63891,71.3605],[-73.37886,71.38715],[-73.88085,71.05329],[-73.31501,71.3404],[-73.04988,71.27045],[-73.37886,70.9831],[-72.54943,71.66511],[-71.5443,71.50511],[-71.11705,71.27045],[-71.47053,71.06566],[-72.04511,71.08478],[-72.77611,70.81802],[-72.16535,70.83975],[-72.57067,70.61319],[-71.59065,70.87324],[-71.17439,70.85716],[-71.15095,71.03775],[-70.63789,71.07868],[-70.80553,70.72435],[-71.96736,70.42137],[-71.72985,70.42548],[-71.82372,70.29369],[-71.51488,70.57905],[-71.16889,70.5351],[-71.54223,70.02411],[-70.98534,70.63369],[-69.91499,70.87987],[-70.47444,70.47773],[-70.39363,70.61469],[-70.04088,70.59663],[-69.47346,70.79133],[-68.29723,70.55854],[-68.45861,70.37299],[-68.5913,70.46699],[-68.72004,70.32233],[-69.80834,70.16669],[-70.17992,70.02045],[-69.83222,69.98314],[-70.47277,69.8454],[-69.75849,69.97289],[-69.68318,70.13959],[-68.67833,70.2023],[-69.40819,69.82925],[-69.78816,69.83234],[-69.98204,69.61782],[-69.7469,69.80439],[-68.64916,69.94286],[-68.05464,70.32514],[-67.11547,69.72866],[-68.01305,69.77607],[-68.34919,69.63312],[-70.0172,69.52607],[-68.58747,69.59101],[-67.22761,69.46434],[-66.65404,69.19977],[-67.50951,69.16083],[-69.01354,69.35936],[-69.23506,69.26488],[-68.95246,69.33894],[-68.08251,69.21967],[-68.96406,69.22346],[-68.50703,69.20112],[-69.0699,69.11371],[-69.01826,68.96841],[-68.37336,69.17959],[-67.70446,69.02363],[-68.55122,68.98408],[-67.99901,68.8559],[-68.49279,68.89948],[-67.77339,68.784],[-69.38349,68.81753],[-68.04772,68.6872],[-68.90429,68.60521],[-67.93342,68.56005],[-67.95836,68.39981],[-67.66413,68.56468],[-67.60627,68.3841],[-67.54857,68.49226],[-66.66356,68.44082],[-67.86884,68.26773],[-67.03254,68.32665],[-67.60212,68.16706],[-67.00373,68.29365],[-66.73872,67.98896],[-66.31355,68.12914],[-66.41365,67.86913],[-66.74555,67.8791],[-66.38866,67.78148],[-65.92817,68.16478],[-66.01179,67.63662],[-65.80964,67.97492],[-65.45189,67.9986],[-65.36115,67.59789],[-65.41942,67.91376],[-65.02501,68.0572],[-64.74971,68.00072],[-65.19481,67.64374],[-64.50349,67.80654],[-64.64143,67.66673],[-64.31245,67.73505],[-64.04198,67.53653],[-64.44343,67.48115],[-63.99714,67.45384],[-63.9084,67.30683],[-64.79967,67.35147],[-64.23054,67.29621],[-64.77269,67.19831],[-63.96296,67.2757],[-64.70039,67.00886],[-63.56749,67.24409],[-63.77119,66.96039],[-63.16364,67.33755],[-63.23676,66.97407],[-63.81965,66.81708],[-63.44245,66.91083],[-63.42846,66.70783],[-63.34907,66.89069],[-62.86531,66.96914],[-62.9016,66.63825],[-62.74706,66.94306],[-62.31135,66.72769],[-62.42504,66.92821],[-62.09004,67.05976],[-62.10591,66.91942],[-61.75361,66.95124],[-61.99962,66.87206],[-61.60558,66.87165],[-61.27644,66.65424],[-61.43822,66.54654],[-62.18843,66.63207],[-61.82152,66.62865],[-61.58202,66.47785],[-61.98982,66.41234],[-61.56465,66.34406],[-62.62666,66.44025],[-62.3188,66.30313],[-62.66425,66.21963],[-62.89415,66.33723],[-61.95421,66.01976],[-63.0655,66.12434],[-62.29149,65.8227],[-62.8708,65.90815],[-62.65717,65.58877],[-62.93212,65.76056],[-62.95966,65.58999],[-63.19616,65.63373],[-63.51008,65.93651],[-63.34667,65.67251],[-63.72143,65.67927],[-63.36657,65.63349],[-63.62035,65.54898],[-63.29137,65.43232],[-63.6551,65.46703],[-63.3133,65.20978],[-63.53502,64.89851],[-63.80907,65.18586],[-64.27827,65.10395],[-64.23738,65.43232],[-64.55712,65.09321],[-64.73082,65.15917],[-64.91511,65.34349],[-64.40864,65.4807],[-65.0102,65.36937],[-65.16963,65.48749],[-64.71032,65.65884],[-65.34089,65.58316],[-64.79223,65.72773],[-65.50536,65.75507],[-65.3358,65.92133],[-64.73762,65.97419],[-64.36962,66.35399],[-64.96357,66.07591],[-65.8994,65.95368],[-65.47749,66.39183],[-66.01191,66.1175],[-66.14965,66.28946],[-66.52082,66.21869],[-66.44323,66.41425],[-66.76598,66.38508],[-66.72505,66.59113],[-67.06025,66.64574],[-67.12938,66.48721],[-67.74608,66.57001],[-67.28624,66.52619],[-67.14598,66.3028],[-67.9925,66.50853],[-67.18712,65.91616],[-67.9228,65.90323],[-68.51354,66.30313],[-68.84968,66.1933],[-68.02729,66.07591],[-68.11604,65.9667],[-68.34789,66.03978],[-68.20539,65.79605],[-67.81432,65.81586],[-68.03344,65.48749],[-67.27314,65.64521],[-67.45869,65.50117],[-67.05988,65.42406],[-67.4171,65.35102],[-66.93733,65.24116],[-67.10863,65.06232],[-66.72505,65.18586],[-66.70519,64.76878],[-66.6822,65.04418],[-66.14965,64.87055],[-66.21797,64.69245],[-66.01867,64.85757],[-65.80736,64.63744],[-65.95214,64.88451],[-65.6892,64.83002],[-65.70686,64.49006],[-65.11437,64.51496],[-65.22704,64.30052],[-65.6562,64.30142],[-65.19311,64.02192],[-64.66613,64.03262],[-64.99144,63.82844],[-64.52233,63.66909],[-64.53681,63.25519],[-65.30305,63.80549],[-64.9842,63.59374],[-64.90209,63.23941],[-65.14912,63.28779],[-64.62776,62.91108],[-65.27204,63.00666],[-64.92939,62.64354],[-65.16963,62.56843],[-65.32726,62.91787],[-65.60383,62.82514],[-65.71223,63.05121],[-65.78816,62.8732],[-66.28315,63.13695],[-66.10387,62.95161],[-66.39672,62.99982],[-66.64367,63.37458],[-66.5664,62.99799],[-66.97399,63.3959],[-67.20112,63.28848],[-67.92418,63.76756],[-67.6977,63.3697],[-68.28893,63.69912],[-68.99303,63.76073],[-67.98567,63.07551],[-67.61132,63.09711],[-67.77339,62.95881],[-67.53694,63.04499],[-67.65673,62.91787],[-67.42382,62.97944],[-66.35823,62.45173],[-66.47387,62.33666],[-65.93,62.20474],[-66.20429,62.1166],[-65.95043,61.89688],[-66.27448,61.8581],[-69.02717,62.37979],[-69.58678,62.6577],[-69.39025,62.76704],[-70.24031,62.7541],[-71.14208,62.98481],[-70.92646,63.17255],[-71.23713,63.00723],[-71.71349,63.17792],[-71.76134,63.40266],[-72.14232,63.44831],[-71.61445,63.42691],[-71.22692,63.60248],[-71.56188,63.58149],[-71.92284,63.81965],[-71.9298,63.65502],[-72.20063,63.78042],[-72.31758,63.67886],[-72.24177,63.95942],[-72.37825,63.78254],[-72.66625,63.85639],[-72.6632,64.08393],[-72.73424,63.96987],[-73.3863,64.28148],[-73.30309,64.66572],[-73.46422,64.508],[-73.64635,64.66572],[-73.9217,64.60928],[-74.07775,64.32933],[-74.04979,64.7259],[-74.39448,64.57685],[-74.64631,64.90473],[-74.98888,64.80231],[-74.46874,64.56208],[-74.68102,64.37775],[-75.82002,64.62222],[-75.73603,64.37246],[-76.71093,64.30536],[-76.68895,64.19155],[-78.01098,64.42821],[-78.29902,64.70673],[-78.12059,64.97419],[-77.31282,65.20014],[-77.39159,65.47309],[-75.79792,65.23233],[-75.37873,64.72158],[-75.34582,64.9252],[-75.57173,64.88422],[-75.19872,65.1057],[-75.36315,65.00764],[-75.94909,65.32245],[-75.19319,65.25629],[-75.10505,65.39615],[-74.55122,65.3334],[-74.11836,65.53709],[-73.47444,65.45962],[-74.47216,66.14859],[-72.94896,66.73457]]],[[[-115.32364,73.50869],[-119.16389,72.62983],[-119.34016,72.34675],[-119.80565,72.22321],[-120.25475,72.26081],[-120.63524,71.49144],[-121.42317,71.38032],[-121.70055,71.46809],[-122.79776,71.0878],[-123.25528,71.13044],[-123.93952,71.65327],[-125.23229,71.94131],[-124.95889,71.96662],[-125.87755,71.96402],[-125.43838,72.41568],[-124.95238,72.56965],[-125.11343,72.8675],[-124.47598,72.93305],[-124.85993,73.09032],[-123.77375,73.76561],[-124.21325,73.87922],[-124.75569,74.34858],[-121.5808,74.55585],[-119.5183,74.23115],[-119.76525,74.03535],[-119.47989,74.22614],[-119.14436,74.20905],[-119.18932,73.99217],[-118.72541,74.22077],[-117.41649,74.23249],[-115.32364,73.50869]]],[[[-123.3212,48.49584],[-123.65392,48.31428],[-125.09398,48.73005],[-124.80842,49.24657],[-124.9077,49.00641],[-125.60656,48.96186],[-125.91198,49.43838],[-126.57266,49.41429],[-126.10749,49.68329],[-126.84362,49.97346],[-127.14192,49.86664],[-127.09691,50.15095],[-127.8981,50.11408],[-127.92577,50.4621],[-127.44693,50.3769],[-127.41902,50.60346],[-128.06017,50.45258],[-128.41723,50.77188],[-127.88248,50.86689],[-125.47672,50.33902],[-124.79475,49.47256],[-123.95495,49.22919],[-123.3212,48.49584]]],[[[-79.28246,62.26992],[-79.83381,61.57306],[-80.26109,61.8563],[-80.21497,62.13766],[-79.8308,62.41079],[-79.28246,62.26992]]],[[[-82.19131,62.98615],[-81.86238,62.92475],[-81.95694,62.69766],[-83.06615,62.18716],[-83.70519,62.1435],[-83.93912,62.45917],[-83.41869,62.89228],[-82.19131,62.98615]]],[[[-77.53799,63.28779],[-77.94076,63.08715],[-78.5185,63.48502],[-77.84431,63.47248],[-77.53799,63.28779]]],[[[-80.18334,63.76756],[-81.12491,63.46381],[-82.48176,63.68521],[-82.37092,63.91303],[-83.08454,63.9582],[-83.0843,64.18985],[-83.68529,64.01406],[-83.63378,63.77098],[-85.27392,63.12336],[-85.63516,63.24311],[-85.71373,63.7744],[-87.12377,63.56363],[-86.95385,63.89737],[-86.19286,64.10342],[-86.41942,64.59687],[-85.93893,65.7632],[-85.48651,65.92414],[-84.93179,65.21821],[-84.55468,65.48591],[-84.09846,65.20954],[-83.42833,65.14492],[-83.20836,64.9477],[-82.09846,64.68716],[-81.588,64.18537],[-81.99161,63.99873],[-81.39883,64.10151],[-80.93065,63.99348],[-80.88878,64.12263],[-80.18334,63.76756]]],[[[-73.35827,67.83808],[-74.40233,67.77888],[-74.75601,68.06342],[-74.33837,68.18073],[-74.25544,68.06346],[-73.44616,67.99299],[-73.35827,67.83808]]],[[[-86.57714,68.29059],[-86.37247,67.93659],[-86.59752,67.72822],[-86.98738,68.0843],[-86.57714,68.29059]]],[[[-75.03352,68.17329],[-75.20482,67.44392],[-75.88927,67.258],[-76.98156,67.24331],[-77.32266,67.70799],[-76.73078,68.24311],[-75.9112,68.34455],[-75.03352,68.17329]]],[[[-79.07982,68.87897],[-79.39672,68.86323],[-79.22484,69.07534],[-78.31273,69.38711],[-78.3417,69.20677],[-79.07982,68.87897]]],[[[-79.97106,69.63312],[-79.99865,69.50015],[-80.81404,69.69452],[-79.67243,69.82038],[-79.34805,69.69452],[-79.97106,69.63312]]],[[[-104.6809,73.62983],[-104.57266,73.33218],[-105.28498,72.85139],[-106.12072,73.29267],[-107.0393,73.48444],[-106.5996,73.71064],[-105.38142,73.77066],[-104.6809,73.62983]]],[[[-80.90339,73.60737],[-80.86181,73.75137],[-80.56017,73.77253],[-79.45031,73.63532],[-78.11376,73.66572],[-76.71443,73.3225],[-76.08556,72.8675],[-78.17089,72.89863],[-79.56843,72.75983],[-80.00182,72.87124],[-80.16381,73.23338],[-80.8601,73.319],[-80.90339,73.60737]]],[[[-96.32127,72.46686],[-96.87681,72.32632],[-96.53416,72.24433],[-96.49998,72.09349],[-96.86928,72.04511],[-96.49323,72.02802],[-96.76695,71.92227],[-96.50132,71.93146],[-96.58877,71.82075],[-97.68528,71.61839],[-98.25279,71.66999],[-98.29502,71.90168],[-98.50047,71.72297],[-98.04181,71.53119],[-98.21519,71.40941],[-98.71788,71.27167],[-99.23509,71.34959],[-100.63654,72.18647],[-100.96775,72.17544],[-101.21617,72.3347],[-101.44863,72.24213],[-101.78204,72.30878],[-102.74229,72.73037],[-102.28294,73.08723],[-101.94782,73.09345],[-101.05601,72.69086],[-100.348,72.77656],[-100.42027,73.0395],[-100.31663,72.87743],[-100.07176,72.88858],[-100.55625,73.23127],[-100.35138,73.29267],[-99.76862,73.21076],[-100.3629,73.3996],[-100.85789,73.26284],[-101.62563,73.49136],[-100.91856,73.60297],[-100.44004,73.40811],[-101.00495,73.8024],[-100.41494,73.84365],[-100.0233,73.73778],[-99.86106,73.89541],[-100.30296,73.86123],[-100.00132,73.95002],[-99.19122,73.69025],[-97.77391,73.91889],[-97.19371,73.84748],[-96.96958,73.64082],[-97.66852,73.48212],[-97.18321,73.47236],[-97.17271,73.35895],[-97.82827,73.27827],[-98.51475,73.00471],[-98.44619,72.8725],[-97.98517,73.04413],[-97.25596,72.96206],[-97.19391,72.61506],[-96.53758,72.75202],[-96.32127,72.46686]]],[[[-99.24743,73.85505],[-99.44026,73.909],[-98.98278,73.99592],[-97.68871,74.11616],[-98.14342,73.8784],[-99.24743,73.85505]]],[[[-90.291,73.92329],[-91.25768,73.2722],[-91.63386,73.23127],[-91.37633,73.20319],[-92.07299,72.75519],[-94.28661,72.78034],[-93.78742,72.74071],[-93.47509,72.44196],[-94.21837,72.05256],[-94.06013,71.98363],[-95.14525,71.96589],[-95.20124,72.11091],[-94.79044,72.15994],[-95.17675,72.15497],[-95.13573,72.46345],[-95.66894,72.80215],[-95.71923,73.69058],[-95.41173,73.77644],[-94.62243,73.65575],[-95.29918,73.87954],[-95.24865,74.00991],[-93.27257,74.17797],[-92.43017,74.0624],[-92.33397,73.94318],[-91.57238,74.03315],[-90.291,73.92329]]],[[[-103.63842,75.19953],[-104.22948,75.01887],[-104.92955,75.1411],[-104.40323,75.4326],[-103.82055,75.36669],[-103.63842,75.19953]]],[[[-93.43692,74.94432],[-93.60765,74.6542],[-94.72419,74.63178],[-95.30541,74.80549],[-95.51134,74.7436],[-96.12059,74.91771],[-96.06461,75.02359],[-96.26667,74.90961],[-96.32946,75.00414],[-96.61612,74.99152],[-96.46935,75.1944],[-95.78002,75.38251],[-96.15551,75.40803],[-95.70494,75.40302],[-95.79149,75.50104],[-95.2976,75.60395],[-94.39391,75.60423],[-93.49938,75.26801],[-93.43692,74.94432]]],[[[-96.5751,75.43773],[-96.87271,75.35737],[-97.05492,75.49921],[-96.37511,75.65998],[-95.91039,75.5607],[-96.20572,75.45799],[-96.42431,75.5812],[-96.5751,75.43773]]],[[[-102.87328,75.7661],[-103.38659,75.7661],[-103.04491,75.90615],[-101.98131,75.95173],[-102.87328,75.7661]]],[[[-102.57165,75.99266],[-103.69164,75.88898],[-103.97623,75.94428],[-102.44384,76.08991],[-102.57165,75.99266]]],[[[-117.78474,75.89647],[-118.61392,75.50373],[-119.40905,75.60163],[-117.79869,76.11164],[-117.46251,76.08828],[-117.78474,75.89647]]],[[[-103.81143,76.03364],[-104.39452,76.08149],[-104.312,76.21239],[-102.72663,76.31562],[-102.68301,76.11701],[-103.81143,76.03364]]],[[[-104.39802,76.46874],[-104.6813,76.6022],[-104.02465,76.67048],[-104.05818,76.56806],[-103.79613,76.62311],[-103.01041,76.42349],[-103.33625,76.33173],[-104.37767,76.32486],[-104.39802,76.46874]]],[[[-97.42488,75.51972],[-97.305,75.39517],[-97.72423,75.57221],[-97.77383,75.46015],[-98.04182,75.48493],[-97.77428,75.42414],[-98.11669,75.298],[-97.93053,75.33955],[-97.56884,75.14981],[-97.81286,75.11311],[-98.10326,75.22553],[-97.97582,75.01447],[-98.75023,74.98843],[-98.90022,75.06708],[-99.37426,74.9892],[-99.30578,75.13129],[-99.42593,74.99152],[-100.33019,75.01407],[-100.54943,75.20502],[-99.98705,75.23859],[-100.74853,75.34471],[-100.4265,75.38251],[-100.72134,75.43773],[-100.04117,75.45722],[-100.28254,75.52717],[-99.82999,75.54767],[-99.82323,75.65624],[-98.89419,75.69965],[-102.66788,75.50414],[-102.88166,75.61782],[-102.56188,75.72553],[-102.00927,75.70466],[-102.26228,75.86982],[-101.833,75.90583],[-101.27579,75.74567],[-100.91316,75.81452],[-101.35875,75.77973],[-101.58947,75.92451],[-101.30354,76.02066],[-101.84382,76.027],[-101.38549,76.25336],[-102.10277,76.22077],[-102.03515,76.41279],[-101.32165,76.41454],[-99.94709,75.87519],[-99.44026,75.97223],[-99.86413,75.93744],[-100.22106,76.13605],[-99.41853,76.16401],[-100.47875,76.23383],[-100.17809,76.31757],[-99.84366,76.28685],[-100.13854,76.38312],[-100.67528,76.38105],[-100.98819,76.50658],[-100.33259,76.64472],[-99.64094,76.63744],[-99.0703,76.4042],[-99.02872,76.6022],[-98.48746,76.65062],[-98.8568,76.67792],[-98.42715,76.67756],[-98.15103,76.58857],[-98.36791,76.5705],[-97.66511,76.48615],[-97.57022,75.86522],[-97.93936,75.74567],[-97.37751,75.67984],[-97.42488,75.51972]]],[[[-89.67496,76.73261],[-89.67496,76.50658],[-89.97737,76.47773],[-90.57185,76.77351],[-89.98217,76.84235],[-89.67496,76.73261]]],[[[-105.39513,75.67426],[-106.0089,75.05663],[-107.23103,74.92011],[-107.77172,75.10139],[-107.94424,74.93692],[-108.41661,74.91706],[-108.82421,75.07152],[-109.53234,74.86701],[-110.30785,74.8522],[-111.00097,74.61636],[-112.43741,74.41352],[-113.69302,74.44449],[-114.42235,74.70311],[-112.79784,74.98505],[-111.5858,75.00642],[-110.95075,75.25161],[-112.34606,75.12153],[-112.67886,75.27953],[-112.85709,75.10985],[-113.88663,75.05817],[-113.81298,75.32392],[-113.32315,75.42414],[-113.87393,75.37377],[-114.07067,75.47492],[-114.19579,75.22517],[-114.61514,75.28327],[-114.30329,75.18179],[-114.44083,75.06794],[-115.05769,74.96674],[-115.26281,75.1833],[-115.40575,75.10293],[-115.66657,75.14851],[-115.71544,74.97036],[-116.25593,75.06037],[-116.2565,75.21125],[-116.76724,75.12222],[-117.68847,75.25967],[-117.20222,75.48078],[-116.0419,75.48481],[-115.00211,75.69847],[-116.11563,75.57779],[-117.24901,75.60908],[-116.88536,75.78901],[-114.82738,75.87938],[-116.20255,75.86807],[-116.73632,75.93744],[-116.46133,75.97842],[-116.63028,76.12043],[-116.16271,76.20384],[-114.66698,76.16401],[-115.92699,76.28685],[-115.51232,76.4562],[-114.87243,76.52021],[-114.15925,76.45881],[-113.96304,76.19062],[-112.99421,76.27326],[-112.42565,76.17084],[-112.41881,76.05073],[-111.7268,75.91694],[-112.22704,75.81452],[-111.45906,75.84186],[-111.25084,75.52188],[-110.51358,75.57331],[-108.90998,75.47875],[-108.82811,75.69107],[-110.0546,75.89647],[-109.29735,76.03913],[-109.32307,76.11538],[-110.38362,76.30052],[-110.39721,76.39672],[-109.77196,76.50019],[-109.3251,76.78889],[-108.77562,76.86416],[-108.45079,76.73261],[-108.73192,76.64321],[-108.61588,76.42349],[-108.08088,76.28685],[-108.49918,76.04047],[-107.65026,76.00576],[-108.02623,75.78726],[-107.72057,75.88581],[-107.076,75.8994],[-106.88093,75.64924],[-106.61482,75.80093],[-106.87487,75.9654],[-106.33983,76.06159],[-105.6068,75.93744],[-105.39513,75.67426]]],[[[-114.83703,76.75983],[-114.63158,76.86164],[-113.84606,76.89887],[-113.45348,76.77351],[-113.67317,76.70425],[-114.83703,76.75983]]],[[[-79.56017,74.99152],[-79.35631,74.88556],[-79.90905,74.81395],[-80.3994,74.91425],[-80.10082,74.82762],[-80.21752,74.58747],[-81.11535,74.57892],[-81.78869,74.4584],[-82.4215,74.5727],[-82.91999,74.5515],[-83.07848,74.81582],[-83.49169,74.90949],[-83.49352,74.57783],[-84.25829,74.5065],[-84.91487,74.51236],[-85.00796,74.70409],[-85.18493,74.49311],[-85.53368,74.69009],[-85.60387,74.49803],[-86.12462,74.48436],[-86.17927,74.62222],[-86.38004,74.48749],[-86.80305,74.62222],[-86.60375,74.47138],[-87.25927,74.46817],[-87.2965,74.54645],[-87.64363,74.45832],[-88.51781,74.50121],[-88.29699,74.77985],[-88.53946,74.90375],[-88.84765,74.66498],[-89.09895,74.84073],[-89.43444,74.55329],[-89.91853,74.52729],[-90.56379,74.60859],[-90.7233,74.73827],[-91.02497,74.70409],[-90.78677,74.88963],[-91.23038,74.73827],[-91.09944,74.62905],[-91.33043,74.72093],[-91.5135,74.64472],[-92.06273,74.80341],[-92.0559,75.15323],[-92.50402,75.218],[-92.01183,75.66372],[-93.06017,76.34903],[-93.67732,76.32705],[-93.70373,76.25153],[-94.74909,76.31485],[-95.39025,76.23908],[-95.35778,76.30512],[-94.80061,76.32844],[-95.97379,76.43594],[-96.08194,76.51765],[-95.58825,76.60961],[-96.02701,76.555],[-96.92516,76.71613],[-96.89049,76.81245],[-96.30822,76.75983],[-96.81957,76.87202],[-96.81843,76.98338],[-96.47297,76.95922],[-96.39021,77.03425],[-95.77074,77.07673],[-94.234,76.89061],[-93.70092,76.92097],[-93.18513,76.73998],[-93.50723,76.39077],[-93.07925,76.62763],[-92.36897,76.59911],[-91.44107,76.69367],[-90.92113,76.6433],[-90.49275,76.46833],[-91.34944,76.51691],[-91.40111,76.45881],[-89.19445,76.2482],[-89.38012,76.18448],[-90.45641,76.17768],[-90.09374,76.12499],[-91.61335,76.26704],[-91.27367,76.21174],[-91.40852,76.14973],[-90.69075,76.12336],[-90.86669,76.06778],[-90.18822,76.06778],[-91.10464,76.03461],[-91.12881,75.83613],[-90.79776,75.99885],[-90.42846,75.97223],[-90.51854,75.89883],[-89.96377,76.01602],[-89.77733,75.79409],[-89.5148,75.85932],[-89.16251,75.7652],[-89.25719,75.63581],[-89.76305,75.5812],[-89.20848,75.58601],[-88.94001,75.43187],[-88.7224,75.6861],[-88.22814,75.47134],[-87.75084,75.58088],[-87.46691,75.456],[-87.26574,75.62303],[-86.36482,75.43036],[-86.61803,75.36888],[-85.52188,75.40302],[-86.13882,75.51288],[-85.52872,75.60163],[-85.22712,75.5607],[-85.04491,75.65583],[-84.57608,75.62425],[-84.6647,75.69107],[-84.0006,75.8288],[-83.08898,75.7403],[-82.33104,75.84357],[-81.11315,75.77912],[-81.25211,75.654],[-80.50341,75.66157],[-79.95002,75.54023],[-80.3758,75.46507],[-79.59459,75.45922],[-79.51692,75.22923],[-80.44343,75.03994],[-80.24913,74.95352],[-79.56017,74.99152]]],[[[-119.31749,76.1999],[-119.48632,76.36107],[-119.71687,76.33527],[-119.5524,76.12299],[-119.80565,76.11563],[-119.48595,75.97492],[-120.38744,75.80671],[-120.86498,76.201],[-120.99112,75.94428],[-121.11779,76.00015],[-121.29967,75.91079],[-121.84708,76.04523],[-122.61889,75.94196],[-122.49258,76.1435],[-123.04068,76.08828],[-122.61726,76.34321],[-121.51187,76.44823],[-121.18733,76.68818],[-120.36799,76.81452],[-119.16271,77.3249],[-117.85237,77.39045],[-117.03922,77.29279],[-117.17374,77.35969],[-116.8131,77.3166],[-116.64696,77.39045],[-117.13341,77.46817],[-116.40673,77.5624],[-115.39257,77.30793],[-116.40054,77.13727],[-115.73204,76.94855],[-116.36579,76.93179],[-115.89281,76.69843],[-116.32482,76.58173],[-117.00792,76.55215],[-116.93432,76.35578],[-117.35245,76.25959],[-118.05842,76.41039],[-117.77302,76.81098],[-118.33983,76.77131],[-118.30541,76.555],[-118.97643,76.49234],[-118.64639,76.43244],[-118.6516,76.29108],[-119.08385,76.08959],[-119.31749,76.1999]]],[[[-89.66128,77.35635],[-90.40502,77.20319],[-91.17951,77.39419],[-91.16869,77.6175],[-90.30411,77.62938],[-89.66128,77.35635]]],[[[-104.39452,77.19253],[-104.79117,77.10993],[-105.39513,77.21918],[-106.08967,77.71638],[-105.90876,77.76789],[-104.99608,77.53709],[-105.01586,77.41462],[-104.43716,77.31489],[-104.39452,77.19253]]],[[[-93.25202,77.64436],[-93.78454,77.43773],[-95.98762,77.47907],[-96.32873,77.60957],[-96.23546,77.70551],[-95.5065,77.81074],[-95.35546,77.73994],[-93.60802,77.78148],[-93.20792,77.72297],[-93.25202,77.64436]]],[[[-102.44872,77.73994],[-102.44848,77.88129],[-101.72521,77.90648],[-100.932,77.74453],[-101.7906,77.67939],[-102.44872,77.73994]]],[[[-113.68627,77.8666],[-113.72248,77.76923],[-114.30069,77.71328],[-115.11823,77.95966],[-114.32726,78.0808],[-113.68627,77.8666]]],[[[-109.60367,78.07392],[-109.78686,77.94977],[-110.90372,77.85322],[-110.71996,77.76618],[-110.1079,77.77619],[-110.23542,77.50422],[-112.10924,77.32575],[-113.16588,77.51508],[-113.1411,77.92251],[-111.27807,78.09003],[-109.60367,78.07392]]],[[[-109.25951,78.4593],[-109.40868,78.30988],[-109.82323,78.2954],[-110.84032,78.31517],[-111.15461,78.39053],[-111.43399,78.2746],[-112.17553,78.37739],[-113.06151,78.27436],[-113.33617,78.33637],[-110.74096,78.75796],[-109.88728,78.67593],[-109.25951,78.4593]]],[[[-96.91031,77.79515],[-96.99348,77.92487],[-97.77428,78.04157],[-96.86929,78.13715],[-97.91954,78.22028],[-98.38443,78.46613],[-98.02497,78.55256],[-98.37019,78.72679],[-98.14908,78.81867],[-96.59777,78.69404],[-96.16421,78.62376],[-96.27351,78.53506],[-95.46109,78.51113],[-94.82787,78.36371],[-95.40323,78.23334],[-94.88931,78.10928],[-95.06066,77.97264],[-96.36555,77.86298],[-96.49617,77.90607],[-96.91031,77.79515]]],[[[-105.6068,79.10358],[-105.4569,79.32929],[-103.72159,79.36335],[-102.87946,79.2333],[-102.59895,78.87763],[-102.42077,79.01423],[-101.64843,79.081],[-101.01423,78.95051],[-101.18517,78.80744],[-100.34976,78.82372],[-99.89208,78.69892],[-100.06338,78.63809],[-99.55793,78.5987],[-99.87165,78.43887],[-99.77025,78.29442],[-98.94616,78.06892],[-99.18224,77.84369],[-99.93859,77.7829],[-100.61002,77.86396],[-101.05972,78.20551],[-102.16076,78.28832],[-102.59252,78.24445],[-102.74413,78.38056],[-103.94652,78.24282],[-104.46569,78.27464],[-105.01773,78.52448],[-104.64098,78.58344],[-103.53954,78.50039],[-103.40022,78.61693],[-104.0445,78.6306],[-103.32579,78.74755],[-103.49844,78.78827],[-103.81794,78.74047],[-103.72094,78.80646],[-104.18806,78.77668],[-103.83218,78.90497],[-104.24722,78.99706],[-104.95543,78.79816],[-104.7084,79.03107],[-105.4025,79.01288],[-105.6068,79.10358]]],[[[-100.15217,79.99799],[-99.77937,80.15078],[-98.87377,80.08381],[-98.8238,79.66926],[-99.58361,79.89867],[-100.07022,79.87816],[-100.15217,79.99799]]],[[[-96.62312,80.04434],[-96.74796,80.14008],[-96.36392,80.14151],[-96.01854,80.07201],[-94.38223,79.98802],[-94.80744,80.09732],[-94.10676,80.18708],[-94.58568,80.22639],[-95.40152,80.12665],[-95.69811,80.17988],[-95.26358,80.25096],[-95.96915,80.20136],[-96.68497,80.34369],[-95.94896,80.39155],[-95.43741,80.34369],[-96.10216,80.49457],[-96.02701,80.58393],[-94.98152,80.60375],[-93.78576,80.52928],[-94.656,80.65205],[-94.12877,80.72822],[-95.02477,80.77143],[-94.88744,80.81977],[-95.5336,80.82412],[-94.90298,81.06371],[-94.44709,80.96751],[-93.90929,81.04263],[-94.3024,81.12271],[-93.49157,81.06997],[-93.15575,81.09785],[-93.21719,81.21455],[-94.33373,81.24384],[-94.18847,81.36665],[-93.56664,81.30329],[-93.54776,81.385],[-93.25768,81.37344],[-92.23693,81.25633],[-91.08886,80.7486],[-90.59293,80.65278],[-90.76618,80.57624],[-90.00666,80.54194],[-89.77432,80.4641],[-89.83194,80.52928],[-89.32486,80.53677],[-89.05797,80.46784],[-89.23534,80.27383],[-88.53844,80.09911],[-88.482,80.14509],[-88.14615,80.10346],[-88.70857,80.28974],[-88.64415,80.39667],[-88.46898,80.43989],[-87.70055,80.41258],[-87.5677,80.1833],[-88.06363,80.12523],[-87.89867,80.05939],[-87.23937,80.07038],[-87.00845,79.95332],[-87.48827,79.83723],[-86.96203,79.90876],[-87.46093,79.53559],[-86.99104,79.60346],[-86.82136,79.5467],[-86.71935,79.64248],[-86.30907,79.6481],[-86.06754,79.43618],[-85.69872,79.61799],[-84.91259,79.2707],[-86.5039,79.06867],[-86.74665,78.95905],[-86.96825,79.06419],[-86.94017,78.91861],[-87.64924,78.64301],[-87.99755,78.81122],[-87.72842,79.08307],[-88.17374,78.99559],[-88.35847,78.6579],[-88.02204,78.65461],[-87.90974,78.55244],[-88.2285,78.46357],[-88.80476,78.61017],[-88.54003,78.4169],[-88.81127,78.16543],[-90.00617,78.61376],[-89.49568,78.15607],[-90.33202,78.33637],[-90.7506,78.32274],[-90.32543,78.27436],[-90.35269,78.1446],[-92.02453,78.21068],[-92.21984,78.33226],[-92.61388,78.33637],[-92.96907,78.48957],[-91.64916,78.56501],[-92.81135,78.63809],[-93.28173,78.59471],[-93.8131,78.76777],[-93.03844,78.76777],[-93.87458,78.83397],[-94.29353,78.98688],[-93.60924,79.05687],[-93.33047,79.17097],[-91.88121,79.16352],[-90.36636,79.24755],[-92.62735,79.24543],[-92.56444,79.31037],[-91.91503,79.30219],[-91.12051,79.39159],[-92.49535,79.36542],[-92.28746,79.45751],[-92.84724,79.41267],[-93.08666,79.48713],[-93.00495,79.39159],[-93.38854,79.34317],[-93.32103,79.45205],[-93.9298,79.25918],[-94.21093,79.27489],[-93.84097,79.39899],[-94.48009,79.42666],[-94.52978,79.34247],[-95.21101,79.28095],[-95.28038,79.40522],[-95.75536,79.40624],[-95.73908,79.54243],[-94.72769,79.6105],[-94.30028,79.77521],[-95.19327,79.64741],[-95.85375,79.65241],[-96.58877,79.85712],[-96.13687,79.91169],[-96.55793,79.94855],[-96.67756,80.01537],[-96.39021,80.0489],[-96.62312,80.04434]]],[[[-61.08548,82.33116],[-61.31241,82.19721],[-62.03132,82.13939],[-62.25764,82.02355],[-63.9202,81.79869],[-64.32608,81.83092],[-64.12064,81.76948],[-64.37259,81.72496],[-65.37503,81.76268],[-66.04662,81.6944],[-65.34085,81.6944],[-65.85814,81.62726],[-68.21321,81.56322],[-69.30834,81.72167],[-68.38939,81.56664],[-68.85586,81.55036],[-68.58056,81.5161],[-67.26883,81.5714],[-66.60831,81.51622],[-68.81648,81.27619],[-69.42508,81.27672],[-69.58007,81.2119],[-70.16483,81.19371],[-69.63728,81.17988],[-70.02025,81.10594],[-65.73575,81.49327],[-64.54605,81.55036],[-64.46817,81.46141],[-67.23493,80.9405],[-67.56302,80.94599],[-67.60578,80.8712],[-68.97256,80.6175],[-69.37418,80.39741],[-70.30948,80.35802],[-70.26952,80.45348],[-70.80769,80.57087],[-70.45291,80.34374],[-69.95946,80.26183],[-70.15909,80.19249],[-70.74771,80.20722],[-71.73461,80.11786],[-72.37946,80.22777],[-71.89847,80.11786],[-72.34203,80.06257],[-70.64822,80.14289],[-70.51431,80.1035],[-70.70535,79.99156],[-71.44876,79.91608],[-70.91161,79.89256],[-71.1424,79.7895],[-72.23168,79.66258],[-72.9202,79.70958],[-72.93098,79.82359],[-73.81326,79.82233],[-74.22777,79.8957],[-74.84488,79.85033],[-74.67015,79.79572],[-73.38333,79.77562],[-73.31688,79.50914],[-73.73371,79.49616],[-73.96581,79.56359],[-73.99222,79.45869],[-74.28201,79.43993],[-74.99637,79.51341],[-75.02798,79.37328],[-77.13378,79.54865],[-77.12711,79.49409],[-76.19359,79.47028],[-75.91405,79.34703],[-76.87328,79.35004],[-77.1245,79.46894],[-77.40152,79.45307],[-77.16189,79.33019],[-78.0594,79.35688],[-77.36506,79.28136],[-77.49706,79.24763],[-74.46874,79.22716],[-74.82498,79.17931],[-74.4676,79.04137],[-75.75715,79.08421],[-76.08877,79.2047],[-78.2574,79.17194],[-76.13345,79.12413],[-76.16869,79.07734],[-77.53392,79.02387],[-78.09618,79.08482],[-78.8955,79.06944],[-77.73225,79.02473],[-78.22684,78.7722],[-77.71801,78.96971],[-76.73282,79.03673],[-75.78075,78.982],[-76.45922,78.84935],[-75.74429,78.89716],[-74.77375,78.83482],[-74.6326,78.58967],[-75.3981,78.51561],[-76.66161,78.52827],[-75.02981,78.33641],[-75.62621,78.19982],[-76.88834,78.22333],[-75.61758,78.13097],[-75.93399,77.9586],[-76.23241,78.0211],[-76.88069,77.90502],[-78.21658,78.00255],[-78.42996,77.91132],[-77.71622,77.60961],[-78.68969,77.31908],[-78.77103,77.38496],[-79.13321,77.29133],[-80.77986,77.33592],[-81.93749,77.68537],[-81.73721,77.4348],[-81.17093,77.33251],[-82.15193,77.3159],[-81.8577,77.17048],[-81.10302,77.28746],[-80.11514,77.20555],[-80.37247,77.07469],[-79.4324,77.23859],[-79.0065,77.10472],[-79.38931,76.93036],[-78.90307,76.93419],[-78.72037,76.82758],[-78.09085,77.02281],[-77.71622,76.82197],[-78.14135,76.52717],[-78.49979,76.45934],[-78.77424,76.57734],[-79.29324,76.30235],[-81.0725,76.12914],[-80.77249,76.41999],[-81.20686,76.56359],[-81.53812,76.47301],[-82.05569,76.51647],[-81.78323,76.68846],[-82.27627,76.63487],[-82.72977,76.82099],[-82.0821,76.5681],[-82.28201,76.4005],[-83.10253,76.46568],[-83.40144,76.76154],[-83.22366,76.41136],[-83.7128,76.43505],[-84.29296,76.6638],[-84.23502,76.44676],[-84.71671,76.45417],[-84.98746,76.58605],[-85.05582,76.52025],[-84.38809,76.31513],[-85.2034,76.28429],[-86.3474,76.38854],[-86.20718,76.52717],[-86.57795,76.64167],[-86.30289,76.5277],[-86.72195,76.34838],[-87.43309,76.46568],[-87.56302,76.62019],[-87.42707,76.34935],[-88.40355,76.39366],[-88.50699,76.82372],[-88.5987,76.41047],[-88.71048,76.60082],[-88.89896,76.41295],[-89.20637,76.42931],[-89.68118,76.57494],[-89.47305,76.88117],[-88.29361,77.13634],[-87.58572,77.09772],[-87.36156,77.1765],[-86.82323,77.12934],[-86.60379,77.17821],[-87.21459,77.21239],[-86.91291,77.26704],[-87.24869,77.30797],[-86.85037,77.36388],[-87.72102,77.37006],[-88.22195,77.86286],[-88.04223,77.82274],[-87.19205,77.90453],[-86.45218,77.83641],[-85.97439,77.71332],[-85.79568,77.42528],[-85.50809,77.47911],[-85.40225,77.40074],[-84.46613,77.30174],[-84.57331,77.40668],[-83.46622,77.34894],[-83.83617,77.45881],[-82.97297,77.68395],[-82.32107,78.08259],[-82.76488,78.0277],[-83.6785,77.53453],[-84.76102,77.52025],[-84.45206,77.74364],[-84.94302,77.60273],[-85.35062,77.73998],[-84.97142,77.84374],[-85.3848,77.84606],[-84.31534,77.89765],[-85.47265,77.87206],[-85.6796,77.93517],[-85.06277,78.06269],[-84.2886,78.08259],[-84.85196,78.05773],[-85.03531,78.17882],[-84.02798,78.17882],[-84.96833,78.21406],[-84.576,78.3535],[-84.87088,78.36998],[-84.61701,78.58967],[-85.49148,78.10607],[-86.28938,78.08336],[-85.86026,78.38556],[-86.28767,78.19526],[-86.76977,78.12043],[-87.48786,78.12718],[-87.09105,78.20677],[-87.52302,78.23339],[-87.52929,78.41096],[-87.15726,78.5493],[-86.85831,78.54877],[-87.12234,78.58287],[-86.94046,78.71418],[-86.60985,78.80927],[-85.03108,78.92186],[-83.74564,78.83885],[-82.3428,78.5692],[-82.59602,78.70641],[-82.26248,78.75133],[-82.77347,78.73371],[-83.26016,78.83674],[-81.75369,78.843],[-81.47879,79.04902],[-82.53458,78.88512],[-84.27929,78.95531],[-84.75211,79.03893],[-84.45291,79.1483],[-83.98249,79.05109],[-83.36319,79.05524],[-83.96121,79.12763],[-83.96247,79.2204],[-84.32962,79.19237],[-85.02103,79.61754],[-86.47468,79.76097],[-86.39627,79.963],[-85.25381,79.92601],[-86.53466,80.03087],[-86.50394,80.30907],[-85.89334,80.33836],[-85.3157,80.26854],[-83.78787,80.25092],[-82.17089,79.86888],[-81.65164,79.59422],[-81.378,79.64293],[-80.58747,79.56916],[-79.91959,79.64855],[-79.75202,79.70698],[-80.88101,79.65392],[-81.52343,79.718],[-81.66169,79.90758],[-81.40372,79.93968],[-82.16873,80.0183],[-83.20556,80.32323],[-80.05118,80.52757],[-78.05232,80.56908],[-79.96434,80.6175],[-78.18928,80.80602],[-76.51529,80.85607],[-76.58918,80.90241],[-78.93643,80.87877],[-78.44416,81.17052],[-76.74417,81.4405],[-78.19172,81.30516],[-78.73685,81.11363],[-79.50504,81.2003],[-79.06619,81.09105],[-79.19498,80.95942],[-79.61449,80.82762],[-80.87556,80.66295],[-83.12039,80.54784],[-83.08698,80.64716],[-81.76,80.81672],[-83.49901,80.70124],[-83.27371,80.8465],[-83.86282,80.76207],[-83.84602,80.54405],[-85.12137,80.5041],[-85.86453,80.54296],[-85.5629,80.62494],[-86.0502,80.53783],[-86.74905,80.60448],[-85.79849,80.94627],[-84.97732,81.04511],[-82.38484,81.18541],[-85.781,81.03404],[-87.27603,80.63178],[-87.70653,80.64545],[-89.43436,80.92841],[-88.41316,80.99877],[-86.69921,81.00544],[-85.85831,81.07604],[-85.85757,81.13317],[-84.74869,81.29601],[-85.24502,81.29906],[-87.3885,81.06944],[-89.82616,81.01305],[-90.29813,81.19347],[-89.98363,81.24986],[-89.55858,81.20856],[-88.93387,81.24872],[-89.38736,81.25178],[-89.92447,81.34223],[-88.4956,81.52281],[-87.24869,81.4951],[-88.34268,81.59052],[-90.49234,81.37084],[-90.83357,81.46434],[-89.5856,81.63231],[-90.09207,81.62609],[-90.29865,81.70409],[-90.29129,81.64598],[-90.71589,81.6743],[-90.96231,81.56346],[-91.47,81.52989],[-91.48172,81.59618],[-91.94921,81.63231],[-91.70853,81.73436],[-91.05081,81.765],[-91.0139,81.84227],[-89.72175,81.92333],[-89.33536,81.80903],[-89.14745,81.88556],[-89.38907,81.93736],[-89.07925,81.91413],[-89.0074,82.00682],[-88.07046,82.10729],[-87.37283,82.07738],[-87.28958,81.96446],[-86.72794,81.89301],[-87.13138,81.97557],[-86.84402,81.98859],[-86.96475,82.0515],[-86.62894,82.0587],[-85.97883,82.01647],[-85.39932,81.85692],[-85.68375,82.0078],[-85.26789,82.008],[-84.79573,81.88556],[-84.86588,81.99352],[-84.60334,81.89301],[-84.75243,81.9912],[-86.72818,82.13744],[-86.87873,82.20832],[-85.40103,82.27704],[-85.50088,82.40013],[-85.90119,82.44469],[-84.7084,82.48302],[-84.94595,82.42744],[-83.42683,82.30297],[-82.95169,82.1258],[-83.13044,82.07115],[-81.87662,82.04381],[-82.11197,82.09935],[-82.62702,82.10375],[-82.96988,82.29845],[-80.02127,81.9676],[-79.23062,81.81786],[-79.86368,82.02692],[-80.93367,82.10395],[-80.86929,82.1599],[-81.2919,82.16283],[-82.71158,82.38146],[-82.4973,82.50938],[-81.47879,82.50251],[-82.29434,82.58446],[-82.371,82.64606],[-82.06998,82.6743],[-80.88695,82.53498],[-80.58064,82.54344],[-81.47395,82.83031],[-80.31542,82.78644],[-79.84695,82.64378],[-79.90079,82.71788],[-78.54792,82.67601],[-79.89501,82.76524],[-79.67634,82.83149],[-80.40119,82.87958],[-80.15811,82.93928],[-79.34048,82.97553],[-79.00902,82.87474],[-78.60599,82.94359],[-78.51871,82.84606],[-78.37475,82.87242],[-78.1066,82.83149],[-78.24372,82.86628],[-77.8522,82.92601],[-77.13866,82.86689],[-76.55692,82.67548],[-75.89383,82.59874],[-76.21833,82.45209],[-75.40042,82.61921],[-76.10611,82.6881],[-76.31155,82.75642],[-75.97574,82.79051],[-76.37361,82.79051],[-77.38724,82.98973],[-77.13402,83.03697],[-77.13036,83.01061],[-76.13549,83.0537],[-75.05687,83.0421],[-74.20002,83.00214],[-73.8284,82.86571],[-72.59113,82.70116],[-73.65315,82.92711],[-72.97224,83.07298],[-71.62759,83.10334],[-71.58316,82.94819],[-70.83707,82.88609],[-71.50121,83.00963],[-71.12442,83.09959],[-69.68753,83.11652],[-69.61701,82.98994],[-69.0393,83.04576],[-68.95368,82.98314],[-68.17178,82.99913],[-68.13187,82.93317],[-67.59683,82.97118],[-66.29984,82.93452],[-66.84626,82.81212],[-68.61771,82.63044],[-66.66763,82.71186],[-65.85159,82.84235],[-65.4925,82.84309],[-65.49283,82.78535],[-65.1553,82.77001],[-65.30614,82.87242],[-64.69669,82.90978],[-64.9368,82.87242],[-64.4429,82.76048],[-64.13626,82.83739],[-63.40803,82.81822],[-63.43399,82.75145],[-63.85306,82.72163],[-62.92825,82.57079],[-63.37332,82.44103],[-62.8699,82.51679],[-62.72903,82.48888],[-62.73929,82.52342],[-62.17471,82.52985],[-62.35228,82.48204],[-61.57889,82.48888],[-61.08548,82.33116]]],[[[-60.08088,45.79243],[-60.72688,45.56562],[-61.45531,45.70991],[-61.54113,46.04047],[-60.60326,47.03364],[-60.30553,46.83389],[-60.42691,46.284],[-61.14761,45.70791],[-60.73249,45.68439],[-60.28352,46.32754],[-60.29027,46.15619],[-59.81054,46.16987],[-60.08088,45.79243]]],[[[-62.00402,46.46406],[-62.75072,45.95075],[-62.963,46.32001],[-63.60212,46.21686],[-64.41682,46.68277],[-63.99706,47.06733],[-63.93562,46.47834],[-62.00402,46.46406]]],[[[-64.3192,49.79125],[-64.51057,49.86807],[-64.21369,49.95234],[-63.12409,49.78388],[-61.66076,49.15103],[-63.09333,49.2329],[-64.3192,49.79125]]],[[[-80.75935,52.91918],[-80.71768,52.69497],[-82.06265,53.02277],[-81.17422,53.21235],[-80.75935,52.91918]]],[[[-79.54589,56.04377],[-80.02571,55.90034],[-79.47082,56.55207],[-79.40933,56.22248],[-79.20396,56.68498],[-78.88183,56.32559],[-79.20328,55.85944],[-78.98021,56.39203],[-79.28588,55.86628],[-79.14098,56.22679],[-79.46935,55.87938],[-79.78612,55.79047],[-79.54589,56.04377]]]]}},{"type":"Feature","properties":{"iso_a2":"mx","iso_a3":"MEX","admin":"Mexico","name":"Mexico"},"geometry":{"type":"MultiPolygon","coordinates":[[[[-97.13927,25.96581],[-97.89098,22.5961],[-97.15054,20.64704],[-95.85204,18.71678],[-95.19005,18.70515],[-94.46695,18.14423],[-92.40514,18.67106],[-91.48648,18.43643],[-91.182,18.65656],[-91.23721,18.95759],[-91.50528,18.81656],[-90.74242,19.34296],[-90.19945,21.11416],[-88.12946,21.61603],[-87.04332,21.60212],[-86.74157,21.16413],[-87.7412,19.6717],[-87.41275,19.57762],[-87.84455,18.19668],[-88.03629,18.87499],[-88.87137,17.89095],[-90.9909,17.80196],[-90.99199,17.25192],[-91.4425,17.23797],[-90.39492,16.41921],[-90.43742,16.09886],[-91.73985,16.06099],[-92.2261,14.54935],[-93.8981,16.08893],[-94.85208,16.4289],[-95.06383,16.26826],[-94.76696,16.19868],[-96.23664,15.68333],[-97.77272,15.97945],[-101.05903,17.26424],[-101.98988,17.97475],[-103.36164,18.26682],[-104.99364,19.34219],[-105.69868,20.40691],[-105.24364,20.58356],[-105.5449,20.7681],[-105.18497,21.44302],[-105.72354,22.52839],[-107.79235,24.49404],[-107.52969,24.52192],[-107.99519,24.64838],[-108.32787,25.11115],[-108.00353,25.03144],[-109.11612,25.53632],[-108.83804,25.80463],[-109.41031,25.64615],[-109.08825,26.29043],[-110.52233,27.29035],[-110.51329,27.8732],[-111.10502,27.93537],[-112.16651,28.96673],[-113.2329,31.28803],[-115.02945,31.97093],[-114.6603,30.18325],[-112.8463,28.44108],[-112.77322,27.8639],[-111.78427,26.5718],[-111.85142,26.88028],[-111.56006,26.69565],[-110.60989,24.25373],[-110.23261,24.34321],[-109.46802,23.55514],[-109.51618,23.12528],[-110.02748,22.91616],[-110.30736,23.54103],[-112.08804,24.77338],[-112.17894,25.95518],[-113.21581,26.74445],[-113.14574,26.97012],[-113.63714,26.72553],[-115.02268,27.74029],[-113.95328,27.65567],[-114.27645,27.90115],[-114.06823,28.51801],[-115.69756,29.75583],[-117.12512,32.53167],[-114.72428,32.71284],[-114.82211,32.50024],[-111.00627,31.32719],[-108.21481,31.32744],[-108.21512,31.77775],[-106.42895,31.75848],[-104.93434,30.61054],[-104.51664,29.65432],[-103.38663,29.0288],[-102.32101,29.89394],[-101.4051,29.77844],[-99.51501,27.5886],[-99.10643,26.42304],[-97.13927,25.96581]]]]}},{"type":"Feature","properties":{"iso_a2":"bz","iso_a3":"BLZ","admin":"Belize","name":"Belize"},"geometry":{"type":"MultiPolygon","coordinates":[[[[-89.19314,16.39263],[-89.15393,17.94108],[-88.30382,18.48135],[-88.08357,18.21011],[-88.34484,16.52456],[-88.95188,15.87965],[-89.23651,15.89391],[-89.19314,16.39263]]]]}},{"type":"Feature","properties":{"iso_a2":"pa","iso_a3":"PAN","admin":"Panama","name":"Panama"},"geometry":{"type":"MultiPolygon","coordinates":[[[[-82.5736,9.5762],[-82.24303,9.00446],[-81.77554,8.94025],[-81.8828,9.17951],[-81.30446,8.78188],[-79.63034,9.60847],[-78.97058,9.57331],[-77.8601,9.11042],[-77.16327,7.93926],[-77.57999,7.52838],[-77.76421,7.70573],[-77.91881,7.24164],[-78.43615,8.05829],[-78.13248,8.40534],[-77.73721,8.13032],[-78.13443,8.56171],[-78.41564,8.35627],[-79.05248,9.13084],[-80.47025,8.22065],[-80.01785,7.45681],[-80.86181,7.20571],[-81.05358,7.9112],[-81.4241,7.67105],[-82.18444,8.34321],[-82.89763,8.03475],[-82.9417,9.45635],[-82.5736,9.5762]]]]}},{"type":"Feature","properties":{"iso_a2":"ve","iso_a3":"VEN","admin":"Venezuela","name":"Venezuela"},"geometry":{"type":"MultiPolygon","coordinates":[[[[-60.02098,8.55801],[-59.82929,8.2451],[-60.73058,7.52543],[-60.30357,7.05414],[-61.12983,6.71584],[-61.39671,5.94558],[-60.61263,4.90058],[-61.56727,4.24853],[-62.74436,4.03402],[-62.88941,3.56082],[-64.79162,4.28442],[-64.20298,3.59472],[-64.04797,2.47132],[-63.37264,2.26684],[-65.54266,0.64931],[-65.59604,0.98361],[-66.28507,0.74585],[-66.87506,1.22251],[-67.18972,2.39438],[-67.85593,2.78975],[-67.30945,3.38393],[-67.87505,4.53264],[-67.44996,6.19794],[-69.2461,6.08066],[-70.1292,6.97255],[-71.99382,7.01286],[-72.4787,7.48445],[-72.33576,8.1039],[-72.79103,9.11394],[-73.39084,9.1945],[-72.49932,11.12079],[-71.35763,11.8508],[-71.96052,11.59125],[-71.57628,10.7211],[-72.12438,9.82608],[-71.70857,9.07673],[-71.24104,9.15575],[-71.03563,9.74409],[-71.58312,10.80923],[-70.1616,11.56854],[-69.79491,11.43671],[-70.30199,11.85814],[-70.01773,12.19892],[-69.62361,11.46776],[-68.40331,11.20026],[-68.12955,10.48774],[-66.27587,10.65217],[-65.08397,10.04751],[-63.65502,10.49453],[-64.27074,10.67267],[-61.84577,10.74095],[-62.92333,10.53083],[-63.00398,10.27538],[-62.62658,10.1308],[-63.01,10.09321],[-62.57995,10.22443],[-62.21569,9.63793],[-62.19648,10.01968],[-61.74332,9.59638],[-61.63674,9.89877],[-60.86229,9.45612],[-61.20946,8.60904],[-61.59874,8.55549],[-60.02098,8.55801]]]]}},{"type":"Feature","properties":{"iso_a2":"pg","iso_a3":"PNG","admin":"Papua New Guinea","name":"Papua New Guinea"},"geometry":{"type":"MultiPolygon","coordinates":[[[[140.97446,-2.60052],[144.51344,-3.81756],[145.80144,-4.84246],[145.75961,-5.47698],[147.5114,-6.00026],[147.85402,-6.69101],[146.96266,-6.747],[147.18849,-7.46258],[148.14633,-8.04567],[148.58562,-9.06406],[149.30934,-9.01702],[149.22657,-9.48675],[150.01222,-9.64218],[149.8545,-10.01491],[150.87403,-10.22471],[150.36647,-10.32692],[150.68735,-10.56756],[147.71681,-10.09808],[146.09986,-8.08327],[144.52231,-7.49619],[144.21485,-7.79599],[143.64625,-7.43841],[143.9568,-7.97226],[143.36402,-7.89642],[143.61248,-8.23919],[142.14617,-8.21738],[143.39527,-8.76873],[142.6526,-9.33026],[140.97698,-9.10613],[140.97446,-2.60052]]],[[[155.93344,-6.6408],[155.33009,-6.71966],[154.70021,-5.43108],[155.93344,-6.6408]]],[[[152.41798,-4.34531],[152.29184,-4.93548],[151.97438,-4.98415],[152.09889,-5.45574],[150.4651,-6.27402],[149.05291,-6.16172],[148.32895,-5.68377],[148.42994,-5.44476],[149.91147,-5.51507],[150.11256,-5.00774],[150.16131,-5.54665],[150.917,-5.48642],[151.67897,-4.90016],[151.54029,-4.17669],[152.41798,-4.34531]]],[[[153.13722,-4.26946],[152.89772,-4.84832],[152.28859,-3.56976],[150.81267,-2.55584],[153.13722,-4.26946]]]]}},{"type":"Feature","properties":{"iso_a2":"eg","iso_a3":"EGY","admin":"Egypt","name":"Egypt"},"geometry":{"type":"MultiPolygon","coordinates":[[[[34.24835,31.21145],[34.88673,29.49006],[34.25734,27.72858],[33.22869,28.5694],[32.57781,30.01142],[32.33766,29.59247],[33.55437,27.89647],[35.14456,24.50021],[35.79253,23.90229],[35.49122,23.94758],[35.62109,23.13929],[35.21209,22.78626],[35.62109,23.13929],[36.88364,21.99571],[31.43548,21.99535],[31.42328,22.22696],[31.24841,21.99437],[24.98125,21.99535],[24.98125,29.18137],[24.68865,30.18276],[25.08842,31.61352],[27.32065,31.38101],[29.02809,30.82705],[31.09742,31.6079],[31.94484,31.52094],[32.19955,31.29507],[31.8895,31.53205],[31.76694,31.28465],[32.10646,31.05337],[32.20704,31.29507],[32.92726,31.15542],[32.70069,31.03872],[34.24835,31.21145]]]]}},{"type":"Feature","properties":{"iso_a2":"ye","iso_a3":"YEM","admin":"Yemen","name":"Yemen"},"geometry":{"type":"MultiPolygon","coordinates":[[[[51.97861,18.99564],[53.09034,16.6424],[52.29273,16.26382],[52.22836,15.61612],[49.37241,14.64981],[48.69581,14.04361],[45.66578,13.34199],[45.0586,12.76203],[43.46803,12.68391],[42.93727,14.94847],[42.61012,15.2436],[43.30307,17.45904],[46.7101,17.27538],[47.16134,16.94744],[48.16195,18.14892],[49.03585,18.57972],[51.97861,18.99564]]]]}},{"type":"Feature","properties":{"iso_a2":"mr","iso_a3":"MRT","admin":"Mauritania","name":"Mauritania"},"geometry":{"type":"MultiPolygon","coordinates":[[[[-8.68239,27.28542],[-4.82161,24.99507],[-6.59311,24.99413],[-5.62335,16.52783],[-5.35329,16.31198],[-5.51095,15.4942],[-9.35645,15.69785],[-9.42389,15.44053],[-10.72536,15.43306],[-10.91517,15.1029],[-11.52438,15.64346],[-12.07039,14.7344],[-14.40663,16.66079],[-16.27381,16.52318],[-16.54235,15.80882],[-16.03523,18.14143],[-16.53547,19.38081],[-16.20226,20.2333],[-16.91759,21.15917],[-17.05687,20.76691],[-16.96834,21.32459],[-13.01525,21.33343],[-13.15229,22.82],[-12.01934,23.461],[-12.01531,25.9949],[-8.68766,26.00002],[-8.68239,27.28542]]]]}},{"type":"Feature","properties":{"iso_a2":"gq","iso_a3":"GNQ","admin":"Equatorial Guinea","name":"Eq. Guinea"},"geometry":{"type":"MultiPolygon","coordinates":[[[[9.79957,2.34174],[11.32208,2.16576],[11.33634,0.99917],[9.39649,1.11148],[9.79957,2.34174]]]]}},{"type":"Feature","properties":{"iso_a2":"gm","iso_a3":"GMB","admin":"Gambia","name":"Gambia"},"geometry":{"type":"Polygon","coordinates":[[[-16.75365,13.06501],[-16.67882,13.49616],[-16.41942,13.2082],[-15.3048,13.45531],[-16.41198,13.33853],[-16.5614,13.58691],[-15.0977,13.81998],[-13.81871,13.42936],[-14.36883,13.23571],[-15.13765,13.58997],[-16.75365,13.06501]]]}},{"type":"Feature","properties":{"iso_a2":"hk","iso_a3":"HKG","admin":"Hong Kong S.A.R.","name":"Hong Kong"},"geometry":{"type":"MultiPolygon","coordinates":[[[[114.22983,22.55581],[114.29672,22.25829],[113.9144,22.37612],[114.22983,22.55581]]]]}},{"type":"Feature","properties":{"iso_a2":"va","iso_a3":"VAT","admin":"Vatican","name":"Vatican"},"geometry":{"type":"Polygon","coordinates":[[[12.45314,41.90275],[12.45271,41.90302],[12.45277,41.90344],[12.45303,41.90391],[12.45398,41.90386],[12.45404,41.90275],[12.45314,41.90275]]]}},{"type":"Feature","properties":{"iso_a2":"kz","iso_a3":"KAB","admin":"Baykonur Cosmodrome","name":"Baikonur"},"geometry":{"type":"Polygon","coordinates":[[[63.38391,45.56582],[62.80064,45.97833],[63.38391,46.39084],[63.96713,45.97833],[63.38391,45.56582]]]}},{"type":"Feature","properties":{"iso_a2":"aq","iso_a3":"ATA","admin":"Antarctica","name":"Antarctica"},"geometry":{"type":"MultiPolygon","coordinates":[[[[-51.73064,-82.06256],[-50.76317,-81.95875],[-50.55793,-81.99383],[-48.38036,-81.89031],[-47.38044,-81.92352],[-47.58458,-82.02044],[-47.25552,-82.0722],[-46.2792,-81.90976],[-45.94884,-82.12575],[-46.68879,-82.40545],[-46.05362,-82.55486],[-45.71939,-82.44362],[-45.52042,-82.52662],[-44.53722,-82.3803],[-44.13707,-82.24472],[-44.08495,-82.40244],[-43.35318,-82.20941],[-43.16564,-81.886],[-41.9414,-81.61142],[-41.75845,-81.40692],[-41.0467,-81.18141],[-40.39802,-81.16985],[-38.79113,-80.85955],[-37.2303,-81.08929],[-36.81697,-80.97503],[-36.59073,-81.00498],[-36.45788,-80.93467],[-36.03319,-80.92067],[-35.21496,-80.69541],[-35.35839,-80.61533],[-33.47619,-80.61541],[-33.17756,-80.55462],[-33.46475,-80.49765],[-32.93151,-80.5416],[-32.03051,-80.43523],[-30.35021,-80.49993],[-31.31949,-80.30885],[-29.92418,-80.28436],[-29.76081,-80.17555],[-24.25414,-80.07594],[-24.06859,-80.00994],[-22.90563,-79.98284],[-22.53246,-79.91709],[-24.26203,-79.82236],[-24.25621,-79.7151],[-24.72985,-79.782],[-30.67325,-79.58807],[-29.54137,-79.28004],[-30.52473,-79.28639],[-29.98965,-79.09148],[-30.29752,-79.03729],[-30.5736,-79.10589],[-32.82018,-79.24391],[-34.21813,-79.13812],[-34.25845,-79.07659],[-36.25133,-78.85166],[-36.44115,-78.61126],[-36.01309,-78.21054],[-35.58096,-78.15049],[-35.31286,-77.84442],[-34.49966,-77.85198],[-34.7115,-77.62949],[-33.7211,-77.31097],[-32.50064,-77.12615],[-31.91503,-77.15081],[-31.69612,-76.97666],[-30.66137,-76.85166],[-30.15347,-76.63535],[-28.85912,-76.35329],[-24.21373,-75.75644],[-22.53336,-75.64202],[-21.26964,-75.71429],[-20.39948,-75.4721],[-19.24047,-75.54843],[-18.98713,-75.4428],[-18.25137,-75.46022],[-18.86486,-75.22894],[-17.80215,-74.77654],[-17.96569,-74.63787],[-17.62316,-74.58522],[-17.57079,-74.36956],[-16.59728,-74.30739],[-15.63903,-74.43084],[-15.19555,-74.36053],[-15.30211,-74.22145],[-14.36181,-73.85768],[-14.71764,-73.78053],[-15.68627,-73.9485],[-16.517,-73.88519],[-15.82575,-73.78867],[-16.58324,-73.68629],[-16.54357,-73.46868],[-15.56656,-73.07928],[-13.93639,-73.1137],[-14.39074,-72.71315],[-13.37938,-72.83611],[-12.57897,-72.58465],[-11.38752,-72.41806],[-10.84716,-71.78086],[-11.9879,-71.67946],[-12.38073,-71.39544],[-11.80651,-71.25986],[-11.65111,-71.40976],[-10.75813,-71.57741],[-10.65347,-71.32496],[-9.98876,-71.11932],[-10.42516,-71.01922],[-10.26684,-70.93141],[-9.05451,-71.20672],[-9.12682,-71.41562],[-8.82421,-71.4275],[-8.74649,-71.70078],[-8.42862,-71.7304],[-8.16259,-71.57659],[-8.09118,-71.65765],[-7.58869,-71.61199],[-7.5642,-71.15057],[-7.91222,-70.84368],[-7.28429,-70.79119],[-6.61828,-70.92401],[-6.01358,-70.67978],[-5.56664,-70.84173],[-6.14977,-71.36631],[-3.93757,-71.36745],[-3.93716,-71.29412],[-3.49218,-71.52272],[-3.29015,-71.28721],[-2.9912,-71.3611],[-2.67748,-71.25742],[-2.1068,-71.48545],[-1.39538,-71.44346],[-1.13756,-71.2553],[-0.81282,-71.37754],[-0.95214,-71.62363],[-0.51846,-71.76523],[0.23219,-71.34987],[2.5197,-70.90057],[5.02076,-70.63698],[7.66831,-70.51816],[7.47902,-70.18987],[7.89356,-70.17742],[7.93043,-70.47235],[8.44313,-70.48235],[9.13673,-70.37542],[8.89845,-70.18548],[9.29428,-70.07879],[9.97926,-70.45355],[11.23756,-70.75701],[11.85353,-70.78151],[12.32203,-70.37029],[13.04103,-70.23447],[12.44459,-70.07025],[12.96925,-70.04616],[13.84881,-70.34783],[15.03688,-70.29095],[15.82691,-70.37762],[15.96258,-70.18963],[16.57732,-70.13144],[16.50514,-70.4542],[18.09376,-70.54241],[18.49822,-70.50254],[18.25278,-70.32594],[18.94166,-70.17099],[19.29664,-70.3681],[18.93092,-70.73602],[19.56739,-70.94606],[21.20118,-70.81219],[21.74562,-70.22617],[22.57927,-70.54022],[21.82643,-70.65504],[22.32691,-70.75945],[23.29265,-70.82122],[23.75245,-70.4026],[24.1089,-70.40944],[24.55519,-70.84678],[26.44565,-71.0324],[26.92628,-70.92392],[27.27508,-70.98968],[27.20281,-70.84499],[28.45167,-70.69402],[29.84116,-70.31129],[32.74529,-70.01344],[33.0005,-69.50482],[32.50571,-68.90309],[33.21599,-68.66961],[34.30063,-68.68816],[34.37127,-68.80633],[33.60369,-69.05242],[34.61997,-69.07073],[35.1255,-69.25953],[35.24399,-69.73561],[36.70574,-69.62981],[37.03631,-69.88665],[37.78631,-69.6819],[38.24073,-69.76653],[38.21974,-70.02402],[38.94028,-70.20468],[38.80356,-69.98773],[39.19264,-69.89251],[39.16147,-69.72666],[39.77866,-69.61142],[39.85792,-68.82952],[42.53614,-68.37957],[42.82862,-68.09645],[44.80323,-67.97633],[44.61801,-67.86045],[44.97315,-67.73113],[45.40382,-67.69508],[45.58277,-67.8244],[46.21697,-67.65301],[46.40162,-67.74537],[46.62273,-67.59002],[46.23455,-67.44866],[46.47999,-67.27532],[47.44109,-67.40944],[46.91961,-67.50652],[47.32716,-67.5665],[47.09376,-67.70517],[47.63445,-67.66033],[47.35865,-67.77313],[47.91131,-67.64902],[48.4546,-67.73016],[48.17115,-67.88885],[48.38266,-68.02337],[48.71811,-67.72926],[48.58204,-67.47479],[49.40528,-67.22332],[48.47584,-67.18808],[48.3611,-67.01637],[49.21648,-66.81894],[49.15992,-67.00091],[49.88282,-67.07822],[49.69752,-67.28851],[50.14772,-67.11533],[50.8812,-67.21624],[50.42775,-66.96258],[50.82984,-66.77467],[50.23951,-66.7431],[50.42449,-66.33782],[51.77215,-66.03721],[53.79021,-65.84539],[55.18344,-65.93092],[56.3991,-66.46266],[56.80779,-66.40545],[57.2378,-66.54746],[57.28142,-66.70875],[57.01466,-66.72926],[55.99187,-66.58571],[56.7068,-66.89967],[56.27166,-66.87567],[56.3672,-67.01019],[55.76222,-67.20762],[56.15349,-67.19606],[56.17066,-67.40895],[56.55844,-67.1098],[57.59352,-66.98992],[58.13648,-67.0984],[58.04689,-67.22503],[58.91586,-67.1775],[59.01987,-67.30495],[58.59376,-67.29852],[59.51295,-67.60638],[59.65748,-67.39723],[60.46664,-67.36981],[61.24318,-67.59051],[62.61736,-67.66009],[63.65089,-67.50335],[68.37672,-67.8952],[69.63901,-67.76328],[69.63478,-68.12217],[70.1797,-68.49481],[69.28126,-68.83131],[69.8576,-68.87249],[69.30388,-69.0473],[69.74008,-69.29608],[68.74203,-69.38925],[68.73341,-69.55088],[69.35523,-69.61712],[68.88266,-69.7409],[69.20688,-69.79795],[69.02223,-69.9485],[68.5726,-70.02093],[68.17701,-69.71966],[67.21795,-70.26279],[67.71274,-70.27549],[67.97609,-70.4542],[68.56267,-70.47243],[68.92351,-70.30462],[69.2575,-70.43157],[68.8965,-71.03623],[68.05502,-71.35467],[67.26222,-72.08123],[66.97739,-72.92645],[66.32594,-73.13144],[66.55836,-73.23154],[67.1006,-73.19785],[67.22316,-73.31243],[68.02231,-73.14674],[67.92107,-72.69305],[68.33277,-72.5075],[69.55926,-72.46396],[69.85694,-72.11932],[70.7295,-71.94606],[70.44695,-71.83017],[71.53981,-71.61028],[71.15821,-71.45615],[71.72682,-70.77402],[72.85279,-70.44476],[72.6395,-70.16025],[73.40553,-69.79754],[73.70485,-69.86248],[74.07488,-69.71266],[74.30275,-69.91961],[74.71746,-69.83538],[75.09107,-69.93711],[75.27524,-69.81048],[75.43824,-69.93743],[75.91627,-69.78281],[75.82049,-69.52508],[77.84164,-69.13006],[77.98561,-68.82008],[78.66993,-68.6985],[78.46168,-68.48553],[78.74659,-68.26247],[82.05942,-67.67181],[83.61598,-67.63836],[83.38673,-67.44655],[84.43873,-67.11598],[85.61647,-67.18817],[87.96567,-66.77028],[90.39869,-66.81959],[91.08611,-66.57806],[91.96013,-66.49822],[92.76027,-66.63388],[93.62355,-66.58262],[93.73927,-66.74717],[94.91717,-66.47536],[95.55616,-66.71063],[97.08074,-66.49228],[97.69532,-66.67864],[98.5276,-66.44899],[98.53981,-66.62274],[99.06935,-66.48992],[98.71648,-66.64276],[98.82618,-66.90993],[99.52955,-66.55739],[99.56023,-66.67205],[100.27963,-66.43108],[100.50001,-66.51873],[100.47055,-66.39739],[101.47625,-66.05836],[101.16871,-66.02947],[101.33644,-65.94402],[102.71371,-65.86126],[107.77914,-66.55169],[107.70981,-66.84759],[108.20704,-66.62672],[108.85865,-66.97137],[109.60987,-66.91969],[110.41765,-66.65594],[110.74415,-66.71453],[110.48902,-66.30877],[110.92709,-66.05462],[113.20362,-65.7654],[114.42986,-66.22601],[114.32244,-66.50905],[115.11345,-66.47812],[115.78077,-66.78826],[115.38738,-67.00384],[114.03012,-67.19069],[113.70436,-67.50018],[116.3589,-67.14967],[116.94288,-66.94818],[116.88307,-67.13681],[117.71412,-67.17181],[118.42807,-67.03183],[118.29005,-67.18157],[118.85523,-67.18719],[120.40162,-66.945],[118.73219,-67.2789],[118.95672,-67.42246],[124.01515,-66.5888],[124.71681,-66.75921],[125.91912,-66.30299],[126.37232,-66.56162],[126.43043,-66.35467],[126.85426,-66.44931],[126.56951,-66.66579],[126.81918,-66.69134],[126.68214,-66.84539],[127.06275,-66.84873],[127.08139,-67.13543],[127.36362,-66.93108],[127.40113,-67.06756],[128.07456,-67.02239],[128.52052,-67.14577],[128.76352,-67.02581],[129.06463,-67.17441],[129.72169,-66.43825],[130.70484,-66.14959],[131.75782,-66.24334],[133.79233,-66.1054],[134.42652,-66.31146],[134.10939,-66.50457],[134.35011,-66.51995],[135.17848,-66.33148],[135.34303,-66.10068],[135.62965,-66.34743],[136.12843,-66.23553],[136.65675,-66.54078],[136.73601,-66.34873],[137.45786,-66.34482],[138.14161,-66.49871],[138.13331,-66.62396],[139.25172,-66.56715],[139.86703,-66.69183],[139.82277,-66.79697],[141.9817,-66.79998],[142.47706,-67.02597],[143.50831,-66.84466],[143.86101,-66.91969],[143.75148,-67.13942],[144.11476,-67.17742],[144.51246,-67.01572],[143.88071,-67.93385],[144.24871,-67.95436],[145.2798,-67.51572],[145.6159,-67.73707],[146.04811,-67.5866],[146.30095,-67.85133],[146.52898,-67.77028],[146.41017,-67.95175],[146.87281,-67.9376],[146.60231,-68.17848],[147.06471,-68.03875],[146.71803,-68.3034],[147.10792,-68.29404],[147.03045,-68.41562],[149.39031,-68.38437],[149.78492,-68.48691],[149.73569,-68.35247],[150.37794,-68.43987],[150.95655,-68.34295],[151.16359,-68.87762],[151.56691,-68.91676],[151.57325,-68.69256],[151.92384,-68.66676],[153.09303,-68.87916],[153.84498,-68.76043],[153.87843,-68.27899],[154.71852,-68.52825],[154.51832,-68.80397],[154.79469,-68.71087],[155.63754,-69.13421],[155.7754,-68.94687],[156.35011,-69.20192],[157.13982,-69.16131],[157.42254,-69.43719],[157.53346,-69.23203],[157.90528,-69.16953],[158.81715,-69.31634],[159.10011,-69.51287],[159.23536,-69.42791],[159.77328,-69.50652],[160.33448,-69.79608],[159.78004,-69.87461],[159.87827,-69.99041],[160.75978,-70.10198],[161.45167,-70.68597],[161.36118,-70.90097],[161.93295,-70.90732],[162.34083,-71.10947],[161.99789,-70.43841],[162.09441,-70.31414],[162.59523,-70.26914],[163.17026,-70.58758],[163.86655,-70.62656],[163.89503,-70.782],[164.24041,-70.49114],[165.92579,-70.68426],[166.36948,-70.58392],[166.83741,-70.67669],[166.47071,-70.76629],[167.70086,-70.79127],[167.87013,-70.92392],[167.18328,-71.03094],[167.87794,-71.01434],[168.10133,-71.10849],[167.75994,-71.22796],[168.66977,-71.18279],[170.18279,-71.67441],[170.2824,-71.29876],[170.96607,-71.83465],[170.5853,-72.00742],[170.33399,-71.80088],[169.77263,-72.22015],[169.88527,-72.42995],[170.2824,-72.32635],[170.25538,-72.60296],[168.31617,-72.37363],[169.93246,-72.73593],[169.58229,-73.0805],[169.17221,-73.10312],[169.21461,-73.27646],[168.39405,-72.97194],[168.33416,-73.16546],[167.1714,-73.15301],[166.58286,-72.88201],[166.34083,-72.9039],[166.76677,-73.06487],[166.7776,-73.36533],[167.09523,-73.25213],[167.92937,-73.35866],[167.62289,-73.35914],[167.71648,-73.44687],[167.24968,-73.40545],[167.43474,-73.50319],[166.98927,-73.4651],[166.84913,-73.59051],[166.74732,-73.48642],[166.45143,-73.59271],[166.09343,-73.49342],[166.21852,-73.56618],[165.82545,-73.59832],[166.2942,-73.72576],[166.14438,-73.81341],[165.58302,-73.80511],[165.65187,-73.91367],[165.19898,-73.85906],[165.03199,-73.4109],[165.35816,-73.34002],[164.52613,-73.33017],[164.89381,-73.48349],[164.87086,-73.93157],[165.30885,-74.03037],[164.41082,-73.94329],[164.81821,-74.04022],[165.43474,-74.629],[165.17693,-74.5263],[164.8484,-74.58522],[164.34083,-74.50213],[163.68474,-74.61565],[163.4699,-74.34197],[163.09864,-74.41888],[163.04526,-74.70778],[162.813,-74.60377],[162.36378,-74.84157],[162.78614,-74.99],[162.59523,-75.22373],[162.26254,-75.27117],[161.77638,-75.1889],[160.58237,-75.37835],[162.19109,-75.38779],[162.30665,-75.52939],[162.02955,-75.57415],[162.90008,-75.82293],[162.54054,-75.92181],[162.73609,-76.07391],[162.39422,-76.05983],[162.0923,-76.20224],[162.32944,-76.2763],[162.75148,-76.23512],[162.88429,-76.43906],[162.42319,-76.63926],[162.84311,-76.66473],[162.97462,-76.78973],[162.30177,-76.95135],[163.16285,-77.04363],[163.82407,-77.43084],[163.44011,-77.66855],[164.24334,-77.78191],[163.72853,-77.87916],[164.54412,-77.87493],[164.40113,-78.08603],[163.84205,-78.22698],[164.63966,-78.32562],[165.09718,-78.254],[165.49439,-78.01865],[165.33709,-78.19891],[165.73023,-78.39959],[167.05812,-78.50905],[167.22779,-78.6692],[166.54672,-78.71201],[166.08961,-78.56683],[164.40968,-78.60394],[163.48471,-78.78192],[163.06495,-78.73691],[162.62159,-78.94524],[162.48194,-78.77898],[161.76051,-78.61045],[161.82398,-78.48121],[161.55291,-78.50555],[161.52076,-78.79534],[162.06544,-79.06862],[161.49342,-79.01963],[161.34889,-78.91497],[161.00367,-78.93369],[161.13038,-79.04941],[160.69508,-79.03753],[160.38697,-79.16814],[161.03419,-79.47479],[160.62355,-79.44997],[160.1408,-79.57855],[159.63502,-79.52565],[159.8755,-79.66204],[160.84051,-79.61842],[159.4961,-79.81951],[159.82195,-79.92571],[160.32887,-79.86126],[160.85092,-79.95745],[161.47055,-79.90162],[158.7824,-80.25897],[158.19125,-80.44443],[158.5879,-80.47698],[160.81267,-80.39495],[160.98992,-80.52264],[160.62403,-80.47047],[160.61207,-80.54681],[159.75416,-80.57073],[160.2601,-80.67881],[160.85743,-80.61045],[161.17994,-80.63779],[161.00929,-80.75856],[161.34645,-80.78436],[159.5783,-80.768],[159.49757,-80.84303],[160.87615,-80.91465],[160.6408,-80.93426],[160.90748,-80.99285],[160.54737,-81.00677],[160.82447,-81.09824],[160.54152,-81.11924],[160.60865,-81.19313],[161.14243,-81.2444],[160.91944,-81.2702],[160.13201,-81.20371],[160.62623,-81.31666],[160.30779,-81.37982],[161.07277,-81.38486],[160.88982,-81.47088],[161.45411,-81.42352],[161.47145,-81.48968],[161.01148,-81.54876],[162.47934,-81.68914],[162.62037,-81.75433],[162.26979,-81.83799],[162.76791,-81.8484],[162.89373,-81.80722],[163.10222,-81.87371],[162.61036,-81.91229],[163.03484,-81.9402],[163.91676,-82.19012],[163.83871,-82.23105],[160.63966,-82.42295],[160.80209,-82.49196],[162.52866,-82.47666],[163.43946,-82.54518],[163.28004,-82.42637],[164.67319,-82.3388],[165.23015,-82.39284],[165.55926,-82.49342],[165.3733,-82.60613],[166.22682,-82.64365],[166.53826,-82.78151],[166.90577,-82.75758],[167.30649,-82.81707],[167.16652,-82.90032],[167.40846,-82.92498],[167.06276,-82.95615],[167.45802,-82.98113],[167.42416,-83.02606],[167.73862,-83.0556],[168.11899,-82.96111],[168.62338,-83.00604],[168.79624,-83.18377],[168.07691,-83.18385],[168.53419,-83.23366],[168.41521,-83.26686],[166.99879,-83.19915],[168.03468,-83.30706],[168.03175,-83.35963],[168.47446,-83.35296],[168.6609,-83.39715],[169.38347,-83.33685],[169.46616,-83.44736],[169.62965,-83.36907],[170.40333,-83.49163],[170.75408,-83.42636],[171.19313,-83.44557],[171.57691,-83.50026],[170.92433,-83.53428],[170.9782,-83.56178],[171.33123,-83.55543],[171.95973,-83.62021],[172.00115,-83.71689],[172.82065,-83.6679],[173.72136,-83.7636],[173.40903,-83.87811],[174.97389,-83.8305],[175.44313,-83.90325],[175.30104,-83.98447],[175.67774,-83.9616],[177.53517,-84.05788],[178.21795,-84.14463],[178.5276,-84.12135],[178.48015,-84.17913],[179.35499,-84.19736],[180.0,-84.3528],[180.0,-85.05],[-180.0,-85.05],[-180.0,-84.3528],[-178.29756,-84.30771],[-177.7047,-84.41839],[-177.1068,-84.38356],[-176.06432,-84.39593],[-176.51061,-84.43548],[-175.88134,-84.54746],[-175.24889,-84.49749],[-175.17805,-84.41481],[-168.25471,-84.64821],[-168.01862,-84.78102],[-167.50825,-84.81194],[-167.44176,-84.86745],[-166.9112,-84.82024],[-162.99409,-84.91416],[-162.84895,-84.88307],[-159.36864,-85.05],[-155.50398,-85.05],[-156.46055,-85.0467],[-157.6372,-84.89723],[-155.78816,-84.90455],[-156.10973,-84.88535],[-155.70344,-84.87916],[-155.64265,-84.82781],[-158.38362,-84.78924],[-158.24958,-84.76719],[-163.86286,-84.5499],[-164.09663,-84.48056],[-163.26549,-84.49179],[-163.66023,-84.42913],[-165.1942,-84.43467],[-166.42345,-84.37029],[-165.50463,-84.39861],[-165.40974,-84.36452],[-163.00109,-84.36297],[-164.15669,-84.29209],[-164.1903,-84.22552],[-165.15441,-84.13795],[-165.00971,-84.05674],[-163.70283,-84.0499],[-163.99389,-83.93906],[-165.51439,-83.7457],[-166.06823,-83.81797],[-167.67919,-83.77011],[-167.29955,-83.83782],[-168.08259,-83.77956],[-168.25951,-83.74359],[-167.6772,-83.74424],[-168.33747,-83.6928],[-168.58263,-83.53037],[-169.04992,-83.50807],[-168.7799,-83.47568],[-171.74096,-83.22723],[-170.95665,-83.26189],[-174.02758,-82.91522],[-174.36962,-82.7789],[-173.18102,-82.91644],[-172.74177,-82.91839],[-172.51244,-82.86989],[-171.40831,-82.95379],[-170.71947,-83.19695],[-169.59968,-83.31048],[-169.73457,-83.2444],[-168.0858,-83.25555],[-168.00939,-83.2081],[-165.08629,-83.20208],[-164.61726,-83.50693],[-164.17732,-83.52711],[-164.16625,-83.39609],[-163.13398,-83.31553],[-162.37011,-83.424],[-162.16906,-83.52467],[-160.07002,-83.47918],[-159.19343,-83.54437],[-158.99987,-83.45713],[-157.55529,-83.39023],[-156.91767,-83.23016],[-158.46349,-83.16717],[-158.49718,-83.11793],[-155.59223,-83.04608],[-155.05879,-82.80194],[-152.54292,-82.54811],[-152.8968,-82.37412],[-154.83894,-81.94476],[-154.35192,-81.8235],[-153.75805,-81.77662],[-153.8164,-81.68125],[-154.99657,-81.48919],[-157.05671,-81.35133],[-157.09581,-81.26637],[-156.45014,-81.1487],[-147.628,-80.92018],[-147.62556,-80.84726],[-148.25202,-80.82252],[-148.40661,-80.74603],[-149.46166,-80.71917],[-148.8852,-80.70062],[-149.4455,-80.6832],[-149.03559,-80.66123],[-149.19026,-80.62656],[-148.25768,-80.63633],[-149.68049,-80.59002],[-149.66515,-80.52703],[-150.23591,-80.52801],[-150.42223,-80.42962],[-151.01159,-80.42946],[-149.96825,-80.39373],[-150.72578,-80.32041],[-150.72627,-80.21649],[-150.13374,-80.18572],[-150.3697,-80.07464],[-148.8341,-80.13128],[-148.54621,-80.07155],[-147.55476,-80.0512],[-148.45507,-80.02418],[-147.93497,-79.98545],[-148.9499,-79.97259],[-148.19429,-79.97129],[-148.99974,-79.86077],[-148.04377,-79.89023],[-147.97692,-79.93768],[-147.06713,-79.90862],[-147.89745,-79.90114],[-147.58519,-79.87461],[-148.14118,-79.81081],[-147.7731,-79.77947],[-150.44689,-79.55918],[-152.00377,-79.34246],[-151.69799,-79.25164],[-152.26488,-79.30918],[-152.41417,-79.26393],[-151.72008,-79.08375],[-152.25682,-79.07708],[-152.56444,-79.17506],[-152.70466,-79.11387],[-152.93501,-79.1701],[-154.9698,-79.03476],[-156.52827,-78.66367],[-156.05285,-78.49407],[-154.5229,-78.43401],[-154.13659,-78.24831],[-153.81505,-78.23317],[-154.39619,-78.13592],[-155.11999,-78.25701],[-155.04267,-78.15398],[-156.34801,-78.19988],[-156.62523,-78.14284],[-157.19957,-78.2527],[-158.34386,-77.97438],[-158.63996,-77.84857],[-158.11811,-77.55584],[-158.2202,-77.07366],[-157.84309,-77.07497],[-157.02184,-77.35866],[-156.46711,-77.26068],[-156.83357,-77.18768],[-156.59028,-77.1124],[-155.86555,-77.05975],[-155.47505,-77.1679],[-154.8944,-77.10369],[-153.53405,-77.25416],[-153.37902,-77.38079],[-153.86242,-77.44256],[-152.57543,-77.50205],[-152.3507,-77.30267],[-151.5146,-77.41644],[-149.97496,-77.81618],[-149.24531,-77.7575],[-149.78547,-77.62461],[-148.88451,-77.70721],[-148.81469,-77.56146],[-147.79308,-77.49033],[-149.04101,-77.3331],[-148.76972,-77.10475],[-147.84683,-77.26377],[-147.66145,-77.42303],[-147.71426,-77.35556],[-146.97619,-77.23593],[-146.37511,-77.50311],[-145.4628,-77.52321],[-145.95344,-77.23309],[-145.24596,-77.23235],[-146.38142,-77.00311],[-145.30997,-77.05869],[-145.96361,-76.85752],[-145.46264,-76.75164],[-146.10997,-76.70916],[-147.08169,-76.43279],[-148.45283,-76.50604],[-149.63976,-76.42995],[-149.60631,-76.3139],[-148.53966,-76.22828],[-148.64867,-76.1347],[-148.19709,-76.08709],[-146.25072,-76.42376],[-145.35464,-76.4345],[-146.49962,-76.08701],[-146.20922,-75.91546],[-144.2213,-75.82122],[-143.97183,-75.69606],[-144.35725,-75.62396],[-142.67943,-75.56178],[-142.46703,-75.43174],[-141.8614,-75.52117],[-141.52717,-75.76751],[-140.64647,-75.80722],[-141.29882,-75.50164],[-140.81965,-75.53094],[-140.27701,-75.43255],[-139.56664,-75.14805],[-137.74234,-75.06064],[-137.09488,-75.17986],[-136.34602,-75.17783],[-137.00988,-75.00986],[-136.8343,-74.76043],[-135.70181,-74.74733],[-135.3424,-74.56015],[-134.51862,-74.64324],[-134.4147,-74.85898],[-133.86555,-74.92832],[-132.09313,-74.76328],[-129.97509,-74.91326],[-127.24474,-74.68011],[-126.11343,-74.76149],[-124.36563,-74.70696],[-124.05134,-74.81113],[-121.77253,-74.78606],[-118.86705,-74.60247],[-118.61653,-74.52223],[-119.13825,-74.50335],[-119.06965,-74.43963],[-117.97082,-74.25807],[-117.78576,-74.51751],[-116.69347,-74.55787],[-116.0502,-74.49733],[-115.90673,-74.38543],[-115.64932,-74.53094],[-114.87434,-74.48162],[-115.12487,-74.0949],[-114.21003,-73.86346],[-113.95177,-73.91465],[-114.24234,-74.0783],[-113.61119,-74.02516],[-113.43961,-74.09971],[-113.94782,-74.25644],[-113.68517,-74.29656],[-113.80126,-74.45184],[-113.22509,-74.40211],[-114.357,-74.6959],[-113.82673,-74.71299],[-114.10578,-75.06894],[-112.91779,-74.87314],[-111.54263,-74.80153],[-111.92614,-74.5512],[-111.32555,-74.47552],[-111.88711,-74.31536],[-111.59264,-74.17246],[-110.79662,-74.32675],[-110.55492,-74.24407],[-110.10314,-74.5486],[-110.29442,-74.78191],[-111.57836,-75.12884],[-111.30419,-75.2409],[-109.86718,-75.23064],[-109.69286,-75.14609],[-106.5913,-75.3786],[-105.02648,-75.10784],[-104.55065,-75.16074],[-101.76073,-75.08294],[-101.65685,-75.30535],[-101.1127,-75.43206],[-98.77204,-75.32098],[-98.43432,-75.1334],[-99.37971,-75.11273],[-99.43847,-74.91326],[-100.53637,-74.88437],[-99.9193,-74.76979],[-100.11343,-74.63104],[-99.81672,-74.52606],[-101.3959,-74.5027],[-101.58922,-74.00018],[-102.84862,-73.92156],[-102.99865,-73.60963],[-100.63207,-73.78216],[-98.85009,-73.60418],[-99.58772,-73.52264],[-99.76806,-73.36419],[-102.87365,-73.3082],[-103.30671,-73.14715],[-103.42992,-72.84938],[-103.04141,-72.70762],[-102.09398,-72.77174],[-102.71691,-72.99774],[-102.07665,-72.97845],[-101.96032,-73.0556],[-100.76594,-72.97601],[-100.31827,-73.06878],[-99.85359,-72.99554],[-97.71744,-73.02532],[-97.87328,-73.19915],[-97.41885,-73.12493],[-95.84268,-73.33148],[-95.19376,-73.20908],[-94.13101,-73.3126],[-92.80138,-73.14276],[-91.07738,-73.3366],[-90.1608,-73.13974],[-89.23029,-73.11126],[-89.05407,-72.92913],[-89.3485,-72.63454],[-88.17349,-72.73211],[-88.71402,-73.11981],[-88.40689,-73.2706],[-87.34952,-73.16961],[-86.94652,-73.38356],[-85.67862,-73.1775],[-85.10147,-73.48707],[-83.7517,-73.56024],[-83.80932,-73.74131],[-82.93371,-73.71038],[-82.13707,-73.88974],[-81.18468,-73.7042],[-81.23469,-73.24798],[-80.19685,-73.40195],[-80.65099,-73.08441],[-80.49254,-72.9533],[-79.64745,-73.03867],[-78.78189,-73.33799],[-78.84496,-73.60882],[-76.84667,-73.46494],[-77.0808,-73.87933],[-75.26814,-73.62119],[-74.66283,-73.73528],[-74.27717,-73.66269],[-74.0253,-73.72389],[-73.07311,-73.44443],[-72.38451,-73.46982],[-71.062,-73.26637],[-70.31843,-73.29485],[-69.33698,-73.18011],[-67.53555,-72.84515],[-66.75084,-72.11305],[-67.62263,-71.43336],[-67.41112,-70.99285],[-67.94937,-70.31178],[-68.48375,-70.05267],[-68.36189,-69.68336],[-68.82486,-69.43133],[-68.30883,-69.40399],[-68.27888,-69.28134],[-67.39232,-69.5027],[-66.75915,-69.07122],[-67.4807,-68.84189],[-66.95922,-68.74814],[-67.17471,-68.52532],[-66.86067,-68.36761],[-67.15709,-68.30218],[-66.62507,-68.24668],[-67.26871,-67.96868],[-66.85058,-67.91367],[-66.76708,-67.77516],[-67.08031,-67.77988],[-66.51024,-67.52793],[-67.61075,-67.54697],[-67.47619,-67.05413],[-66.95067,-66.9389],[-66.98086,-67.2763],[-66.70885,-67.19052],[-66.4628,-67.3366],[-66.54792,-66.65016],[-65.68936,-66.68369],[-65.70547,-66.15],[-65.09093,-66.15008],[-65.25976,-65.95745],[-64.5841,-66.03346],[-64.47867,-65.63144],[-64.04507,-65.69313],[-64.0819,-65.51483],[-63.79516,-65.60573],[-64.08996,-65.41334],[-63.87389,-65.04599],[-63.08361,-65.16611],[-63.20881,-64.94939],[-62.7941,-64.81268],[-62.40722,-64.87664],[-62.67382,-64.77728],[-62.4702,-64.59336],[-62.14184,-64.78484],[-61.80573,-64.49285],[-61.57885,-64.66204],[-61.58288,-64.44264],[-60.94172,-64.28192],[-60.98567,-64.06455],[-59.96996,-63.9581],[-59.80744,-63.77166],[-59.42911,-63.90993],[-58.89855,-63.54022],[-57.28661,-63.21478],[-56.79906,-63.62623],[-57.12442,-63.65447],[-57.44538,-63.44443],[-57.42073,-63.56194],[-58.29247,-63.7536],[-59.11628,-64.23651],[-58.75455,-64.29339],[-58.81579,-64.54274],[-59.46394,-64.31064],[-59.59105,-64.58799],[-60.00731,-64.39837],[-61.05175,-65.01092],[-61.72875,-64.96868],[-61.62755,-65.24139],[-62.19831,-65.30446],[-61.701,-65.54567],[-62.36189,-65.81422],[-62.02278,-66.1115],[-61.59602,-66.16562],[-61.2755,-65.91253],[-61.03124,-66.0359],[-61.0067,-65.91277],[-60.54711,-65.95827],[-60.70836,-66.13079],[-61.02408,-66.08278],[-60.99474,-66.34149],[-61.46866,-66.11435],[-61.49352,-66.25986],[-61.78038,-66.21299],[-61.75089,-66.47772],[-61.9702,-66.19842],[-62.66828,-66.22747],[-62.64387,-66.72454],[-63.21085,-66.24871],[-63.81159,-66.1889],[-63.57335,-66.39121],[-63.90331,-66.38161],[-63.79703,-66.58847],[-64.13492,-66.64316],[-63.75552,-66.89764],[-64.51598,-66.90496],[-64.61791,-66.76784],[-64.71052,-66.98707],[-64.96377,-66.89666],[-64.69009,-67.14837],[-65.06591,-67.20208],[-64.74913,-67.30731],[-65.32689,-67.3991],[-65.47688,-67.2636],[-65.61596,-67.36891],[-65.33747,-67.65797],[-65.70669,-67.85947],[-65.32917,-67.98382],[-65.76073,-68.1657],[-65.22643,-68.16302],[-64.93741,-68.02215],[-64.75585,-68.10809],[-65.49389,-68.31707],[-64.9757,-68.40781],[-65.2438,-68.62949],[-64.03303,-68.83131],[-64.25731,-68.57383],[-62.87173,-68.42067],[-63.76061,-68.58099],[-63.8129,-68.71795],[-63.21231,-68.83864],[-63.89708,-68.9826],[-63.30354,-69.0556],[-63.39635,-69.18629],[-62.39729,-69.51523],[-62.52965,-69.86395],[-61.86872,-70.20827],[-62.01456,-70.29258],[-62.39346,-70.21885],[-62.40722,-70.40545],[-62.14489,-70.5525],[-61.35424,-70.56113],[-62.12926,-70.7234],[-62.03258,-70.90301],[-61.305,-70.85605],[-61.37121,-71.01572],[-60.93456,-71.18222],[-61.27741,-71.22438],[-60.98375,-71.3668],[-61.41739,-71.32252],[-61.1293,-71.41481],[-62.11221,-71.63983],[-61.55724,-71.69061],[-61.14127,-71.53289],[-60.79784,-71.78151],[-61.09703,-71.7081],[-61.09179,-71.87103],[-62.44091,-71.91961],[-62.11221,-72.00954],[-62.2543,-72.13519],[-61.67431,-72.04656],[-61.16698,-72.16985],[-61.1737,-72.06699],[-60.69384,-71.99782],[-61.07189,-72.19134],[-60.68725,-72.23089],[-60.99804,-72.35621],[-60.64257,-72.42995],[-61.46467,-72.40732],[-61.42028,-72.64577],[-61.13659,-72.7833],[-60.5524,-72.65586],[-60.76354,-73.07448],[-59.94937,-72.8952],[-60.0266,-73.27899],[-60.37829,-73.32171],[-60.59862,-73.18483],[-60.73445,-73.39805],[-60.87792,-73.24196],[-61.08275,-73.34743],[-61.22964,-73.20184],[-62.06509,-73.13047],[-61.64607,-73.25205],[-62.00182,-73.23056],[-61.56847,-73.35312],[-61.9348,-73.37217],[-61.68782,-73.5359],[-61.4523,-73.4778],[-60.79955,-73.5779],[-61.14562,-73.73789],[-60.73473,-73.71575],[-60.98656,-73.95534],[-61.791,-73.90667],[-61.58194,-73.9699],[-61.85928,-74.02988],[-61.08414,-74.06325],[-61.13345,-74.16416],[-61.9781,-74.24424],[-61.88463,-74.32545],[-61.27872,-74.32985],[-60.69115,-74.23895],[-60.97789,-74.49717],[-61.54271,-74.54404],[-62.36388,-74.4035],[-61.78816,-74.71209],[-61.87295,-74.85149],[-62.52599,-74.99725],[-62.70128,-74.67799],[-63.2657,-74.66814],[-63.07689,-74.90846],[-63.57311,-74.87135],[-64.0856,-74.99863],[-63.2779,-75.0154],[-63.04092,-75.14723],[-64.43444,-75.31756],[-63.08454,-75.35166],[-63.16161,-75.40944],[-66.21862,-76.01084],[-68.10432,-76.14788],[-67.94921,-76.21592],[-69.92707,-76.39137],[-70.1809,-76.45062],[-69.74633,-76.4695],[-70.04992,-76.49871],[-69.81615,-76.52223],[-70.09952,-76.5652],[-69.82738,-76.61395],[-70.01403,-76.69362],[-71.70906,-76.76279],[-73.93684,-76.65301],[-73.76659,-76.71901],[-75.21028,-76.5652],[-75.66674,-76.56129],[-75.81041,-76.63812],[-76.54162,-76.51678],[-76.70832,-76.67441],[-77.4569,-76.48008],[-77.42589,-76.62721],[-77.69347,-76.48756],[-77.52359,-76.72975],[-76.83804,-76.98594],[-76.99987,-77.03639],[-75.5266,-77.54119],[-75.08039,-77.43711],[-72.72228,-77.57562],[-73.46565,-78.01474],[-75.04735,-78.23162],[-75.21764,-78.14463],[-77.68541,-77.92986],[-79.4237,-77.87803],[-80.76936,-77.66985],[-80.76228,-77.78997],[-81.66747,-77.84148],[-77.41251,-78.41961],[-77.33463,-78.6054],[-77.75402,-78.73577],[-80.29524,-78.84677],[-82.48705,-78.46575],[-83.76765,-77.96803],[-83.5913,-78.22625],[-82.94494,-78.47332],[-83.10534,-78.50514],[-83.68126,-78.32724],[-83.88614,-78.41937],[-83.25353,-78.77272],[-81.74279,-79.06536],[-81.38825,-79.21551],[-81.1057,-79.20338],[-81.16853,-79.44817],[-80.49234,-79.57789],[-80.42935,-79.25848],[-76.53258,-79.31292],[-76.06627,-79.43532],[-76.09765,-79.73357],[-76.63219,-79.93922],[-77.41906,-80.01385],[-79.68733,-79.9826],[-78.27318,-80.17816],[-76.27449,-80.08115],[-76.09508,-80.29412],[-75.41405,-80.48854],[-75.71198,-80.63812],[-74.94945,-80.7702],[-75.72509,-80.81854],[-75.55407,-80.89137],[-75.14883,-80.86346],[-74.83829,-80.91937],[-74.10424,-80.79616],[-72.58886,-80.96136],[-72.46231,-80.75042],[-71.5266,-80.71543],[-71.1258,-80.60263],[-70.82063,-80.61012],[-70.40152,-80.66806],[-69.97582,-80.97601],[-69.17414,-81.02972],[-68.44872,-80.97715],[-68.05712,-81.03826],[-68.37165,-81.11028],[-65.17431,-81.5123],[-62.21133,-81.59206],[-62.20735,-81.69256],[-63.37873,-81.71657],[-63.39118,-81.63209],[-64.03425,-81.69704],[-63.87816,-81.60084],[-64.19864,-81.68841],[-64.71272,-81.69818],[-64.61677,-81.61932],[-64.97924,-81.695],[-65.69172,-81.71055],[-65.62487,-81.78411],[-64.91755,-81.81951],[-63.4794,-81.78004],[-63.47606,-81.83733],[-63.57722,-81.87184],[-65.80309,-81.88836],[-66.25577,-81.94801],[-65.62979,-81.98659],[-66.08007,-82.29168],[-65.23347,-82.25693],[-65.09203,-82.40252],[-64.45694,-82.35442],[-64.43961,-82.41033],[-63.84179,-82.30218],[-63.33336,-82.34075],[-63.18883,-82.25758],[-62.07299,-82.28753],[-60.40123,-82.17018],[-61.12023,-82.34433],[-62.79503,-82.51971],[-61.93248,-82.97235],[-62.18078,-83.03411],[-61.83349,-82.99245],[-61.62023,-83.06341],[-61.31412,-82.89023],[-61.14794,-82.96478],[-61.06575,-82.90976],[-61.11254,-83.16481],[-61.85147,-83.36761],[-61.54113,-83.35084],[-61.48888,-83.40692],[-60.89965,-83.38795],[-60.95226,-83.47625],[-60.60806,-83.4284],[-60.44612,-83.46868],[-59.87409,-83.4275],[-59.46996,-83.46014],[-57.69888,-82.91025],[-56.33804,-82.64544],[-55.85017,-82.46209],[-55.17642,-82.51043],[-55.01549,-82.35231],[-53.92467,-82.20615],[-54.30346,-82.19166],[-53.79963,-82.19402],[-53.22492,-82.1251],[-52.64314,-82.16041],[-51.73064,-82.06256]]],[[[167.66375,-78.12737],[167.40553,-78.2492],[166.14112,-78.28721],[166.09343,-78.08319],[166.79566,-78.2116],[167.51173,-77.99245],[167.66375,-78.12737]]],[[[-59.28677,-80.20965],[-59.59264,-80.21396],[-59.75744,-80.33571],[-59.84683,-80.52825],[-59.46654,-80.4909],[-59.85924,-80.59499],[-59.819,-80.74489],[-60.65266,-80.96038],[-62.52208,-80.86492],[-62.95848,-80.77532],[-63.1411,-80.59246],[-63.79235,-80.60613],[-64.28478,-80.75115],[-66.70092,-80.41237],[-66.80158,-80.33522],[-66.2399,-80.19443],[-65.91845,-80.39495],[-61.75036,-80.36834],[-61.18456,-80.25262],[-61.51586,-80.24188],[-61.80785,-80.05755],[-61.26675,-80.00848],[-61.52269,-79.893],[-60.07665,-79.65602],[-60.48656,-79.73773],[-59.79914,-79.77435],[-59.86278,-79.90325],[-59.62556,-79.90634],[-59.96133,-80.08392],[-59.28677,-80.20965]]],[[[-66.14908,-79.62819],[-65.85782,-79.60215],[-65.9379,-79.65895],[-66.70075,-79.66806],[-65.55407,-79.77744],[-65.90128,-79.83953],[-65.4501,-79.95241],[-66.22273,-80.08636],[-66.4193,-79.96038],[-67.00894,-79.91326],[-66.81184,-79.79193],[-67.83983,-79.55877],[-66.14908,-79.62819]]],[[[-68.23306,-79.2859],[-67.61311,-79.21152],[-67.05907,-79.26133],[-67.51106,-79.39723],[-67.24218,-79.45582],[-67.42321,-79.50091],[-68.55028,-79.44297],[-67.46935,-79.30804],[-68.43297,-79.32773],[-68.23306,-79.2859]]],[[[-33.91649,-79.3126],[-34.07087,-79.3615],[-36.72639,-79.29811],[-36.93847,-79.18125],[-36.59008,-79.27557],[-36.65958,-79.22308],[-35.50341,-79.0901],[-33.91649,-79.3126]]],[[[-66.73436,-78.44183],[-69.29601,-79.21771],[-69.82201,-79.45843],[-69.49157,-79.53265],[-69.64656,-79.60377],[-70.34179,-79.69687],[-71.44416,-79.65293],[-71.8133,-79.48854],[-71.68847,-79.26043],[-70.59276,-78.88592],[-67.57763,-78.37184],[-66.73086,-78.32147],[-66.73436,-78.44183]]],[[[-52.51879,-80.20013],[-50.26366,-79.53574],[-50.38923,-79.33082],[-50.73973,-79.28444],[-50.21443,-78.83294],[-50.36742,-78.69052],[-49.11099,-78.05291],[-47.22252,-77.77264],[-45.93407,-77.81707],[-44.51456,-78.04217],[-43.73107,-78.31178],[-43.92028,-78.59629],[-45.30272,-78.68035],[-45.37047,-78.78607],[-43.739,-78.80055],[-43.13353,-79.1819],[-43.34846,-79.23919],[-42.95352,-79.45257],[-43.01574,-79.84979],[-43.20714,-79.97812],[-43.85668,-79.99603],[-43.43798,-80.10947],[-43.53157,-80.19996],[-49.71923,-80.68564],[-49.798,-80.79095],[-54.16161,-80.87713],[-54.37759,-80.57741],[-54.21752,-80.52174],[-54.09651,-80.55836],[-53.40705,-80.10768],[-52.89025,-80.17702],[-52.35155,-80.05299],[-52.51879,-80.20013]]],[[[-20.36657,-74.42539],[-20.80663,-74.47519],[-21.29947,-74.10589],[-22.04015,-74.10556],[-21.14538,-73.95013],[-20.64025,-73.5875],[-20.69286,-74.10198],[-20.36657,-74.42539]]],[[[-74.84679,-72.86663],[-74.21858,-72.99082],[-74.75805,-73.30316],[-74.36091,-73.46038],[-74.59313,-73.61452],[-75.87458,-73.34661],[-76.12613,-73.15879],[-75.85823,-73.04762],[-75.52453,-73.11338],[-75.0382,-73.04144],[-75.77575,-72.89365],[-74.84679,-72.86663]]],[[[-90.9016,-72.81976],[-90.81949,-73.03631],[-91.39037,-73.21282],[-91.68651,-72.60996],[-90.91519,-72.56219],[-90.9016,-72.81976]]],[[[-95.49922,-72.31561],[-96.09679,-72.46111],[-96.05476,-72.58367],[-97.25902,-72.50709],[-98.58015,-72.57285],[-98.53547,-72.46412],[-99.39656,-72.49822],[-99.18643,-72.37542],[-101.96728,-72.19329],[-102.32372,-72.06406],[-100.13256,-71.82187],[-99.99328,-71.93279],[-100.45198,-71.99831],[-99.86115,-72.04941],[-99.49901,-71.93043],[-98.68554,-72.10735],[-99.15258,-71.91619],[-98.53165,-71.75677],[-97.98241,-71.85963],[-98.35261,-72.15643],[-98.06908,-72.07822],[-97.76431,-72.14251],[-97.89208,-71.91074],[-97.60277,-71.88812],[-97.39411,-72.20843],[-96.9901,-71.84735],[-96.36046,-71.83506],[-96.13948,-72.0136],[-96.50959,-72.01377],[-96.99999,-72.21429],[-96.72379,-72.26409],[-95.65811,-72.04762],[-95.58983,-72.19443],[-96.41576,-72.28981],[-95.49922,-72.31561]]],[[[-74.91267,-71.02337],[-76.13044,-71.13787],[-76.46911,-70.9192],[-75.19982,-70.77662],[-74.95446,-70.58457],[-74.5961,-70.79412],[-74.46337,-70.57684],[-74.1007,-70.65862],[-73.8839,-70.57057],[-73.55923,-70.74969],[-74.91267,-71.02337]]],[[[-75.48351,-70.13372],[-75.78571,-70.07968],[-75.72623,-69.89088],[-74.78702,-69.73602],[-74.40233,-69.94703],[-74.61824,-70.11435],[-75.48351,-70.13372]]],[[[-61.75548,-69.45428],[-62.12865,-69.71795],[-62.53352,-69.15879],[-61.75548,-69.45428]]],[[[-71.46007,-72.62916],[-72.40827,-72.67449],[-72.43212,-72.55348],[-72.79971,-72.59417],[-73.16417,-72.43125],[-72.67675,-72.27125],[-70.70971,-72.39642],[-70.18334,-72.27386],[-70.45767,-72.14023],[-71.36718,-72.28786],[-72.05525,-72.15814],[-70.76977,-71.98968],[-70.85652,-71.84564],[-71.82974,-71.89861],[-72.33894,-71.61346],[-72.85936,-71.92099],[-73.8789,-71.86419],[-73.50133,-72.01246],[-74.12133,-72.17246],[-74.35782,-72.04437],[-74.81599,-72.06487],[-75.35603,-71.9236],[-75.17715,-71.75262],[-75.41413,-71.6609],[-75.01643,-71.52654],[-74.28954,-71.65789],[-74.22248,-71.38193],[-73.45881,-71.59531],[-73.58532,-71.32293],[-72.18895,-71.37314],[-73.05354,-71.18174],[-72.78612,-71.06276],[-71.69005,-71.15887],[-71.34358,-70.96608],[-70.4112,-70.94541],[-69.838,-71.15195],[-69.78669,-70.85345],[-70.70128,-70.8318],[-71.26651,-70.68011],[-70.99861,-70.46575],[-70.1175,-70.32977],[-69.58849,-70.39349],[-70.19567,-70.14007],[-71.05919,-70.22405],[-71.78449,-70.04225],[-71.91161,-69.70827],[-71.61587,-69.45485],[-72.19888,-69.09775],[-72.01269,-68.9555],[-70.43497,-68.78004],[-70.09667,-68.90252],[-70.10827,-69.30096],[-69.739,-69.29371],[-69.31713,-69.62591],[-68.4663,-70.61452],[-68.20865,-71.82106],[-68.48314,-71.8969],[-68.43611,-72.24082],[-68.76277,-72.2234],[-69.21817,-72.5429],[-70.52383,-72.66758],[-70.74332,-72.55877],[-70.92309,-72.65097],[-71.46007,-72.62916]]],[[[-69.10928,-67.62615],[-68.37784,-66.82073],[-67.74104,-66.6242],[-68.02624,-66.94061],[-67.67683,-67.14805],[-68.25097,-67.36932],[-67.97379,-67.46844],[-68.57519,-67.74391],[-69.10928,-67.62615]]],[[[-62.90644,-64.52117],[-63.68212,-64.8532],[-64.3011,-64.69988],[-63.57494,-64.26523],[-63.15343,-64.2916],[-63.27038,-64.58123],[-62.90644,-64.52117]]],[[[-57.51334,-64.341],[-58.3133,-64.32138],[-58.01268,-64.23903],[-58.45124,-64.06951],[-57.92723,-63.80047],[-57.86437,-64.06658],[-57.49352,-63.9262],[-57.15538,-64.08514],[-57.40038,-64.1456],[-57.07022,-64.1596],[-57.51334,-64.341]]],[[[-55.15937,-63.20387],[-55.17272,-63.3576],[-56.55378,-63.36728],[-55.97452,-63.14691],[-55.15937,-63.20387]]],[[[-162.33983,-82.92376],[-161.57579,-83.02435],[-162.40241,-83.14837],[-163.2613,-83.08099],[-163.81139,-82.84694],[-162.48152,-82.87664],[-162.33983,-82.92376]]],[[[-169.03034,-83.15423],[-168.84716,-83.22682],[-169.80223,-83.18402],[-171.8205,-82.82464],[-169.03034,-83.15423]]],[[[-158.34683,-81.90146],[-157.82746,-82.02467],[-158.06721,-82.10223],[-159.00056,-81.81845],[-158.8922,-81.78183],[-158.34683,-81.90146]]],[[[-160.57112,-81.59889],[-163.72851,-81.48162],[-163.85119,-81.31894],[-162.98388,-81.27028],[-160.67573,-81.46282],[-160.57112,-81.59889]]],[[[-29.61832,-79.91123],[-30.09545,-79.85621],[-29.98908,-79.96559],[-30.36644,-80.01776],[-30.5292,-79.9026],[-30.67894,-79.95631],[-31.54174,-79.89853],[-31.7189,-79.8095],[-32.08947,-79.80926],[-32.0244,-79.64967],[-31.64477,-79.6369],[-31.09545,-79.81072],[-30.3579,-79.8554],[-30.84748,-79.74065],[-30.79735,-79.65008],[-29.61832,-79.91123]]],[[[-159.84215,-79.34856],[-158.95307,-79.76971],[-159.06981,-79.81878],[-160.71288,-79.85459],[-163.93663,-79.41172],[-164.32653,-79.28737],[-164.24568,-79.04323],[-163.24299,-78.70631],[-162.14411,-78.79241],[-159.84215,-79.34856]]],[[[169.27345,-77.45452],[168.87257,-77.6404],[168.40089,-77.69622],[167.40805,-77.64398],[166.66481,-77.85784],[166.89064,-77.7125],[166.45338,-77.71006],[166.89568,-77.67571],[166.16554,-77.53484],[166.67612,-77.35996],[166.52443,-77.18304],[166.97332,-77.18222],[167.06577,-77.31634],[167.56813,-77.41326],[168.21957,-77.37233],[169.27345,-77.45452]]],[[[-149.72875,-77.12949],[-150.78266,-77.00693],[-150.45612,-76.88486],[-149.77326,-76.8943],[-149.22436,-77.1181],[-149.72875,-77.12949]]],[[[-130.92048,-74.44427],[-131.20592,-74.60711],[-132.18126,-74.42376],[-131.68371,-74.32049],[-130.92048,-74.44427]]],[[[-127.12849,-74.46942],[-127.55175,-74.64365],[-128.10912,-74.4778],[-128.1754,-74.30511],[-127.12849,-74.46942]]],[[[-116.1407,-73.90252],[-116.59936,-74.14178],[-117.33218,-74.17441],[-117.37108,-74.07977],[-116.40339,-73.86728],[-116.1407,-73.90252]]],[[[-119.82103,-74.12078],[-119.6361,-74.00123],[-119.90355,-73.82496],[-118.97444,-73.80486],[-119.00377,-73.98357],[-119.82103,-74.12078]]],[[[-120.26122,-73.92783],[-121.02721,-74.15586],[-121.09903,-74.34808],[-122.24348,-74.41326],[-123.02819,-74.24831],[-122.32738,-73.9157],[-123.34952,-73.83611],[-123.12023,-73.68279],[-122.27237,-73.68222],[-120.54015,-73.75335],[-120.37804,-73.83099],[-120.73518,-73.87949],[-120.26122,-73.92783]]],[[[-127.47317,-73.54957],[-127.149,-73.27728],[-126.10407,-73.29616],[-125.2128,-73.63983],[-125.87804,-73.70477],[-125.86531,-73.78102],[-124.99242,-73.88226],[-124.53429,-73.72763],[-124.02746,-73.85524],[-123.8651,-74.24456],[-125.20344,-74.16302],[-126.47545,-73.84222],[-126.54654,-73.67034],[-127.2294,-73.73268],[-127.166,-73.60263],[-127.47317,-73.54957]]],[[[-2.71768,-70.82008],[-2.08072,-70.82562],[-2.73449,-71.17099],[-2.66731,-70.99375],[-3.58556,-70.73838],[-2.61807,-70.69769],[-2.71768,-70.82008]]],[[[26.76564,-70.2243],[26.81788,-70.42409],[25.98805,-70.36826],[26.3274,-70.06658],[26.76564,-70.2243]]],[[[16.24684,-69.70599],[16.63722,-69.74285],[16.12224,-70.0735],[15.55494,-69.87273],[16.24684,-69.70599]]],[[[100.56593,-65.40301],[101.2518,-65.49375],[100.96705,-65.68288],[100.29802,-65.65862],[100.56593,-65.40301]]]]}},{"type":"Feature","properties":{"iso_a2":"au","iso_a3":"AUS","admin":"Australia","name":"Australia"},"geometry":{"type":"MultiPolygon","coordinates":[[[[131.5359,-31.60556],[129.20045,-31.65643],[127.28875,-32.27337],[126.00758,-32.27337],[124.20118,-33.03802],[123.52662,-33.93865],[120.00221,-33.92604],[117.94858,-35.11736],[115.97853,-34.83563],[114.97104,-34.0827],[114.98854,-33.52109],[115.3672,-33.63128],[115.71013,-33.27069],[115.70094,-31.69118],[115.0608,-30.52239],[114.84246,-29.10858],[113.15698,-26.15193],[113.30622,-25.99665],[113.38427,-26.38276],[113.36267,-26.01282],[113.56551,-26.56508],[113.87029,-26.52213],[113.51525,-25.50934],[113.728,-26.19703],[113.8545,-25.94427],[114.23437,-26.31658],[114.25856,-25.84189],[113.39145,-24.41367],[113.94703,-21.95257],[114.17221,-21.80299],[114.11085,-22.47772],[114.33741,-22.49383],[114.64674,-21.84336],[116.79086,-20.53493],[117.73634,-20.65846],[119.09547,-19.96673],[121.12827,-19.52068],[122.34702,-18.12119],[122.17205,-17.26116],[122.91619,-16.41595],[123.57081,-17.59515],[123.59498,-16.98512],[123.91334,-17.21559],[123.9533,-16.82855],[123.50994,-16.6539],[123.57016,-16.17693],[124.90398,-16.40244],[124.40154,-16.32928],[124.73268,-15.80657],[124.48634,-15.99831],[124.37648,-15.52532],[124.66375,-15.25042],[125.18523,-15.51784],[124.84197,-15.14121],[125.43214,-15.13795],[125.136,-14.73594],[125.61818,-14.22373],[125.63771,-14.6347],[125.73292,-14.39853],[125.91814,-14.63779],[126.08644,-13.88942],[126.28883,-14.23008],[126.86354,-13.74334],[127.41847,-13.94199],[128.23129,-14.71819],[128.02426,-15.49651],[128.5324,-14.75286],[129.10231,-14.90537],[129.1526,-15.22373],[129.22877,-14.8366],[129.72706,-15.19362],[129.64918,-14.8327],[129.99334,-14.72503],[129.37289,-14.32928],[129.89129,-13.43768],[130.33229,-13.34637],[130.12989,-12.94052],[130.69288,-12.70062],[130.57838,-12.40081],[130.89991,-12.63983],[131.29624,-12.04388],[132.38754,-12.3803],[132.75758,-12.1334],[132.49537,-11.47617],[131.76759,-11.31081],[131.98561,-11.12916],[135.21759,-12.30082],[135.9004,-11.75921],[135.65214,-12.20329],[136.05348,-12.06439],[136.03395,-12.46592],[136.57222,-11.89644],[136.98365,-12.34547],[136.47169,-12.77386],[136.47234,-13.24236],[136.33286,-13.04688],[135.88337,-13.32576],[136.07789,-13.66269],[135.46957,-14.94801],[136.71559,-15.93597],[139.00831,-16.89544],[139.27418,-17.34832],[140.5232,-17.6303],[141.43116,-16.06178],[141.58375,-12.98577],[142.00831,-12.71494],[141.59059,-12.54079],[142.03297,-12.04119],[142.15105,-10.95062],[142.54615,-10.68768],[143.54379,-12.83278],[143.78273,-14.40228],[144.48634,-14.16188],[145.34571,-14.94256],[145.4004,-16.44329],[145.95509,-16.87314],[146.33326,-18.95908],[148.78199,-20.24082],[148.93702,-20.53493],[148.66017,-20.5722],[149.48715,-21.5359],[149.66326,-22.49383],[150.04672,-22.64528],[150.05356,-22.14153],[150.60914,-22.61053],[150.6775,-22.358],[150.81398,-23.50921],[151.78045,-24.02256],[153.20558,-25.93499],[153.03826,-27.19346],[153.63063,-28.66155],[153.0595,-31.07721],[152.53989,-32.44209],[151.23072,-33.53493],[150.84474,-35.07724],[150.19093,-35.72682],[149.98536,-37.49586],[149.49122,-37.7833],[147.75758,-37.98512],[146.84767,-38.68499],[146.22413,-38.71445],[146.39422,-39.14495],[145.37306,-38.5368],[145.46437,-38.23455],[144.94459,-38.51035],[144.67677,-38.33319],[145.11931,-38.15936],[144.93482,-37.86793],[143.53696,-38.85833],[142.50245,-38.37444],[141.41033,-38.40651],[139.79493,-37.26873],[139.72902,-36.37233],[138.91782,-35.57676],[139.67205,-36.2278],[139.04135,-35.6041],[139.33806,-35.68743],[139.36297,-35.37689],[138.10743,-35.6207],[138.55063,-34.78192],[138.07814,-34.12835],[137.74952,-35.13104],[136.83937,-35.25612],[137.01979,-34.90146],[137.44614,-34.91741],[137.4524,-34.15569],[137.93092,-33.61647],[137.77394,-32.51979],[137.22486,-33.65325],[135.93678,-34.5346],[135.96461,-35.0075],[135.10808,-34.59596],[135.50359,-34.61191],[135.25953,-33.99798],[134.70623,-33.17295],[134.0687,-32.9293],[134.14828,-32.45696],[133.86443,-32.54681],[133.64918,-32.10166],[132.23374,-32.03297],[131.5359,-31.60556]]],[[[147.99855,-43.2304],[147.62721,-43.04274],[147.84034,-42.90203],[147.43621,-43.04608],[147.2837,-42.7785],[146.92701,-43.61175],[146.02418,-43.5525],[146.2295,-43.31976],[145.8318,-43.29258],[145.26547,-42.60426],[145.18873,-42.19573],[145.47202,-42.51279],[145.55812,-42.34157],[144.74985,-41.41424],[144.72136,-40.64031],[146.35377,-41.1679],[148.20932,-40.84075],[148.36427,-42.20436],[148.181,-41.94736],[147.88868,-42.5451],[147.99855,-43.2304]]],[[[138.12965,-35.81634],[137.45924,-36.0827],[136.53256,-35.91188],[137.33513,-35.58294],[138.12965,-35.81634]]]]}},{"type":"Feature","properties":{"iso_a2":"gl","iso_a3":"GRL","admin":"Greenland","name":"Greenland"},"geometry":{"type":"MultiPolygon","coordinates":[[[[-40.8758,65.0965],[-41.11461,65.1225],[-41.14639,64.95352],[-40.35831,64.35904],[-41.56749,64.26618],[-40.56094,64.10688],[-40.84166,63.95258],[-40.52644,63.69636],[-41.48811,63.86026],[-41.59435,63.75699],[-40.74279,63.5384],[-41.0445,63.4455],[-41.28067,63.56826],[-41.12951,63.38915],[-41.41393,63.5659],[-41.2401,63.40388],[-41.58275,63.49323],[-41.11596,63.3083],[-41.71593,63.55297],[-41.90087,63.46992],[-41.43273,63.12531],[-42.0209,63.25308],[-41.53433,63.03335],[-42.14395,63.20588],[-42.20592,63.10969],[-41.62409,62.99506],[-41.75011,62.84394],[-42.31945,62.81696],[-42.30541,62.9455],[-42.59716,62.87153],[-42.48713,62.69819],[-43.15123,62.75959],[-42.16438,62.39033],[-42.97403,62.52485],[-42.26114,62.3146],[-42.54849,61.95148],[-42.11718,62.00674],[-42.34313,61.75971],[-42.86132,61.78392],[-42.28356,61.72834],[-42.43554,61.56102],[-43.08292,61.5952],[-42.41812,61.40278],[-43.24812,61.3413],[-42.65836,61.25943],[-43.17919,61.21101],[-42.63048,61.10114],[-43.61115,61.1291],[-42.70617,61.06013],[-43.02746,60.88158],[-43.48184,60.94155],[-42.80114,60.80484],[-43.52798,60.84101],[-42.78539,60.74628],[-43.24132,60.65624],[-42.74718,60.69017],[-43.22745,60.47089],[-43.6892,60.7237],[-43.65893,60.55305],[-44.19274,60.64305],[-43.32779,60.45417],[-43.59114,60.30646],[-43.17528,60.40009],[-43.08812,60.09935],[-44.16588,60.17316],[-44.10082,60.3874],[-44.5902,59.98908],[-44.84447,60.1496],[-44.84447,60.01927],[-45.17284,60.08755],[-44.46642,60.56733],[-45.17382,60.13361],[-44.6254,60.73753],[-45.21422,60.43895],[-45.06298,60.66291],[-45.4956,60.49226],[-45.12194,60.725],[-45.58373,60.47114],[-45.62466,60.64924],[-45.9816,60.58039],[-45.25503,60.9079],[-45.39542,61.01065],[-45.71337,60.76996],[-46.20507,60.74665],[-45.25878,61.10489],[-45.51285,61.24763],[-46.03283,60.91389],[-45.61876,61.14496],[-45.71402,61.32832],[-46.11193,61.25259],[-45.83641,61.15205],[-46.15758,60.99848],[-46.41295,61.08808],[-46.57803,60.90998],[-46.88655,60.93724],[-46.86229,60.80012],[-47.02986,60.97476],[-48.24266,60.82486],[-47.68847,61.00556],[-48.40221,60.98652],[-47.83845,61.0423],[-47.77038,61.19111],[-48.21638,61.18623],[-47.91373,61.32832],[-48.40722,61.13398],[-48.64061,61.23896],[-48.34008,61.3758],[-49.06579,61.40278],[-48.34582,61.60883],[-48.98965,61.45795],[-49.29857,61.56102],[-48.59219,61.63614],[-49.05834,61.6225],[-48.87401,61.79316],[-49.1483,61.72553],[-48.78417,61.99226],[-49.22008,61.72407],[-49.17565,61.90302],[-49.42821,61.82111],[-48.83922,62.08124],[-49.03112,62.2121],[-49.1691,62.02131],[-49.6385,61.9892],[-49.69579,62.1166],[-49.29174,62.17805],[-49.68273,62.15754],[-49.29174,62.26679],[-49.88756,62.24567],[-50.31957,62.50576],[-49.87328,62.88996],[-50.2718,62.70563],[-50.2438,62.85236],[-49.70263,63.06127],[-50.38972,62.79222],[-50.14826,63.02025],[-50.46898,62.95116],[-50.60753,63.09602],[-50.05944,63.22964],[-50.91234,63.14322],[-50.77823,63.25308],[-51.0006,63.16474],[-51.10106,63.32856],[-50.27855,63.40388],[-51.2233,63.44489],[-50.74413,63.55476],[-51.09313,63.5314],[-51.0563,63.65087],[-50.50451,63.67137],[-51.07616,63.66429],[-51.16218,63.50751],[-51.55968,63.71605],[-50.92292,63.9383],[-51.4584,63.81757],[-51.62035,64.03461],[-50.21003,64.2058],[-50.05386,64.10712],[-50.16259,64.24494],[-50.55236,64.17853],[-50.36384,64.35908],[-51.43993,64.08226],[-51.76513,64.18537],[-50.95328,64.21943],[-50.69636,64.45222],[-50.24763,64.41128],[-50.83641,64.64558],[-50.33776,64.68439],[-49.58593,64.34296],[-50.0629,64.52973],[-49.99743,64.86371],[-50.55968,64.77481],[-50.68952,65.20637],[-50.97696,65.21967],[-50.64216,64.75922],[-51.14509,64.61665],[-51.03893,64.78119],[-51.25255,64.7602],[-51.66271,64.30882],[-52.16148,64.25635],[-52.13244,64.71284],[-51.24498,65.02143],[-51.70368,64.89106],[-51.6927,65.02595],[-52.1835,64.80231],[-52.00475,65.31623],[-52.53466,65.19229],[-52.56705,65.32245],[-51.6881,65.70478],[-50.55236,65.71345],[-51.44103,65.77253],[-52.49132,65.39191],[-52.47086,65.67251],[-52.80085,65.55195],[-52.69343,65.80728],[-52.82404,65.67251],[-53.23925,65.68618],[-52.87784,65.80878],[-53.26256,65.75165],[-52.694,65.9394],[-52.29918,65.83714],[-51.97741,66.00361],[-51.73986,65.93061],[-51.73103,66.07591],[-52.30329,65.90522],[-52.5764,66.00804],[-53.18102,65.85981],[-52.87491,66.02192],[-53.47204,65.98094],[-51.28336,66.84492],[-50.364,66.82929],[-50.96398,66.9357],[-49.99743,66.98151],[-50.63427,67.01504],[-50.31932,67.07856],[-50.89598,66.99291],[-53.00585,66.20002],[-53.6632,66.13862],[-53.12194,66.28946],[-53.62597,66.25161],[-53.62295,66.50898],[-52.41625,66.54271],[-53.45775,66.63825],[-52.58072,66.70722],[-53.13561,66.72085],[-52.64904,66.80097],[-53.09228,66.76634],[-53.00207,66.85513],[-52.23192,66.84496],[-52.45035,66.98151],[-53.64704,66.91157],[-53.81774,66.99457],[-53.21752,66.99457],[-53.81493,67.02705],[-53.39782,67.11245],[-53.96492,67.0777],[-53.84069,67.17609],[-52.19066,67.37189],[-51.55285,67.331],[-51.17614,67.1249],[-50.34683,67.18696],[-51.18228,67.14541],[-51.51871,67.36506],[-51.11465,67.4265],[-53.88292,67.26211],[-53.70421,67.46133],[-52.55407,67.76923],[-51.34801,67.67951],[-50.69311,67.49409],[-50.0725,67.51594],[-50.87442,67.59789],[-50.10558,67.74055],[-51.01163,67.62519],[-51.32014,67.71455],[-50.28775,67.8144],[-50.78429,67.91128],[-50.70995,67.82441],[-51.18773,67.76455],[-51.36791,67.88589],[-50.9921,67.87897],[-51.03893,67.98151],[-51.57335,67.93427],[-51.49535,67.72797],[-52.34215,67.82172],[-51.6066,67.977],[-53.00377,67.75772],[-53.57673,67.51887],[-53.75259,67.60301],[-53.68765,67.81184],[-52.88923,67.98151],[-53.17658,68.04609],[-52.05932,67.97529],[-52.75451,67.98664],[-53.11156,68.17841],[-53.45775,68.15278],[-53.1527,68.20116],[-50.17846,67.9204],[-51.43684,68.20116],[-50.95588,68.18928],[-51.38158,68.2558],[-50.84801,68.50715],[-51.64904,68.41348],[-51.2233,68.29678],[-52.44514,68.18146],[-52.51244,68.29059],[-52.93761,68.26264],[-52.58755,68.35139],[-53.38947,68.33153],[-52.19319,68.57221],[-51.14883,68.56391],[-51.07372,68.7014],[-50.86205,68.61982],[-50.99112,68.73558],[-50.65469,68.8312],[-51.29214,68.7486],[-50.96386,68.93423],[-51.18977,68.88581],[-51.0799,69.1328],[-50.37816,68.90839],[-50.29894,69.06501],[-50.22167,68.95991],[-50.22338,69.07201],[-50.68952,69.12665],[-50.16194,69.16014],[-50.47037,69.20856],[-50.36669,69.33894],[-50.59333,69.2154],[-51.1151,69.21223],[-50.86766,69.46182],[-50.20287,69.52326],[-50.88061,69.50788],[-50.77526,69.65029],[-50.40832,69.60578],[-50.79613,69.71988],[-50.1892,69.76341],[-50.59333,69.92792],[-50.20971,70.01675],[-52.32067,70.05146],[-54.63024,70.65412],[-54.15539,70.8288],[-52.79064,70.75678],[-51.54943,70.43159],[-50.53185,70.35932],[-50.53002,70.53657],[-50.99279,70.42495],[-51.3474,70.5716],[-50.73729,70.54487],[-50.96972,70.63898],[-50.63427,70.64053],[-51.10041,70.66096],[-51.05993,70.76097],[-51.44514,70.73192],[-51.25072,70.81387],[-50.66161,70.71247],[-50.84716,70.87324],[-51.9569,71.02411],[-50.91539,71.02411],[-51.47655,71.06379],[-51.2233,71.14761],[-52.24275,71.12678],[-51.54711,71.26313],[-51.64224,71.36734],[-52.55036,71.16437],[-52.25768,71.36555],[-51.36095,71.49372],[-52.42626,71.37226],[-52.99226,71.42133],[-51.78161,71.60273],[-51.66271,71.7298],[-52.16641,71.6131],[-53.26598,71.70991],[-52.68318,72.01093],[-53.36433,71.77778],[-53.84878,72.31265],[-53.55394,72.36042],[-53.95865,72.32632],[-53.39892,71.84589],[-53.91771,71.73725],[-53.76586,71.64033],[-54.10204,71.70991],[-53.95177,71.43781],[-54.78726,71.35366],[-55.24425,71.49632],[-55.28759,71.38142],[-55.90453,71.68203],[-54.85334,71.91299],[-54.38321,72.22321],[-54.64159,72.0185],[-55.26781,71.92731],[-55.55175,72.03815],[-54.68489,72.36717],[-55.65127,72.45038],[-55.45914,72.52595],[-54.29385,72.48395],[-55.01057,72.52172],[-54.5266,72.77875],[-54.92443,72.78559],[-54.60294,72.83397],[-54.78108,72.99848],[-55.69538,73.06952],[-55.14159,73.19037],[-55.45946,73.26537],[-55.08971,73.36791],[-56.06774,73.65302],[-55.96251,73.76561],[-55.61266,73.72114],[-55.97053,74.02709],[-56.41161,74.06733],[-56.12426,74.27961],[-57.31412,74.10269],[-56.32193,74.28775],[-56.71325,74.34785],[-56.16324,74.40754],[-56.79524,74.45087],[-56.16832,74.47752],[-56.19188,74.55329],[-57.15832,74.73827],[-56.79524,74.81395],[-57.05785,74.92194],[-58.14159,75.05182],[-57.92272,75.1634],[-58.4252,75.29914],[-58.24763,75.40302],[-58.7001,75.34846],[-58.20665,75.44404],[-58.40591,75.71894],[-59.04162,75.70136],[-59.27221,75.88011],[-59.77294,75.80142],[-59.71227,75.96308],[-59.96614,75.92479],[-60.50084,76.06737],[-60.74547,76.00104],[-60.92406,76.16568],[-62.16686,76.22199],[-62.26675,76.28994],[-62.79166,76.19815],[-62.84919,76.30353],[-63.47851,76.37702],[-63.8107,76.15913],[-64.09667,76.14574],[-64.42907,76.34903],[-64.59415,76.13605],[-65.34264,76.17585],[-65.35448,76.0268],[-65.8889,76.10252],[-65.64135,76.26797],[-66.17732,76.28608],[-66.41373,76.08613],[-67.04711,76.26704],[-67.30777,76.16401],[-66.48843,75.90986],[-68.54597,76.10419],[-69.62361,76.41722],[-68.73278,76.58625],[-68.03112,76.58405],[-67.98559,76.68415],[-68.91031,76.66486],[-69.91804,76.75043],[-70.10338,76.80146],[-69.72887,77.01642],[-70.66015,76.80199],[-70.98721,76.89704],[-70.67878,76.93863],[-71.09716,76.93179],[-71.37255,77.05834],[-70.69929,77.15086],[-70.90331,77.19135],[-69.73347,77.239],[-66.36193,77.11616],[-66.17007,77.19868],[-66.63683,77.154],[-69.10285,77.2744],[-68.3695,77.37686],[-67.43594,77.38357],[-66.22614,77.25251],[-66.66348,77.41779],[-66.12515,77.43334],[-66.25772,77.61058],[-66.66348,77.71943],[-67.59166,77.52436],[-68.35644,77.49994],[-68.72985,77.66913],[-68.61091,77.51773],[-69.22256,77.45291],[-70.28775,77.57538],[-69.51818,77.68744],[-69.50748,77.76044],[-70.67565,77.68016],[-70.07018,77.85782],[-71.31282,77.76984],[-71.25088,77.88695],[-72.24169,77.93854],[-72.29695,78.05585],[-73.05724,78.15827],[-72.46076,78.28864],[-72.85058,78.31533],[-72.5902,78.52123],[-71.55455,78.64346],[-70.80199,78.59878],[-70.74584,78.69538],[-69.90856,78.80394],[-69.35871,78.79938],[-69.14835,78.8806],[-68.78075,78.83666],[-69.10851,78.96418],[-68.04019,79.07685],[-67.75866,79.03827],[-67.50585,79.13833],[-65.78588,79.13833],[-64.83141,79.52717],[-65.04357,80.02387],[-63.77855,80.15192],[-64.15905,80.16279],[-64.22277,80.25568],[-64.4733,80.10566],[-64.92602,80.07266],[-65.30606,80.09601],[-65.86335,80.01203],[-66.43334,80.11734],[-67.05012,80.06118],[-67.50585,80.20718],[-67.45543,80.34251],[-66.78751,80.46369],[-66.75841,80.55244],[-66.05338,80.66584],[-65.52522,80.6634],[-65.69164,80.71605],[-65.07519,80.7934],[-64.78978,80.99038],[-63.92943,81.05687],[-63.65502,81.14907],[-62.77994,80.75877],[-63.32348,81.06196],[-63.14989,81.21166],[-62.1964,81.19912],[-61.54552,81.06623],[-61.07608,81.12051],[-60.89297,81.16616],[-61.31135,81.36538],[-60.77318,81.49164],[-61.45425,81.74502],[-60.53356,81.91275],[-60.06733,81.94737],[-58.83849,81.86225],[-58.68139,81.68403],[-57.64493,81.59129],[-57.19083,81.42499],[-56.45255,81.33808],[-57.74755,81.65095],[-58.13777,81.66698],[-58.48595,81.8793],[-59.46788,82.00283],[-56.7364,82.22517],[-56.46646,82.23554],[-56.26146,82.16592],[-55.95889,82.27277],[-55.27164,82.24958],[-55.11254,82.15717],[-55.25536,82.27529],[-55.60285,82.2827],[-54.44074,82.37271],[-53.55704,82.11612],[-53.68297,81.52631],[-53.47204,81.50873],[-53.54084,81.67219],[-52.93017,81.86506],[-52.92565,82.03925],[-51.38622,81.90485],[-49.9215,81.61176],[-49.61384,81.64594],[-51.03612,81.95637],[-49.82909,81.87116],[-49.4357,81.92768],[-50.58129,82.154],[-51.10725,82.50991],[-49.01134,82.45454],[-48.73526,82.35814],[-47.61071,82.23224],[-47.56404,82.16804],[-46.00817,82.0362],[-46.02945,81.94668],[-44.66283,81.75438],[-44.17292,81.83771],[-44.72716,81.94013],[-44.51366,81.98273],[-44.92638,81.99535],[-44.39879,82.10521],[-44.79385,82.19196],[-44.56286,82.2934],[-44.23253,82.31981],[-42.30211,82.21507],[-43.83544,82.34199],[-43.76403,82.41889],[-45.74645,82.777],[-42.04825,82.75633],[-41.61473,82.47968],[-41.89806,82.72899],[-41.57754,82.7473],[-40.63085,82.57514],[-40.22761,82.56753],[-39.80411,82.36176],[-39.9121,82.67715],[-40.97655,82.77436],[-44.70556,82.85578],[-45.06298,82.91332],[-44.9663,82.84504],[-45.63439,82.87751],[-46.09484,82.84882],[-46.89273,82.96182],[-45.9816,82.92084],[-46.70092,83.00275],[-46.50914,83.05117],[-45.97069,83.0965],[-45.12169,82.98762],[-45.10509,82.93509],[-44.73461,82.96857],[-43.36352,82.92084],[-45.12043,83.03669],[-45.51602,83.13646],[-45.13121,83.16706],[-44.72436,83.10493],[-44.64688,83.17512],[-42.85021,83.09956],[-44.00097,83.20197],[-42.89118,83.2082],[-43.2611,83.26341],[-42.66584,83.28119],[-41.74071,83.19465],[-41.93155,83.09211],[-41.66954,83.13996],[-40.6903,82.98652],[-39.43761,82.96182],[-38.6151,82.746],[-38.47741,82.83145],[-38.74332,82.83417],[-39.09968,83.00373],[-37.27208,83.00959],[-38.78327,83.06778],[-36.88101,83.15355],[-38.68342,83.2084],[-38.8391,83.43627],[-37.81306,83.35952],[-38.05968,83.43476],[-37.91568,83.49893],[-37.58544,83.50804],[-36.44978,83.36176],[-36.90148,83.49616],[-36.7386,83.53803],[-35.2436,83.53718],[-34.70246,83.60602],[-34.52123,83.54218],[-34.3629,83.60293],[-33.83047,83.46198],[-34.01146,83.58759],[-32.49071,83.6341],[-32.30346,83.57127],[-31.74999,83.60871],[-30.64712,83.60175],[-29.26622,83.53384],[-29.1483,83.47753],[-28.63012,83.52196],[-28.51415,83.48941],[-28.92512,83.47573],[-28.56257,83.42048],[-28.15046,83.43476],[-28.38463,83.47126],[-25.67935,83.27985],[-26.07543,83.20848],[-30.73644,83.13711],[-32.16173,83.06098],[-33.43981,83.15961],[-32.49055,83.03815],[-35.56945,82.92023],[-35.29825,82.89289],[-35.52685,82.75056],[-34.95104,82.90485],[-34.02428,82.91962],[-33.88463,82.7945],[-33.60265,82.94538],[-31.82665,82.99457],[-31.6656,82.93171],[-31.392,83.0207],[-30.09691,83.12621],[-28.26089,83.08466],[-28.14281,83.04792],[-27.94811,83.08177],[-26.61815,83.06733],[-25.22143,83.16787],[-24.75365,82.99828],[-25.14928,82.85285],[-25.87271,82.77436],[-23.9331,82.91641],[-24.0253,82.76313],[-23.38419,82.85224],[-21.33951,82.62629],[-22.43733,82.33999],[-23.88671,82.27888],[-29.85228,82.13935],[-31.5821,82.22012],[-30.28742,82.16991],[-29.94319,82.0854],[-32.78966,81.8371],[-32.66714,81.67699],[-32.14794,81.6813],[-31.68016,81.83478],[-29.78844,81.94823],[-29.54967,81.89004],[-29.03856,81.99991],[-27.76195,82.06244],[-24.61986,81.98749],[-24.70621,81.78119],[-26.70377,81.54121],[-26.3872,81.42772],[-23.76635,81.74604],[-23.40392,81.71882],[-23.19542,82.02228],[-21.32763,82.07657],[-21.02465,81.76655],[-21.25682,81.51748],[-23.26675,80.89631],[-23.86473,80.58356],[-23.09325,80.72797],[-22.74755,80.93146],[-20.95128,81.23574],[-19.85119,81.54291],[-20.05065,81.58735],[-19.70816,81.6955],[-19.6328,81.63158],[-18.98388,81.6103],[-19.46056,81.3747],[-18.52375,81.50568],[-17.85534,81.40375],[-17.85155,81.46686],[-17.54621,81.38935],[-17.14684,81.4134],[-17.2202,81.48102],[-16.81265,81.53669],[-17.01989,81.58466],[-16.46129,81.63007],[-16.48522,81.74946],[-15.29003,81.83881],[-13.92048,81.8122],[-12.57006,81.69623],[-11.37682,81.47602],[-13.3546,81.01992],[-14.55272,80.99063],[-14.20075,80.81965],[-15.32071,80.71479],[-15.4204,80.64838],[-17.06298,80.66283],[-17.2399,80.72232],[-17.4591,80.64094],[-18.32225,80.55805],[-19.47167,80.66543],[-20.22281,80.56631],[-20.84545,80.55736],[-20.37979,80.53506],[-20.35265,80.4606],[-19.48803,80.63483],[-18.05508,80.49177],[-16.89623,80.58369],[-15.7552,80.41942],[-16.27001,80.29047],[-16.37532,80.32591],[-16.44734,80.21931],[-16.8907,80.19155],[-17.28844,80.218],[-17.87287,80.16112],[-19.47436,80.2602],[-20.17121,80.10431],[-19.96646,80.08324],[-20.41784,79.84846],[-20.10139,79.82095],[-19.96695,79.67939],[-19.48567,79.77367],[-19.20775,79.70848],[-19.60359,79.17992],[-19.27668,79.39167],[-19.24087,79.27302],[-18.87877,79.22508],[-18.95519,79.14899],[-19.87853,79.03197],[-19.88134,78.83686],[-20.44164,78.86079],[-20.56786,78.77656],[-20.97082,78.77888],[-20.84203,78.71528],[-21.20775,78.63288],[-20.84822,78.5926],[-21.96728,77.67919],[-21.44677,77.66258],[-21.56237,77.55317],[-20.93741,77.9737],[-19.14224,77.6872],[-18.9947,77.59992],[-19.35798,77.52635],[-20.09215,77.70136],[-20.82152,77.65351],[-20.27843,77.53303],[-20.46801,77.47443],[-20.91926,77.5091],[-20.1798,77.41559],[-20.50231,77.36213],[-19.72765,77.34113],[-19.27457,77.18928],[-19.08251,77.31843],[-18.53612,77.28095],[-18.34586,76.83588],[-18.62841,76.70161],[-19.06265,76.83788],[-20.51342,76.94571],[-20.79166,76.87006],[-21.73005,76.89082],[-20.77733,76.84235],[-21.28572,76.80801],[-21.62365,76.64643],[-22.19616,76.85668],[-22.74421,76.69843],[-22.32287,76.51504],[-22.14501,76.64582],[-21.80516,76.58857],[-22.08629,76.555],[-21.67479,76.52709],[-22.03848,76.46564],[-21.72289,76.49974],[-21.7921,76.43769],[-22.34699,76.49974],[-22.50402,76.45136],[-21.58544,76.44306],[-21.65209,76.23774],[-21.12051,76.28461],[-20.42101,76.13605],[-21.0244,76.31733],[-20.48913,76.22358],[-19.93773,76.25796],[-19.67056,76.13605],[-20.2694,75.99234],[-21.6549,75.97163],[-21.92394,76.04816],[-21.98388,75.99266],[-19.93497,75.93403],[-19.34533,75.73261],[-19.61229,75.68423],[-19.34191,75.41132],[-19.58861,75.14232],[-20.00255,75.18578],[-20.14025,75.33609],[-20.71369,75.29946],[-22.26309,75.6695],[-21.40795,75.45832],[-22.46141,75.50947],[-21.42919,75.43183],[-20.5172,75.14232],[-21.182,75.12189],[-21.76073,74.9853],[-22.43639,75.17023],[-21.76911,74.96019],[-21.11596,75.09089],[-20.62637,75.06037],[-20.60973,74.73485],[-21.09582,74.65428],[-20.2023,74.67951],[-19.71837,74.58747],[-19.40282,74.68944],[-19.3863,74.56074],[-18.97476,74.48436],[-19.62654,74.23859],[-20.20067,74.27977],[-20.37291,74.44843],[-21.6289,74.44676],[-22.11425,74.59422],[-21.76879,74.41527],[-22.47102,74.31367],[-22.03848,74.25165],[-22.47704,74.07075],[-21.98868,73.99872],[-21.82714,73.65168],[-21.78466,74.05305],[-20.29601,73.88613],[-20.54328,73.44904],[-21.5432,73.49042],[-22.31408,73.25043],[-23.44994,73.4361],[-24.03283,73.69672],[-23.51675,73.71068],[-22.66222,73.54865],[-22.17504,73.62787],[-22.79947,73.56761],[-24.06005,73.82026],[-24.45686,73.54145],[-25.69066,73.95747],[-24.70165,73.49755],[-25.29223,73.47354],[-25.70495,73.2722],[-26.15062,73.24087],[-27.33239,73.49811],[-27.45906,73.44355],[-26.39696,73.23802],[-26.71337,73.13471],[-27.7259,73.13443],[-27.40355,73.11066],[-27.48306,72.92569],[-27.26012,73.12718],[-26.65168,73.10322],[-26.44449,73.19668],[-25.05256,73.08393],[-25.13561,72.93976],[-26.08263,72.78242],[-27.38756,72.84638],[-26.39696,72.77131],[-26.78059,72.7167],[-26.307,72.73037],[-26.46898,72.57697],[-26.17764,72.7259],[-25.25621,72.81118],[-24.60131,72.55219],[-25.90974,72.42251],[-25.28893,72.39057],[-25.52619,72.12763],[-25.18098,72.36538],[-24.54638,72.42341],[-23.76122,72.24445],[-23.80748,72.11066],[-23.62027,72.15644],[-22.52514,71.91535],[-23.1232,71.6319],[-22.41576,71.79654],[-22.59553,71.57412],[-22.21443,71.7565],[-21.89452,71.74348],[-22.50744,71.55223],[-22.47672,71.26431],[-22.1324,71.49091],[-21.76464,71.508],[-21.85619,71.34862],[-21.60652,71.32575],[-21.96337,71.27045],[-21.71573,71.1197],[-22.33336,71.05948],[-21.67479,71.06566],[-21.9901,70.96882],[-21.57242,70.9558],[-21.92862,70.81244],[-21.63915,70.80061],[-21.53824,70.49706],[-21.94005,70.39033],[-22.02286,70.4995],[-22.38117,70.44872],[-22.47916,70.85541],[-22.63256,70.44546],[-23.34545,70.44058],[-24.06627,70.68968],[-24.63801,71.36176],[-25.09606,71.30484],[-25.62173,71.53864],[-26.40148,71.64248],[-26.78515,71.54654],[-28.62027,72.13447],[-28.45694,71.9394],[-27.86181,71.90803],[-27.33137,71.71882],[-28.49364,71.5659],[-27.65079,71.6131],[-27.12255,71.57217],[-27.21959,71.48139],[-25.80504,71.49067],[-25.41006,71.35366],[-25.51252,71.21589],[-25.78002,71.25747],[-25.60192,71.16958],[-26.42561,70.97455],[-27.50617,70.94212],[-27.80639,71.15656],[-27.63573,70.944],[-28.39761,70.98127],[-27.92089,70.88129],[-28.04157,70.71239],[-29.20621,70.39411],[-28.28136,70.51073],[-28.2329,70.37202],[-26.74332,70.48412],[-26.32128,70.37979],[-28.53409,70.04816],[-27.33991,69.97114],[-26.88362,70.2569],[-26.32616,70.19831],[-25.24763,70.41348],[-25.32494,70.27827],[-25.00089,70.36563],[-23.86335,70.13373],[-22.10973,70.15522],[-22.16145,70.07136],[-23.24132,69.87763],[-22.99885,69.76561],[-23.33434,69.86152],[-23.25178,69.75186],[-23.9298,69.75601],[-23.64688,69.56428],[-24.35489,69.59956],[-24.10871,69.41722],[-24.73502,69.43366],[-24.6361,69.25633],[-25.19099,69.28368],[-25.07754,69.10985],[-25.32754,69.1328],[-25.28596,69.02363],[-25.65648,69.09186],[-25.44982,68.96792],[-26.32555,68.67915],[-26.7438,68.70523],[-27.78112,68.46869],[-27.98034,68.57111],[-28.01049,68.45783],[-28.35652,68.50288],[-28.85188,68.32856],[-29.17211,68.39981],[-29.37755,68.20116],[-29.85265,68.4156],[-29.9934,68.25104],[-30.30297,68.2558],[-30.05598,68.1118],[-30.81688,68.2558],[-30.45002,68.06171],[-31.40368,68.16275],[-31.58117,68.07648],[-31.54552,68.24632],[-31.99128,68.26],[-32.48717,68.62393],[-32.07071,68.19432],[-32.45425,68.20799],[-32.0515,68.1555],[-32.03653,67.92682],[-33.20226,67.69404],[-33.53742,67.0777],[-33.97566,66.99457],[-34.27038,66.57685],[-34.41747,66.74995],[-34.71544,66.34406],[-34.97326,66.28954],[-35.11425,66.42145],[-35.21638,66.24103],[-35.83263,66.44351],[-35.58629,66.11131],[-35.74502,66.1992],[-36.32616,65.91209],[-36.55362,66.08381],[-37.01378,65.83959],[-37.0797,66.06289],[-37.18456,65.77407],[-37.85424,65.89159],[-37.16967,66.32363],[-37.85237,66.44473],[-38.14049,66.36921],[-37.68981,66.26838],[-37.99828,66.24103],[-37.99893,65.93842],[-38.48485,66.01508],[-38.10611,65.81074],[-38.22057,65.64643],[-38.75231,65.6933],[-38.60839,65.5694],[-39.07453,65.55516],[-39.34142,65.74824],[-39.42341,65.54149],[-39.66836,65.68476],[-39.807,65.508],[-40.21849,65.508],[-39.78873,65.41218],[-39.93733,65.0965],[-40.28136,65.00117],[-40.8758,65.0965]]],[[[-52.9029,69.34512],[-53.84463,69.26504],[-54.246,69.44815],[-53.40298,69.43919],[-53.34911,69.58535],[-53.81664,69.45856],[-53.95946,69.60993],[-54.96247,69.67609],[-54.68489,69.75601],[-54.38939,69.68154],[-54.91186,69.82062],[-54.86498,69.94343],[-54.22492,69.92048],[-54.7941,70.05146],[-54.74079,70.25446],[-54.32974,70.32404],[-53.49035,70.2425],[-51.93651,69.77709],[-52.02571,69.52033],[-52.9029,69.34512]]],[[[-53.27477,82.17235],[-53.24498,82.29914],[-52.78677,82.31753],[-51.20303,81.99189],[-52.10521,81.99543],[-53.19009,82.11237],[-53.27477,82.17235]]],[[[-44.52916,82.41376],[-44.43895,82.35297],[-45.07042,82.22256],[-44.73461,82.09838],[-45.03502,82.05927],[-45.42341,82.18448],[-46.87597,82.36001],[-47.72907,82.63752],[-46.32421,82.67853],[-44.52916,82.41376]]],[[[-47.85216,82.78364],[-48.3675,82.7978],[-48.28722,82.89663],[-47.50674,82.82836],[-47.53336,82.78392],[-47.85216,82.78364]]],[[[-39.43761,83.10517],[-39.66649,82.99551],[-40.53067,83.16787],[-39.43761,83.10517]]],[[[-40.10334,83.05614],[-39.86217,82.98225],[-40.70368,83.0288],[-41.42976,83.17817],[-40.85806,83.17259],[-40.10334,83.05614]]],[[[-38.83434,83.17402],[-38.64257,83.1188],[-38.91735,83.10957],[-40.04992,83.2613],[-40.62999,83.2709],[-40.48742,83.36591],[-38.83434,83.17402]]],[[[-25.31725,70.74698],[-25.99974,70.5351],[-28.11612,70.43708],[-28.04625,70.59536],[-27.14965,70.87783],[-25.70377,71.08584],[-25.31725,70.74698]]],[[[-21.94909,72.4287],[-22.76012,72.44107],[-22.04532,72.27167],[-22.20128,72.12515],[-22.52489,72.13483],[-22.49779,72.20962],[-24.06355,72.44526],[-24.4674,72.84325],[-23.13703,72.84003],[-21.94909,72.4287]]],[[[-21.92862,72.73778],[-22.65404,72.69806],[-23.16332,72.87792],[-24.52623,72.90168],[-24.57714,72.97394],[-22.81932,73.0395],[-21.96959,72.94383],[-22.18871,72.81232],[-21.92862,72.73778]]],[[[-24.52428,73.04792],[-25.70727,73.18472],[-25.24352,73.41112],[-24.46007,73.42503],[-23.20979,73.23127],[-24.98546,73.30654],[-22.89245,73.15803],[-24.52428,73.04792]]],[[[-20.35269,74.25165],[-20.16153,74.16877],[-21.26867,74.08779],[-21.98697,74.24824],[-21.24706,74.4571],[-20.53336,74.40672],[-20.35269,74.25165]]],[[[-19.80997,74.89086],[-20.0858,74.70409],[-20.66259,74.80524],[-20.3391,75.05419],[-19.96166,74.99897],[-20.17638,74.90388],[-19.80997,74.89086]]],[[[-17.31697,75.13613],[-17.6184,74.93574],[-17.88012,75.03596],[-18.89265,74.99921],[-18.94807,75.33417],[-18.53962,75.37507],[-18.3168,75.29999],[-18.05134,75.42011],[-17.80289,75.31428],[-18.20922,75.22236],[-17.81339,75.08885],[-17.31697,75.13613]]],[[[-18.55028,76.05415],[-18.65331,75.90327],[-19.13292,76.51301],[-18.76317,76.58857],[-18.97472,76.7661],[-18.67341,76.65546],[-18.55028,76.05415]]],[[[-18.76427,79.97329],[-17.74083,80.09121],[-17.2775,80.01313],[-18.17394,79.69367],[-19.41417,79.84813],[-18.91942,79.93366],[-19.00235,80.01431],[-18.76427,79.97329]]],[[[-19.52286,80.03026],[-19.59244,80.15998],[-19.20669,80.21019],[-18.70299,80.12645],[-19.52286,80.03026]]],[[[-19.45958,81.95319],[-19.65819,82.09406],[-19.3612,82.11278],[-18.63093,81.81973],[-19.04503,81.8251],[-19.45958,81.95319]]]]}},{"type":"Feature","properties":{"iso_a2":"fj","iso_a3":"FJI","admin":"Fiji","name":"Fiji"},"geometry":{"type":"MultiPolygon","coordinates":[[[[178.71144,-17.99196],[177.89405,-18.27313],[177.25164,-17.95224],[177.51515,-17.50506],[178.19011,-17.30055],[178.71144,-17.99196]]]]}},{"type":"Feature","properties":{"iso_a2":"nz","iso_a3":"NZL","admin":"New Zealand","name":"New Zealand"},"geometry":{"type":"MultiPolygon","coordinates":[[[[172.74869,-43.27969],[172.68141,-43.63934],[173.09295,-43.85418],[172.41733,-43.73748],[171.346,-44.27863],[170.77857,-45.87615],[169.6351,-46.57838],[168.3781,-46.61981],[168.36891,-46.41692],[167.59002,-46.1596],[166.76197,-46.21999],[166.74391,-45.86093],[166.48243,-46.00775],[166.48976,-45.80755],[167.02084,-45.69769],[166.77426,-45.71884],[167.05494,-45.49163],[166.71461,-45.57562],[166.82553,-45.31715],[167.20574,-45.47861],[167.01206,-45.13291],[167.93263,-44.69703],[168.37086,-44.03916],[170.85841,-42.84336],[172.59588,-40.52776],[172.99684,-40.52418],[172.66041,-40.64772],[173.01734,-40.7973],[173.10385,-41.30779],[173.85353,-40.92588],[173.79127,-41.29144],[174.13396,-41.17539],[173.89633,-41.19166],[173.99855,-40.96885],[174.32643,-41.00937],[173.93523,-41.27955],[174.32569,-41.21624],[174.05063,-41.43694],[174.28639,-41.75457],[172.74869,-43.27969]]],[[[176.95371,-39.60751],[175.96681,-41.247],[175.23748,-41.62029],[174.88966,-41.22454],[174.60939,-41.29192],[175.18377,-40.13445],[173.75929,-39.30137],[174.59401,-38.81862],[174.97706,-37.74993],[174.55828,-37.06276],[174.94842,-37.10174],[174.50034,-37.03216],[174.1823,-36.45322],[174.43141,-36.66562],[174.27101,-36.33766],[174.52491,-36.24147],[173.90797,-35.87029],[174.07984,-36.39951],[173.40724,-35.57122],[173.6609,-35.31292],[173.36996,-35.51653],[172.70281,-34.4118],[173.07927,-34.41172],[173.26661,-35.00774],[173.4441,-34.79632],[174.15113,-35.36972],[174.35304,-35.1994],[174.60678,-35.84352],[174.35271,-35.84197],[174.88054,-36.35133],[174.68019,-36.9074],[175.60955,-37.25156],[175.53224,-36.50774],[175.85174,-36.71836],[176.00229,-37.63649],[177.14552,-38.02353],[177.99203,-37.54306],[178.55055,-37.6806],[177.91196,-39.25596],[177.41326,-39.05902],[176.95371,-39.60751]]]]}},{"type":"Feature","properties":{"iso_a2":"nc","iso_a3":"NCL","admin":"New Caledonia","name":"New Caledonia"},"geometry":{"type":"MultiPolygon","coordinates":[[[[167.03443,-22.23748],[166.4367,-22.30804],[164.95143,-21.35377],[163.99195,-20.0831],[167.03443,-22.23748]]]]}},{"type":"Feature","properties":{"iso_a2":"mg","iso_a3":"MDG","admin":"Madagascar","name":"Madagascar"},"geometry":{"type":"MultiPolygon","coordinates":[[[[44.25473,-20.37607],[44.47975,-19.48398],[43.924,-17.54648],[44.44467,-16.19573],[46.14422,-15.70371],[46.46876,-15.95672],[46.33269,-15.63014],[46.94947,-15.19842],[46.95826,-15.54957],[47.23211,-15.43328],[47.05592,-15.19362],[47.44484,-14.67156],[47.42775,-15.1076],[47.79713,-14.56634],[48.00026,-14.7623],[47.70151,-14.44638],[48.03395,-14.26238],[47.90431,-13.6032],[48.29868,-13.79827],[48.78012,-13.38388],[48.72999,-12.43499],[49.27809,-11.94769],[49.94215,-13.03387],[50.48341,-15.44345],[50.16814,-15.98463],[49.90113,-15.4223],[49.63844,-15.54461],[49.84034,-16.82757],[49.43133,-17.28387],[49.44077,-18.15423],[47.12615,-24.93434],[45.16261,-25.59857],[44.02882,-24.99896],[43.22291,-22.25481],[44.25473,-20.37607]]]]}},{"type":"Feature","properties":{"iso_a2":"ph","iso_a3":"PHL","admin":"Philippines","name":"Philippines"},"geometry":{"type":"MultiPolygon","coordinates":[[[[126.56918,7.30109],[126.17213,6.90388],[126.20021,6.28319],[125.66831,7.25703],[125.37761,6.67422],[125.69923,6.04047],[125.37127,5.57294],[125.25074,6.09308],[124.96363,5.85859],[124.20167,6.22175],[123.96518,6.83234],[124.24676,7.40412],[123.70395,7.80939],[123.44467,7.80134],[123.431,7.36872],[122.61866,7.77408],[122.15447,6.92813],[121.89894,7.0572],[122.25172,7.98013],[122.94532,8.16185],[123.39715,8.72321],[123.84474,8.45222],[123.67644,7.96337],[124.40577,8.6079],[124.75318,8.50023],[124.80942,9.00947],[125.51661,9.01594],[125.45948,9.82294],[126.2199,9.30565],[126.11052,8.60712],[126.40528,8.49262],[126.56918,7.30109]]],[[[122.29721,18.40388],[122.13575,17.73729],[122.52906,17.09052],[121.39112,15.26626],[121.93629,13.99518],[122.67986,14.35053],[123.10825,13.72211],[123.3318,14.09951],[123.93775,13.784],[123.52662,13.60602],[123.74578,13.06415],[124.18458,13.05732],[124.05494,12.53726],[123.79363,12.83145],[124.02516,12.95531],[123.31007,13.01236],[122.53688,13.96113],[122.58814,13.17402],[121.72486,13.96914],[121.27882,13.59504],[120.64967,13.78425],[120.94313,14.65351],[120.5857,14.90282],[120.40211,14.45576],[119.88819,15.42902],[119.80193,16.35786],[120.40211,16.16547],[120.57016,18.50178],[122.29721,18.40388]]],[[[123.57447,10.83096],[123.03321,9.03531],[122.39519,9.84284],[122.87281,10.10041],[122.99383,10.90672],[123.57447,10.83096]]],[[[119.67189,10.55256],[117.19077,8.33832],[119.27809,10.5082],[119.2225,10.94172],[119.46754,10.73265],[119.49106,11.42089],[119.67189,10.55256]]],[[[125.27394,10.32319],[124.78045,10.15192],[124.77882,10.82144],[124.39601,10.93407],[124.30063,11.54287],[124.97633,11.39203],[125.27394,10.32319]]],[[[123.17042,11.48078],[122.7448,10.79564],[121.94972,10.43317],[121.89682,11.89379],[123.17042,11.48078]]],[[[125.71274,11.14875],[125.00099,11.28978],[125.04371,11.75776],[124.28346,12.57062],[125.27215,12.49901],[125.71274,11.14875]]],[[[121.52613,12.7045],[121.11362,12.25129],[120.32154,13.48778],[121.19711,13.4409],[121.52613,12.7045]]]]}},{"type":"Feature","properties":{"iso_a2":"lk","iso_a3":"LKA","admin":"Sri Lanka","name":"Sri Lanka"},"geometry":{"type":"MultiPolygon","coordinates":[[[[81.87599,7.09195],[81.32496,6.20539],[80.59083,5.92373],[80.094,6.13605],[79.69679,8.21906],[80.05299,9.59638],[80.61476,9.44619],[79.97071,9.81513],[80.8239,9.27049],[81.87599,7.09195]]]]}},{"type":"Feature","properties":{"iso_a2":"cw","iso_a3":"CUW","admin":"Curaçao","name":"Curaçao"},"geometry":{"type":"Polygon","coordinates":[[[-68.78075,12.09781],[-69.16613,12.38784],[-68.78075,12.09781]]]}},{"type":"Feature","properties":{"iso_a2":"aw","iso_a3":"ABW","admin":"Aruba","name":"Aruba"},"geometry":{"type":"Polygon","coordinates":[[[-69.99694,12.57758],[-69.93639,12.53172],[-69.92467,12.51923],[-69.91576,12.49702],[-69.8802,12.45356],[-69.87682,12.42739],[-69.88809,12.41767],[-69.9088,12.41779],[-69.93053,12.42597],[-69.94514,12.44037],[-69.92467,12.44037],[-69.92467,12.44721],[-69.95857,12.4632],[-70.02766,12.52293],[-70.04809,12.53115],[-70.05809,12.53718],[-70.06241,12.54682],[-70.06037,12.55695],[-70.0511,12.57404],[-70.04874,12.58373],[-70.05264,12.6],[-70.05964,12.61424],[-70.06111,12.62539],[-70.04874,12.63215],[-70.00715,12.58552],[-69.99694,12.57758]]]}},{"type":"Feature","properties":{"iso_a2":"bs","iso_a3":"BHS","admin":"The Bahamas","name":"Bahamas"},"geometry":{"type":"MultiPolygon","coordinates":[[[[-78.35359,24.65925],[-78.04515,25.18309],[-77.71874,24.49982],[-78.02746,24.27285],[-78.35359,24.65925]]]]}},{"type":"Feature","properties":{"iso_a2":"tc","iso_a3":"TCA","admin":"Turks and Caicos Islands","name":"Turks and Caicos Is."},"geometry":{"type":"MultiPolygon","coordinates":[[[[-71.80285,21.78791],[-71.82771,21.78579],[-71.83552,21.79149],[-71.84439,21.80781],[-71.84801,21.8194],[-71.85066,21.85627],[-71.84236,21.85562],[-71.83381,21.85383],[-71.82584,21.85077],[-71.8094,21.83999],[-71.79992,21.83991],[-71.79076,21.84223],[-71.78173,21.84317],[-71.72033,21.83576],[-71.69176,21.84121],[-71.67878,21.84186],[-71.66564,21.83576],[-71.65518,21.82323],[-71.63093,21.77432],[-71.64806,21.77961],[-71.65905,21.79352],[-71.66808,21.80976],[-71.67931,21.82209],[-71.67121,21.79975],[-71.65242,21.76496],[-71.64517,21.74641],[-71.6586,21.74388],[-71.66853,21.75043],[-71.68615,21.77432],[-71.69201,21.76407],[-71.69359,21.76],[-71.69982,21.76],[-71.71544,21.7873],[-71.74112,21.79491],[-71.80285,21.78791]]]]}},{"type":"Feature","properties":{"iso_a2":"tw","iso_a3":"TWN","admin":"Taiwan","name":"Taiwan"},"geometry":{"type":"MultiPolygon","coordinates":[[[[121.90577,24.9501],[120.71437,21.93749],[120.05519,23.04369],[120.18442,23.76439],[121.05934,25.05024],[121.58082,25.28303],[121.90577,24.9501]]]]}},{"type":"Feature","properties":{"iso_a2":"jp","iso_a3":"JPN","admin":"Japan","name":"Japan"},"geometry":{"type":"MultiPolygon","coordinates":[[[[131.65979,32.47682],[131.33823,31.37263],[131.07179,31.44961],[130.65772,31.00319],[130.77638,31.71027],[130.58644,31.15542],[130.11899,31.40864],[130.61134,32.78547],[130.2414,33.18823],[130.36083,32.68796],[129.74035,32.56844],[129.68161,33.09409],[130.00315,32.84538],[129.58041,33.37101],[129.85157,33.28002],[129.85319,33.5525],[131.00715,33.96605],[131.10298,33.62425],[131.66737,33.66719],[131.51038,33.2734],[132.08119,32.94323],[131.65979,32.47682]]],[[[134.68979,33.82807],[134.17653,33.23613],[133.7394,33.53751],[133.29225,33.36469],[133.00221,32.71166],[132.3824,33.01978],[132.42115,33.44449],[132.01054,33.34899],[132.8975,34.12271],[133.511,33.96524],[133.93702,34.37507],[134.64687,34.23925],[134.68979,33.82807]]],[[[133.42221,34.44501],[132.34604,34.34882],[132.04135,33.77627],[131.74147,34.05622],[130.91575,33.91399],[130.94777,34.41893],[131.41432,34.42398],[133.09126,35.60149],[135.22685,35.77232],[135.31902,35.44697],[136.06911,35.66188],[135.96322,35.99992],[136.68968,36.73083],[136.74909,37.35792],[137.34097,37.51709],[136.86093,37.07677],[137.33334,36.76273],[139.40805,38.1319],[140.04858,39.50467],[139.70099,39.96066],[140.01115,40.23546],[139.86036,40.60879],[140.27076,40.8124],[140.34228,41.26573],[140.70312,40.85329],[141.12627,40.87292],[141.20591,41.26472],[140.7658,41.14502],[140.90709,41.53855],[141.46058,41.43022],[141.43739,40.67014],[142.05844,39.4663],[141.46306,38.66136],[141.5254,38.26781],[141.30445,38.4079],[140.96681,38.17048],[141.00782,37.13386],[140.56411,36.2831],[140.87941,35.72053],[140.37763,35.17636],[139.75699,34.95628],[140.10205,35.56709],[139.76527,35.65351],[139.68507,35.14045],[139.18354,35.26327],[138.8353,34.59589],[138.80333,35.12191],[138.23329,34.59459],[137.0161,34.57879],[137.34082,34.72654],[136.97885,34.92422],[136.85597,34.73981],[136.83012,35.07883],[136.51954,34.68085],[136.89568,34.26691],[136.33668,34.18403],[135.76002,33.43334],[135.05886,33.88003],[135.41293,34.69208],[134.49122,34.78706],[133.42221,34.44501]]],[[[145.76743,43.38727],[145.01433,42.98949],[143.8864,42.84418],[143.24155,41.92805],[141.81715,42.5996],[140.97731,42.29963],[140.50066,42.57917],[140.29176,42.25959],[141.19996,41.79947],[140.66041,41.82714],[140.03826,41.44257],[139.84343,42.62694],[140.52117,42.99628],[140.36012,43.32518],[141.16912,43.14086],[141.42335,43.31786],[141.79176,44.59699],[141.6657,45.45043],[141.945,45.52041],[143.72828,44.11347],[144.74049,43.91462],[145.34148,44.34553],[145.07146,43.7746],[145.25831,43.32709],[145.76743,43.38727]]]]}},{"type":"Feature","properties":{"iso_a2":"pm","iso_a3":"SPM","admin":"Saint Pierre and Miquelon","name":"St. Pierre and Miquelon"},"geometry":{"type":"MultiPolygon","coordinates":[[[[-56.27379,46.89545],[-56.36628,47.1402],[-56.27379,46.89545]]]]}},{"type":"Feature","properties":{"iso_a2":"is","iso_a3":"ISL","admin":"Iceland","name":"Iceland"},"geometry":{"type":"MultiPolygon","coordinates":[[[[-14.56363,66.38451],[-15.17935,66.11131],[-14.61693,65.99775],[-14.84411,65.73517],[-14.3295,65.78238],[-14.56237,65.50117],[-14.24763,65.66502],[-13.60961,65.51423],[-14.00674,65.28205],[-13.56798,65.26097],[-14.03409,65.20014],[-13.52017,65.17219],[-13.58532,65.00772],[-14.23339,65.03506],[-13.71817,64.9396],[-14.0546,64.9326],[-13.83922,64.79857],[-14.27062,64.69929],[-14.5139,64.80231],[-14.27432,64.65144],[-14.92943,64.26484],[-15.4735,64.39765],[-15.39782,64.27411],[-16.79621,63.8017],[-16.96898,63.92031],[-17.00621,63.79784],[-17.71475,63.78124],[-17.96496,63.52253],[-18.73204,63.39672],[-20.1857,63.54442],[-20.55069,63.71235],[-20.41112,63.83625],[-20.5775,63.71418],[-21.04479,63.94575],[-22.69123,63.8122],[-22.70214,64.08592],[-22.51846,63.97944],[-22.04068,64.05109],[-21.44201,64.36408],[-22.09996,64.31501],[-21.51089,64.65144],[-22.16478,64.45966],[-22.40844,64.82274],[-23.83357,64.7259],[-24.06005,64.89106],[-23.16857,65.02009],[-23.10729,64.91836],[-22.71752,65.076],[-21.82624,65.03506],[-21.7661,65.20795],[-22.55248,65.18586],[-21.6953,65.45336],[-22.25381,65.43366],[-22.1068,65.59675],[-22.47863,65.508],[-22.54589,65.63402],[-22.73152,65.50178],[-22.95344,65.61042],[-23.89753,65.40461],[-24.53991,65.508],[-24.30337,65.63837],[-23.80679,65.53535],[-24.09284,65.80476],[-23.56176,65.61367],[-23.28547,65.67935],[-23.53917,65.72272],[-23.18985,65.78238],[-23.86661,65.87556],[-23.20979,65.84321],[-23.8131,66.01138],[-23.37487,65.98778],[-23.66967,66.1175],[-23.39533,66.09764],[-23.46141,66.20417],[-22.81932,65.91209],[-22.68273,66.05585],[-22.43163,65.84589],[-22.38117,66.09764],[-22.97761,66.2342],[-22.3675,66.27521],[-23.13931,66.32779],[-22.95031,66.46699],[-22.43102,66.46475],[-21.66796,66.02192],[-21.33064,66.00902],[-21.60652,65.96052],[-21.30175,65.93598],[-21.33214,65.74079],[-21.77782,65.7687],[-21.32091,65.60187],[-21.4768,65.44652],[-21.21215,65.43818],[-21.08991,65.16616],[-20.91808,65.60139],[-20.67536,65.69391],[-20.47566,65.49494],[-20.27013,65.66502],[-20.4077,66.09077],[-20.09203,66.13117],[-19.45617,65.72895],[-19.43786,66.06664],[-18.82702,66.20344],[-18.06359,65.64521],[-18.29699,66.17963],[-17.54967,65.91209],[-17.14562,66.22118],[-16.42626,66.14484],[-16.54332,66.50699],[-16.02294,66.53661],[-15.38036,66.14997],[-14.56363,66.38451]]]]}},{"type":"Feature","properties":{"iso_a2":"pn","iso_a3":"PCN","admin":"Pitcairn Islands","name":"Pitcairn Is."},"geometry":{"type":"MultiPolygon","coordinates":[[[[-128.33019,-24.32431],[-128.3037,-24.33465],[-128.29084,-24.36566],[-128.29015,-24.39837],[-128.30012,-24.41367],[-128.32067,-24.40065],[-128.34219,-24.37176],[-128.35025,-24.34124],[-128.33019,-24.32431]]]]}},{"type":"Feature","properties":{"iso_a2":"pf","iso_a3":"PYF","admin":"French Polynesia","name":"Fr. Polynesia"},"geometry":{"type":"MultiPolygon","coordinates":[[[[-149.18346,-17.73121],[-149.63276,-17.5534],[-149.18346,-17.73121]]]]}},{"type":"Feature","properties":{"iso_a2":"tf","iso_a3":"ATF","admin":"French Southern and Antarctic Lands","name":"Fr. S. Antarctic Lands"},"geometry":{"type":"MultiPolygon","coordinates":[[[[70.54884,-49.1832],[70.46648,-49.43914],[69.69191,-49.40447],[70.29591,-49.53037],[70.24431,-49.68548],[69.22739,-49.48846],[68.7645,-49.67498],[69.01564,-48.65456],[68.99977,-49.09043],[69.58953,-48.95257],[69.41131,-49.27467],[70.33595,-49.05397],[70.54884,-49.1832]]]]}},{"type":"Feature","properties":{"iso_a2":"sc","iso_a3":"SYC","admin":"Seychelles","name":"Seychelles"},"geometry":{"type":"MultiPolygon","coordinates":[[[[55.4017,-4.66053],[55.39443,-4.65786],[55.3949,-4.65386],[55.40008,-4.65294],[55.39753,-4.64984],[55.3895,-4.64729],[55.37966,-4.64948],[55.37127,-4.64692],[55.36562,-4.64273],[55.36726,-4.63926],[55.37492,-4.63999],[55.37765,-4.63781],[55.37473,-4.6327],[55.38841,-4.61957],[55.39461,-4.61702],[55.40685,-4.61607],[55.41762,-4.61138],[55.4223,-4.60343],[55.42612,-4.59547],[55.43165,-4.59157],[55.43434,-4.57952],[55.4337,-4.56254],[55.44061,-4.56051],[55.44753,-4.56112],[55.4549,-4.56223],[55.46386,-4.57138],[55.46722,-4.58343],[55.46311,-4.58791],[55.45994,-4.59855],[55.45994,-4.60648],[55.45885,-4.61812],[55.46177,-4.62255],[55.45719,-4.624],[55.45668,-4.6258],[55.46441,-4.6254],[55.47566,-4.63994],[55.49766,-4.65539],[55.51638,-4.66802],[55.52855,-4.68019],[55.52153,-4.70781],[55.52528,-4.7139],[55.52809,-4.73683],[55.51966,-4.73917],[55.51685,-4.75041],[55.52575,-4.77007],[55.52719,-4.78379],[55.53464,-4.78973],[55.53792,-4.80377],[55.51966,-4.80377],[55.50421,-4.79581],[55.49111,-4.77288],[55.4869,-4.76211],[55.478,-4.75883],[55.47098,-4.76351],[55.46349,-4.75977],[55.46817,-4.74151],[55.48478,-4.7416],[55.49158,-4.73636],[55.48502,-4.72747],[55.48034,-4.72139],[55.48175,-4.71296],[55.478,-4.70641],[55.46817,-4.70547],[55.45834,-4.69096],[55.44898,-4.67785],[55.43541,-4.67645],[55.41809,-4.66615],[55.4092,-4.66078],[55.4017,-4.66053]]]]}},{"type":"Feature","properties":{"iso_a2":"ki","iso_a3":"KIR","admin":"Kiribati","name":"Kiribati"},"geometry":{"type":"MultiPolygon","coordinates":[[[[-157.19099,1.7639],[-157.57824,1.90795],[-157.19099,1.7639]]]]}},{"type":"Feature","properties":{"iso_a2":"mh","iso_a3":"MHL","admin":"Marshall Islands","name":"Marshall Is."},"geometry":{"type":"MultiPolygon","coordinates":[[[[171.39356,7.10993],[171.03566,7.1551],[171.39356,7.10993]]]]}},{"type":"Feature","properties":{"iso_a2":"tt","iso_a3":"TTO","admin":"Trinidad and Tobago","name":"Trinidad and Tobago"},"geometry":{"type":"MultiPolygon","coordinates":[[[[-61.00227,10.69937],[-60.996,10.13825],[-61.9287,10.05646],[-61.46215,10.28221],[-61.66759,10.70677],[-61.00227,10.69937]]]]}},{"type":"Feature","properties":{"iso_a2":"gd","iso_a3":"GRD","admin":"Grenada","name":"Grenada"},"geometry":{"type":"MultiPolygon","coordinates":[[[[-61.61294,12.21442],[-61.79052,12.00837],[-61.61294,12.21442]]]]}},{"type":"Feature","properties":{"iso_a2":"vc","iso_a3":"VCT","admin":"Saint Vincent and the Grenadines","name":"St. Vin. and Gren."},"geometry":{"type":"MultiPolygon","coordinates":[[[[-61.16735,13.14606],[-61.18712,13.38044],[-61.16735,13.14606]]]]}},{"type":"Feature","properties":{"iso_a2":"bb","iso_a3":"BRB","admin":"Barbados","name":"Barbados"},"geometry":{"type":"Polygon","coordinates":[[[-59.42691,13.16039],[-59.64513,13.32372],[-59.42691,13.16039]]]}},{"type":"Feature","properties":{"iso_a2":"lc","iso_a3":"LCA","admin":"Saint Lucia","name":"Saint Lucia"},"geometry":{"type":"Polygon","coordinates":[[[-60.88679,14.01008],[-60.95507,13.71467],[-60.88679,14.01008]]]}},{"type":"Feature","properties":{"iso_a2":"dm","iso_a3":"DMA","admin":"Dominica","name":"Dominica"},"geometry":{"type":"Polygon","coordinates":[[[-61.36286,15.20181],[-61.46898,15.63386],[-61.36286,15.20181]]]}},{"type":"Feature","properties":{"iso_a2":"um","iso_a3":"UMI","admin":"United States Minor Outlying Islands","name":"U.S. Minor Outlying Is."},"geometry":{"type":"MultiPolygon","coordinates":[[[[-162.06086,5.88719],[-162.05761,5.88247],[-162.06111,5.87344],[-162.07307,5.86937],[-162.09114,5.87165],[-162.09435,5.87535],[-162.09077,5.87482],[-162.08707,5.87824],[-162.07506,5.88552],[-162.0782,5.8854],[-162.08271,5.88418],[-162.08731,5.88386],[-162.09386,5.88581],[-162.10029,5.88642],[-162.10363,5.88858],[-162.10172,5.89024],[-162.07136,5.89016],[-162.06086,5.88719]]]]}},{"type":"Feature","properties":{"iso_a2":"ms","iso_a3":"MSR","admin":"Montserrat","name":"Montserrat"},"geometry":{"type":"Polygon","coordinates":[[[-62.14737,16.74429],[-62.14769,16.73705],[-62.15176,16.72451],[-62.15079,16.72036],[-62.14757,16.71589],[-62.14391,16.70897],[-62.14118,16.70185],[-62.14053,16.69648],[-62.14403,16.68822],[-62.14977,16.68179],[-62.15783,16.67731],[-62.16788,16.67536],[-62.21886,16.68871],[-62.23013,16.72761],[-62.21886,16.77631],[-62.20202,16.81932],[-62.18944,16.81444],[-62.18293,16.81273],[-62.17467,16.81314],[-62.17931,16.7945],[-62.17003,16.777],[-62.15632,16.76032],[-62.14737,16.74429]]]}},{"type":"Feature","properties":{"iso_a2":"ag","iso_a3":"ATG","admin":"Antigua and Barbuda","name":"Antigua and Barb."},"geometry":{"type":"MultiPolygon","coordinates":[[[[-61.88362,17.04902],[-61.66759,17.07941],[-61.88362,17.04902]]]]}},{"type":"Feature","properties":{"iso_a2":"kn","iso_a3":"KNA","admin":"Saint Kitts and Nevis","name":"St. Kitts and Nevis"},"geometry":{"type":"MultiPolygon","coordinates":[[[[-62.65046,17.26561],[-62.85314,17.39472],[-62.65046,17.26561]]]]}},{"type":"Feature","properties":{"iso_a2":"vi","iso_a3":"VIR","admin":"United States Virgin Islands","name":"U.S. Virgin Is."},"geometry":{"type":"MultiPolygon","coordinates":[[[[-64.5594,17.75161],[-64.89517,17.68277],[-64.5594,17.75161]]]]}},{"type":"Feature","properties":{"iso_a2":"bl","iso_a3":"BLM","admin":"Saint Barthelemy","name":"St-Barthélemy"},"geometry":{"type":"Polygon","coordinates":[[[-62.83886,17.88199],[-62.85094,17.89045],[-62.86132,17.90542],[-62.86734,17.9204],[-62.86612,17.92914],[-62.85741,17.92504],[-62.79166,17.91547],[-62.79894,17.90449],[-62.81013,17.89228],[-62.82384,17.88325],[-62.83886,17.88199]]]}},{"type":"Feature","properties":{"iso_a2":"pr","iso_a3":"PRI","admin":"Puerto Rico","name":"Puerto Rico"},"geometry":{"type":"MultiPolygon","coordinates":[[[[-65.62881,18.2792],[-65.93912,17.97053],[-67.18419,17.93507],[-67.27084,18.36183],[-65.62881,18.2792]]]]}},{"type":"Feature","properties":{"iso_a2":"ai","iso_a3":"AIA","admin":"Anguilla","name":"Anguilla"},"geometry":{"type":"MultiPolygon","coordinates":[[[[-63.0074,18.27302],[-62.984,18.27644],[-62.97265,18.27586],[-62.97289,18.26927],[-62.99291,18.23688],[-63.00056,18.22736],[-63.01154,18.22045],[-63.03767,18.21296],[-63.09952,18.17617],[-63.10237,18.18041],[-63.10912,18.18505],[-63.11384,18.18985],[-63.13683,18.17341],[-63.1505,18.16909],[-63.16784,18.16934],[-63.14208,18.19815],[-63.13435,18.20409],[-63.12279,18.20807],[-63.09724,18.21247],[-63.08585,18.21772],[-63.06778,18.23648],[-63.05508,18.25434],[-63.0382,18.26773],[-63.0074,18.27302]]]]}},{"type":"Feature","properties":{"iso_a2":"vg","iso_a3":"VGB","admin":"British Virgin Islands","name":"British Virgin Is."},"geometry":{"type":"MultiPolygon","coordinates":[[[[-64.63512,18.4055],[-64.64367,18.39395],[-64.65968,18.38307],[-64.67548,18.38411],[-64.68963,18.38464],[-64.71413,18.3862],[-64.70051,18.39807],[-64.68255,18.39955],[-64.6744,18.4124],[-64.66565,18.4244],[-64.66182,18.44042],[-64.6417,18.45116],[-64.62727,18.44709],[-64.60363,18.45162],[-64.5927,18.44856],[-64.56016,18.4541],[-64.5272,18.44912],[-64.51685,18.43929],[-64.52013,18.43412],[-64.53159,18.43568],[-64.5486,18.44027],[-64.56117,18.43355],[-64.5664,18.42573],[-64.57404,18.41914],[-64.58332,18.41633],[-64.59118,18.41779],[-64.597,18.4208],[-64.60338,18.42304],[-64.61339,18.42255],[-64.61286,18.4195],[-64.62072,18.41157],[-64.63036,18.40485],[-64.63512,18.4055]]]]}},{"type":"Feature","properties":{"iso_a2":"jm","iso_a3":"JAM","admin":"Jamaica","name":"Jamaica"},"geometry":{"type":"Polygon","coordinates":[[[-76.26374,18.01236],[-77.17894,17.70417],[-78.37466,18.26557],[-77.27261,18.45938],[-76.26374,18.01236]]]}},{"type":"Feature","properties":{"iso_a2":"ky","iso_a3":"CYM","admin":"Cayman Islands","name":"Cayman Is."},"geometry":{"type":"MultiPolygon","coordinates":[[[[-81.1361,19.35489],[-81.41654,19.37003],[-81.1361,19.35489]]]]}},{"type":"Feature","properties":{"iso_a2":"bm","iso_a3":"BMU","admin":"Bermuda","name":"Bermuda"},"geometry":{"type":"MultiPolygon","coordinates":[[[[-64.6761,32.38866],[-64.8763,32.25777],[-64.6761,32.38866]]]]}},{"type":"Feature","properties":{"iso_a2":"hm","iso_a3":"HMD","admin":"Heard Island and McDonald Islands","name":"Heard I. and McDonald Is."},"geometry":{"type":"Polygon","coordinates":[[[73.73512,-53.1124],[73.4734,-53.18922],[73.23601,-52.98203],[73.73512,-53.1124]]]}},{"type":"Feature","properties":{"iso_a2":"sh","iso_a3":"SHN","admin":"Saint Helena","name":"Saint Helena"},"geometry":{"type":"MultiPolygon","coordinates":[[[[-5.72183,-15.90895],[-5.70958,-15.907],[-5.67968,-15.90732],[-5.66666,-15.90211],[-5.6577,-15.91953],[-5.65197,-15.9345],[-5.65038,-15.94891],[-5.65355,-15.96356],[-5.66275,-15.97959],[-5.67394,-15.98821],[-5.68692,-15.99481],[-5.70198,-16.00514],[-5.70434,-15.99944],[-5.70775,-15.99635],[-5.71166,-15.99432],[-5.71565,-15.9909],[-5.72989,-16.00482],[-5.74649,-16.01385],[-5.76374,-16.01572],[-5.78018,-16.00823],[-5.78954,-15.99529],[-5.78718,-15.98447],[-5.78038,-15.9734],[-5.77652,-15.96014],[-5.77013,-15.94524],[-5.75512,-15.92995],[-5.73705,-15.91717],[-5.72183,-15.90895]]]]}},{"type":"Feature","properties":{"iso_a2":"mu","iso_a3":"MUS","admin":"Mauritius","name":"Mauritius"},"geometry":{"type":"MultiPolygon","coordinates":[[[[57.79575,-20.22275],[57.30787,-20.44427],[57.59653,-19.9826],[57.79575,-20.22275]]]]}},{"type":"Feature","properties":{"iso_a2":"km","iso_a3":"COM","admin":"Comoros","name":"Comoros"},"geometry":{"type":"MultiPolygon","coordinates":[[[[43.46656,-11.82171],[43.27654,-11.37957],[43.46656,-11.82171]]]]}},{"type":"Feature","properties":{"iso_a2":"st","iso_a3":"STP","admin":"São Tomé and Principe","name":"São Tomé and Principe"},"geometry":{"type":"MultiPolygon","coordinates":[[[[6.68141,0.40713],[6.52662,0.02411],[6.68141,0.40713]]]]}},{"type":"Feature","properties":{"iso_a2":"cv","iso_a3":"CPV","admin":"Cabo Verde","name":"Cabo Verde"},"geometry":{"type":"MultiPolygon","coordinates":[[[[-23.45678,15.02367],[-23.71508,14.96845],[-23.77953,15.31167],[-23.45678,15.02367]]]]}},{"type":"Feature","properties":{"iso_a2":"mt","iso_a3":"MLT","admin":"Malta","name":"Malta"},"geometry":{"type":"MultiPolygon","coordinates":[[[[14.54803,35.89004],[14.32203,35.97313],[14.54803,35.89004]]]]}},{"type":"Feature","properties":{"iso_a2":"je","iso_a3":"JEY","admin":"Jersey","name":"Jersey"},"geometry":{"type":"Polygon","coordinates":[[[-2.08267,49.26024],[-2.06786,49.25068],[-2.02066,49.23526],[-2.02196,49.22549],[-2.01732,49.22138],[-2.01187,49.21528],[-2.00829,49.21247],[-2.017,49.20722],[-2.02098,49.20075],[-2.02204,49.19245],[-2.02196,49.18138],[-2.02453,49.17133],[-2.03116,49.17145],[-2.04003,49.17573],[-2.04922,49.17829],[-2.07999,49.1787],[-2.09699,49.18366],[-2.12023,49.19916],[-2.1289,49.20307],[-2.13793,49.20563],[-2.14485,49.20563],[-2.15294,49.19994],[-2.16063,49.19074],[-2.16869,49.17829],[-2.17715,49.18016],[-2.18969,49.18911],[-2.2001,49.19196],[-2.20295,49.19042],[-2.22338,49.18472],[-2.23363,49.18452],[-2.22647,49.206],[-2.23323,49.2285],[-2.24201,49.24795],[-2.24112,49.26024],[-2.22936,49.26301],[-2.2152,49.26024],[-2.19628,49.2534],[-2.18273,49.25406],[-2.17235,49.25625],[-2.16271,49.2604],[-2.15168,49.26703],[-2.14379,49.26187],[-2.12198,49.25829],[-2.11067,49.2534],[-2.10387,49.2582],[-2.09756,49.25967],[-2.08267,49.26024]]]}},{"type":"Feature","properties":{"iso_a2":"gg","iso_a3":"GGY","admin":"Guernsey","name":"Guernsey"},"geometry":{"type":"MultiPolygon","coordinates":[[[[-2.58023,49.4936],[-2.55956,49.49934],[-2.5382,49.50983],[-2.51822,49.51553],[-2.5017,49.50666],[-2.50577,49.49799],[-2.52212,49.47997],[-2.52672,49.45848],[-2.53295,49.44286],[-2.53279,49.43891],[-2.53409,49.43623],[-2.54198,49.43089],[-2.55207,49.4267],[-2.55871,49.42719],[-2.56485,49.42951],[-2.57311,49.43089],[-2.66934,49.43089],[-2.67345,49.4335],[-2.67077,49.43879],[-2.66295,49.44379],[-2.65185,49.44522],[-2.65657,49.45942],[-2.65026,49.46369],[-2.63793,49.46385],[-2.62462,49.46572],[-2.58023,49.4936]]]]}},{"type":"Feature","properties":{"iso_a2":"im","iso_a3":"IMN","admin":"Isle of Man","name":"Isle of Man"},"geometry":{"type":"Polygon","coordinates":[[[-4.61213,54.05695],[-4.36779,54.41901],[-4.61213,54.05695]]]}},{"type":"Feature","properties":{"iso_a2":"ax","iso_a3":"ALD","admin":"Aland","name":"Åland"},"geometry":{"type":"MultiPolygon","coordinates":[[[[20.20875,60.22468],[20.02369,60.31346],[19.9485,60.04768],[19.64698,60.26569],[19.81422,60.19062],[19.88234,60.40559],[20.20875,60.22468]]]]}},{"type":"Feature","properties":{"iso_a2":"fo","iso_a3":"FRO","admin":"Faroe Islands","name":"Faeroe Is."},"geometry":{"type":"MultiPolygon","coordinates":[[[[-7.22265,62.1706],[-7.07262,62.29027],[-6.70189,61.94404],[-7.22265,62.1706]]]]}},{"type":"Feature","properties":{"iso_a2":"au","iso_a3":"IOA","admin":"Indian Ocean Territories","name":"Indian Ocean Ter."},"geometry":{"type":"MultiPolygon","coordinates":[[[[105.70411,-10.43084],[105.71469,-10.43719],[105.71266,-10.45094],[105.71144,-10.4699],[105.70631,-10.49424],[105.70631,-10.51426],[105.69793,-10.52898],[105.69988,-10.5534],[105.69459,-10.56487],[105.67872,-10.56601],[105.67351,-10.54909],[105.66725,-10.5333],[105.66407,-10.51849],[105.64926,-10.51312],[105.62818,-10.50897],[105.60499,-10.51002],[105.58497,-10.51637],[105.5818,-10.50481],[105.5923,-10.49847],[105.59962,-10.48056],[105.59425,-10.46673],[105.59425,-10.45403],[105.60719,-10.45843],[105.62713,-10.46893],[105.65455,-10.4699],[105.66928,-10.45623],[105.68523,-10.44036],[105.70411,-10.43084]]]]}},{"type":"Feature","properties":{"iso_a2":"io","iso_a3":"IOT","admin":"British Indian Ocean Territory","name":"Br. Indian Ocean Ter."},"geometry":{"type":"MultiPolygon","coordinates":[[[[72.46754,-7.38388],[72.47153,-7.37908],[72.47478,-7.37656],[72.47771,-7.37282],[72.48032,-7.36468],[72.48316,-7.37029],[72.48463,-7.37591],[72.48414,-7.3825],[72.48064,-7.39056],[72.47267,-7.4],[72.4441,-7.42498],[72.43287,-7.43222],[72.42693,-7.40399],[72.43287,-7.34678],[72.42604,-7.32293],[72.41944,-7.31732],[72.39666,-7.30486],[72.38819,-7.3025],[72.37924,-7.29681],[72.35768,-7.26832],[72.37094,-7.2702],[72.42018,-7.30389],[72.43287,-7.3161],[72.43897,-7.34026],[72.43287,-7.42539],[72.44321,-7.41644],[72.46754,-7.38388]]]]}},{"type":"Feature","properties":{"iso_a2":"sg","iso_a3":"SGP","admin":"Singapore","name":"Singapore"},"geometry":{"type":"Polygon","coordinates":[[[103.96078,1.3911],[103.64039,1.32225],[103.96078,1.3911]]]}},{"type":"Feature","properties":{"iso_a2":"nf","iso_a3":"NFK","admin":"Norfolk Island","name":"Norfolk Island"},"geometry":{"type":"Polygon","coordinates":[[[167.98414,-29.01784],[167.99635,-29.02565],[167.99464,-29.04258],[167.98504,-29.05926],[167.97348,-29.06634],[167.97006,-29.06894],[167.96795,-29.07203],[167.96648,-29.07578],[167.96664,-29.08001],[167.9607,-29.06561],[167.95045,-29.05657],[167.93971,-29.05576],[167.93263,-29.06634],[167.92644,-29.06634],[167.92433,-29.0556],[167.92018,-29.04551],[167.91831,-29.03639],[167.92237,-29.02874],[167.92994,-29.01946],[167.93051,-29.01214],[167.92457,-29.00872],[167.91212,-29.01165],[167.92652,-28.99749],[167.94557,-29.00124],[167.96583,-29.01181],[167.98414,-29.01784]]]}},{"type":"Feature","properties":{"iso_a2":"ck","iso_a3":"COK","admin":"Cook Islands","name":"Cook Is."},"geometry":{"type":"MultiPolygon","coordinates":[[[[-159.79784,-21.18613],[-159.77843,-21.18694],[-159.75841,-21.19183],[-159.74275,-21.20159],[-159.7364,-21.21673],[-159.73603,-21.23699],[-159.73786,-21.24627],[-159.74323,-21.25433],[-159.77086,-21.25018],[-159.77428,-21.25091],[-159.79328,-21.24163],[-159.83308,-21.24456],[-159.84626,-21.23382],[-159.83882,-21.22633],[-159.83283,-21.20762],[-159.83141,-21.19557],[-159.82343,-21.18906],[-159.79784,-21.18613]]]]}},{"type":"Feature","properties":{"iso_a2":"to","iso_a3":"TON","admin":"Tonga","name":"Tonga"},"geometry":{"type":"MultiPolygon","coordinates":[[[[-175.06554,-21.12396],[-175.36482,-21.11395],[-175.06554,-21.12396]]]]}},{"type":"Feature","properties":{"iso_a2":"wf","iso_a3":"WLF","admin":"Wallis and Futuna","name":"Wallis and Futuna Is."},"geometry":{"type":"MultiPolygon","coordinates":[[[[-176.15547,-13.20892],[-176.14301,-13.23073],[-176.13056,-13.24765],[-176.1256,-13.26409],[-176.13561,-13.28476],[-176.13215,-13.28851],[-176.13056,-13.29119],[-176.12816,-13.29827],[-176.14448,-13.30088],[-176.14765,-13.31048],[-176.14183,-13.33587],[-176.14717,-13.34775],[-176.15949,-13.35027],[-176.17321,-13.34645],[-176.18281,-13.33929],[-176.18391,-13.32383],[-176.19477,-13.30674],[-176.19957,-13.29062],[-176.18281,-13.27793],[-176.19018,-13.25701],[-176.18403,-13.23789],[-176.1704,-13.22145],[-176.15547,-13.20892]]]]}},{"type":"Feature","properties":{"iso_a2":"ws","iso_a3":"WSM","admin":"Samoa","name":"Samoa"},"geometry":{"type":"MultiPolygon","coordinates":[[[[-172.20104,-13.59254],[-172.52318,-13.80535],[-172.78258,-13.52028],[-172.20104,-13.59254]]]]}},{"type":"Feature","properties":{"iso_a2":"sb","iso_a3":"SLB","admin":"Solomon Islands","name":"Solomon Is."},"geometry":{"type":"MultiPolygon","coordinates":[[[[160.82635,-9.83734],[159.83562,-9.79388],[159.61598,-9.29534],[160.82635,-9.83734]]]]}},{"type":"Feature","properties":{"iso_a2":"tv","iso_a3":"TUV","admin":"Tuvalu","name":"Tuvalu"},"geometry":{"type":"MultiPolygon","coordinates":[[[[179.19125,-8.54209],[179.20004,-8.52956],[179.20411,-8.51898],[179.20232,-8.5097],[179.19809,-8.49782],[179.19752,-8.48154],[179.19939,-8.46063],[179.20639,-8.47405],[179.2072,-8.49847],[179.21551,-8.51133],[179.21754,-8.5206],[179.20973,-8.52996],[179.19125,-8.54209]]]]}},{"type":"Feature","properties":{"iso_a2":"mv","iso_a3":"MDV","admin":"Maldives","name":"Maldives"},"geometry":{"type":"MultiPolygon","coordinates":[[[[73.5462,4.24304],[73.55288,4.2368],[73.55199,4.22833],[73.54932,4.21228],[73.53817,4.18331],[73.52659,4.17128],[73.51089,4.16209],[73.48692,4.16415],[73.47666,4.1686],[73.4312,4.18465],[73.43209,4.19],[73.51202,4.1863],[73.52053,4.19112],[73.52614,4.20783],[73.53327,4.231],[73.5462,4.24304]]]]}},{"type":"Feature","properties":{"iso_a2":"nr","iso_a3":"NRU","admin":"Nauru","name":"Nauru"},"geometry":{"type":"Polygon","coordinates":[[[166.93881,-0.49041],[166.95558,-0.49798],[166.95826,-0.51767],[166.95135,-0.53916],[166.93881,-0.55185],[166.91635,-0.54754],[166.90699,-0.52484],[166.91342,-0.50018],[166.93881,-0.49041]]]}},{"type":"Feature","properties":{"iso_a2":"fm","iso_a3":"FSM","admin":"Federated States of Micronesia","name":"Micronesia"},"geometry":{"type":"MultiPolygon","coordinates":[[[[158.29078,6.93797],[158.29624,6.92813],[158.3047,6.92438],[158.31471,6.92577],[158.32496,6.93114],[158.33823,6.8791],[158.33863,6.86909],[158.33074,6.8666],[158.30885,6.86848],[158.30445,6.86595],[158.30641,6.85521],[158.3156,6.83661],[158.31756,6.82469],[158.31381,6.80866],[158.30453,6.7993],[158.29249,6.79507],[158.24448,6.78827],[158.22535,6.7895],[158.2151,6.80077],[158.19353,6.79344],[158.18019,6.80248],[158.17058,6.81753],[158.16049,6.82811],[158.16456,6.84121],[158.16603,6.85399],[158.16293,6.86579],[158.15309,6.87592],[158.15593,6.87987],[158.16049,6.8902],[158.13299,6.89191],[158.12582,6.90742],[158.1325,6.94135],[158.14186,6.951],[158.16114,6.95136],[158.17823,6.95604],[158.18092,6.97895],[158.20167,6.97004],[158.20826,6.96528],[158.21803,6.97085],[158.22527,6.9702],[158.23243,6.96711],[158.24236,6.96528],[158.26734,6.96638],[158.27662,6.96528],[158.27735,6.9632],[158.29396,6.9523],[158.29705,6.95165],[158.30348,6.94286],[158.30079,6.94074],[158.29078,6.93797]]]]}},{"type":"Feature","properties":{"iso_a2":"gs","iso_a3":"SGS","admin":"South Georgia and the Islands","name":"S. Geo. and the Is."},"geometry":{"type":"MultiPolygon","coordinates":[[[[-35.9088,-54.68727],[-36.11596,-54.88453],[-36.49901,-54.51051],[-37.40246,-54.26995],[-37.23729,-54.14772],[-38.03238,-54.00994],[-36.6551,-54.10613],[-35.9088,-54.68727]]]]}},{"type":"Feature","properties":{"iso_a2":"fk","iso_a3":"FLK","admin":"Falkland Islands","name":"Falkland Is."},"geometry":{"type":"MultiPolygon","coordinates":[[[[-59.6324,-51.74131],[-60.59276,-52.23675],[-61.03694,-52.04656],[-60.18407,-51.76116],[-60.62499,-51.66961],[-60.07738,-51.69354],[-60.64598,-51.35149],[-59.25597,-51.38738],[-59.6324,-51.74131]]],[[[-57.81623,-51.69354],[-58.41906,-51.89218],[-58.9403,-51.79656],[-58.64122,-52.10784],[-59.2696,-51.99049],[-59.04898,-52.2125],[-59.45604,-52.14218],[-59.33894,-52.34173],[-59.72155,-52.1076],[-59.20718,-51.70721],[-58.9901,-51.80364],[-58.95397,-51.24847],[-58.40661,-51.32383],[-58.23086,-51.65252],[-58.29125,-51.42254],[-57.9064,-51.37664],[-57.77794,-51.54306],[-58.14517,-51.54266],[-57.81623,-51.69354]]]]}},{"type":"Feature","properties":{"iso_a2":"vu","iso_a3":"VUT","admin":"Vanuatu","name":"Vanuatu"},"geometry":{"type":"MultiPolygon","coordinates":[[[[167.14064,-15.53558],[166.75392,-15.6277],[166.55616,-14.64593],[166.81316,-15.16041],[167.08286,-14.92889],[167.14064,-15.53558]]]]}},{"type":"Feature","properties":{"iso_a2":"nu","iso_a3":"NIU","admin":"Niue","name":"Niue"},"geometry":{"type":"Polygon","coordinates":[[[-169.85115,-18.9651],[-169.82531,-18.96795],[-169.82262,-18.97259],[-169.79426,-19.04713],[-169.78291,-19.06894],[-169.79686,-19.07391],[-169.80598,-19.08196],[-169.82384,-19.10231],[-169.86543,-19.12965],[-169.873,-19.12591],[-169.88097,-19.12908],[-169.89891,-19.14275],[-169.90205,-19.13299],[-169.90998,-19.12859],[-169.92109,-19.12802],[-169.93371,-19.12965],[-169.93053,-19.1264],[-169.92797,-19.12282],[-169.92479,-19.11932],[-169.91942,-19.11598],[-169.92406,-19.09938],[-169.92626,-19.0949],[-169.95043,-19.08734],[-169.9477,-19.06943],[-169.92626,-19.03753],[-169.92797,-19.03183],[-169.93159,-19.02654],[-169.9344,-19.02093],[-169.93371,-19.0136],[-169.93025,-19.0084],[-169.92638,-19.00742],[-169.92182,-19.00701],[-169.91601,-19.00311],[-169.89582,-18.9651],[-169.86372,-18.96404],[-169.85115,-18.9651]]]}},{"type":"Feature","properties":{"iso_a2":"as","iso_a3":"ASM","admin":"American Samoa","name":"American Samoa"},"geometry":{"type":"MultiPolygon","coordinates":[[[[-170.59101,-14.26483],[-170.83125,-14.31943],[-170.59101,-14.26483]]]]}},{"type":"Feature","properties":{"iso_a2":"pw","iso_a3":"PLW","admin":"Palau","name":"Palau"},"geometry":{"type":"MultiPolygon","coordinates":[[[[134.6482,7.71943],[134.52801,7.35757],[134.6482,7.71943]]]]}},{"type":"Feature","properties":{"iso_a2":"gu","iso_a3":"GUM","admin":"Guam","name":"Guam"},"geometry":{"type":"Polygon","coordinates":[[[144.8864,13.6402],[144.68068,13.24677],[144.8864,13.6402]]]}},{"type":"Feature","properties":{"iso_a2":"mp","iso_a3":"MNP","admin":"Northern Mariana Islands","name":"N. Mariana Is."},"geometry":{"type":"MultiPolygon","coordinates":[[[[145.78785,15.26728],[145.80112,15.27216],[145.81658,15.27017],[145.82374,15.2624],[145.81186,15.25023],[145.80047,15.24323],[145.79273,15.23225],[145.77589,15.18952],[145.77654,15.18085],[145.78452,15.16828],[145.7798,15.15917],[145.77361,15.15461],[145.76612,15.15501],[145.75717,15.16083],[145.74496,15.14985],[145.73878,15.13666],[145.73943,15.12271],[145.74692,15.10932],[145.75261,15.09601],[145.73854,15.09642],[145.72104,15.10236],[145.71632,15.10562],[145.6941,15.10049],[145.68556,15.10248],[145.68214,15.11652],[145.68385,15.13129],[145.69581,15.16828],[145.69695,15.18256],[145.69646,15.19367],[145.69825,15.20319],[145.70582,15.21235],[145.71111,15.21552],[145.72999,15.22289],[145.73341,15.22769],[145.73406,15.23924],[145.73609,15.24339],[145.74838,15.24934],[145.77443,15.25739],[145.78785,15.26728]]]]}},{"type":"Feature","properties":{"iso_a2":"bh","iso_a3":"BHR","admin":"Bahrain","name":"Bahrain"},"geometry":{"type":"MultiPolygon","coordinates":[[[[50.55161,26.19424],[50.56528,25.78954],[50.55161,26.19424]]]]}},{"type":"Feature","properties":{"iso_a2":"au","iso_a3":"CSI","admin":"Coral Sea Islands","name":"Coral Sea Is."},"geometry":{"type":"Polygon","coordinates":[[[154.39129,-21.03004],[154.38852,-21.02907],[154.39129,-21.02874],[154.39129,-21.03004]]]}},{"type":"Feature","properties":{"iso_a2":"fr","iso_a3":"CLP","admin":"Clipperton Island","name":"Clipperton I."},"geometry":{"type":"Polygon","coordinates":[[[-109.21203,10.30268],[-109.21036,10.28872],[-109.21858,10.28156],[-109.22802,10.29214],[-109.23424,10.30793],[-109.22594,10.31102],[-109.21203,10.30268]]]}},{"type":"Feature","properties":{"iso_a2":"mo","iso_a3":"MAC","admin":"Macao S.A.R","name":"Macao"},"geometry":{"type":"MultiPolygon","coordinates":[[[[113.5586,22.16303],[113.56943,22.16075],[113.57407,22.16075],[113.57407,22.15611],[113.57179,22.1529],[113.56788,22.15058],[113.56324,22.15058],[113.56023,22.14155],[113.56764,22.13907],[113.57252,22.13731],[113.57797,22.13963],[113.57797,22.13809],[113.57488,22.13504],[113.57976,22.1319],[113.58595,22.13194],[113.58668,22.12954],[113.58749,22.12722],[113.58749,22.12486],[113.58595,22.12409],[113.58359,22.12332],[113.57749,22.12665],[113.57797,22.12092],[113.57407,22.11937],[113.57097,22.12014],[113.56674,22.12336],[113.56666,22.11738],[113.5652,22.11262],[113.56633,22.10769],[113.56324,22.10692],[113.55738,22.11115],[113.55226,22.10769],[113.55152,22.10615],[113.54916,22.10537],[113.5468,22.10537],[113.54371,22.10769],[113.54111,22.11327],[113.54526,22.11424],[113.54233,22.14073],[113.54225,22.14081],[113.53411,22.14879],[113.53224,22.15253],[113.53224,22.15262],[113.53443,22.1612],[113.54143,22.16234],[113.54298,22.1638],[113.55291,22.16584],[113.5586,22.16303]]]]}},{"type":"Feature","properties":{"iso_a2":"au","iso_a3":"ATC","admin":"Ashmore and Cartier Islands","name":"Ashmore and Cartier Is."},"geometry":{"type":"Polygon","coordinates":[[[123.59702,-12.42832],[123.59775,-12.43857],[123.57561,-12.43678],[123.57504,-12.42661],[123.59702,-12.42832]]]}}]}